dataset,dataset_label,sample_id,variant,variant_label,started,run_dir,predicted_count,gt_count,gt_count_mode,gt_interval_low,gt_interval_high,absolute_error,relative_error,exact_match,inside_gt_interval,within_1,within_2,within_3,within_5_pct,within_10_pct,gt_value,normalized_absolute_error_pct,signed_error
grid_scan_paper,Grid Scan Paper,Tile_r036_c026,E1_raw_vlm,VLM,2026-06-26T12:48:04.253574+00:00,/home/nielsbroekhuizen/projects/my-vscode-project/outputs/case_study_2/runs/Tile_r036_c026/20260626_124804,5,6,point,6,6,1,0.1667,False,False,True,True,True,False,False,6.0,16.666666666666664,-1
grid_scan_paper,Grid Scan Paper,Tile_r036_c026,E2_sam2_deterministic,SAM2 mask,2026-06-26T12:48:04.253574+00:00,/home/nielsbroekhuizen/projects/my-vscode-project/outputs/case_study_2/runs/Tile_r036_c026/20260626_124804,9,6,point,6,6,3,0.5,False,False,False,False,True,False,False,6.0,50.0,3
grid_scan_paper,Grid Scan Paper,Tile_r036_c026,E3_imggen_deterministic,ImgGen mask,2026-06-26T12:48:04.253574+00:00,/home/nielsbroekhuizen/projects/my-vscode-project/outputs/case_study_2/runs/Tile_r036_c026/20260626_124804,5,6,point,6,6,1,0.1667,False,False,True,True,True,False,False,6.0,16.666666666666664,-1
grid_scan_paper,Grid Scan Paper,Tile_r036_c026,E4_sam2_overlay_vlm,SAM2 overlay,2026-06-26T12:48:04.253574+00:00,/home/nielsbroekhuizen/projects/my-vscode-project/outputs/case_study_2/runs/Tile_r036_c026/20260626_124804,10,6,point,6,6,4,0.6667,False,False,False,False,False,False,False,6.0,66.66666666666666,4
grid_scan_paper,Grid Scan Paper,Tile_r036_c026,E5_imggen_overlay_vlm,ImgGen overlay,2026-06-26T12:48:04.253574+00:00,/home/nielsbroekhuizen/projects/my-vscode-project/outputs/case_study_2/runs/Tile_r036_c026/20260626_124804,7,6,point,6,6,1,0.1667,False,False,True,True,True,False,False,6.0,16.666666666666664,1
grid_scan_paper,Grid Scan Paper,Tile_r036_c026,E6_sam3_deterministic,SAM3 mask,2026-06-26T12:48:04.253574+00:00,/home/nielsbroekhuizen/projects/my-vscode-project/outputs/case_study_2/runs/Tile_r036_c026/20260626_124804,5,6,point,6,6,1,0.1667,False,False,True,True,True,False,False,6.0,16.666666666666664,-1
grid_scan_paper,Grid Scan Paper,Tile_r036_c026,E7_sam3_overlay_vlm,SAM3 overlay,2026-06-26T12:48:04.253574+00:00,/home/nielsbroekhuizen/projects/my-vscode-project/outputs/case_study_2/runs/Tile_r036_c026/20260626_124804,7,6,point,6,6,1,0.1667,False,False,True,True,True,False,False,6.0,16.666666666666664,1
grid_scan_paper,Grid Scan Paper,Tile_r036_c027,E1_raw_vlm,VLM,2026-06-26T12:53:00.484413+00:00,/home/nielsbroekhuizen/projects/my-vscode-project/outputs/case_study_2/runs/Tile_r036_c027/20260626_125300,1,1,point,1,1,0,0.0,True,True,True,True,True,True,True,1.0,0.0,0
grid_scan_paper,Grid Scan Paper,Tile_r036_c027,E2_sam2_deterministic,SAM2 mask,2026-06-26T12:53:00.484413+00:00,/home/nielsbroekhuizen/projects/my-vscode-project/outputs/case_study_2/runs/Tile_r036_c027/20260626_125300,2,1,point,1,1,1,1.0,False,False,True,True,True,False,False,1.0,100.0,1
grid_scan_paper,Grid Scan Paper,Tile_r036_c027,E3_imggen_deterministic,ImgGen mask,2026-06-26T12:53:00.484413+00:00,/home/nielsbroekhuizen/projects/my-vscode-project/outputs/case_study_2/runs/Tile_r036_c027/20260626_125300,1,1,point,1,1,0,0.0,True,True,True,True,True,True,True,1.0,0.0,0
grid_scan_paper,Grid Scan Paper,Tile_r036_c027,E4_sam2_overlay_vlm,SAM2 overlay,2026-06-26T12:53:00.484413+00:00,/home/nielsbroekhuizen/projects/my-vscode-project/outputs/case_study_2/runs/Tile_r036_c027/20260626_125300,2,1,point,1,1,1,1.0,False,False,True,True,True,False,False,1.0,100.0,1
grid_scan_paper,Grid Scan Paper,Tile_r036_c027,E5_imggen_overlay_vlm,ImgGen overlay,2026-06-26T12:53:00.484413+00:00,/home/nielsbroekhuizen/projects/my-vscode-project/outputs/case_study_2/runs/Tile_r036_c027/20260626_125300,2,1,point,1,1,1,1.0,False,False,True,True,True,False,False,1.0,100.0,1
grid_scan_paper,Grid Scan Paper,Tile_r036_c027,E6_sam3_deterministic,SAM3 mask,2026-06-26T12:53:00.484413+00:00,/home/nielsbroekhuizen/projects/my-vscode-project/outputs/case_study_2/runs/Tile_r036_c027/20260626_125300,0,1,point,1,1,1,1.0,False,False,True,True,True,False,False,1.0,100.0,-1
grid_scan_paper,Grid Scan Paper,Tile_r036_c027,E7_sam3_overlay_vlm,SAM3 overlay,2026-06-26T12:53:00.484413+00:00,/home/nielsbroekhuizen/projects/my-vscode-project/outputs/case_study_2/runs/Tile_r036_c027/20260626_125300,1,1,point,1,1,0,0.0,True,True,True,True,True,True,True,1.0,0.0,0
grid_scan_paper,Grid Scan Paper,Tile_r036_c031,E1_raw_vlm,VLM,2026-06-26T12:56:28.808251+00:00,/home/nielsbroekhuizen/projects/my-vscode-project/outputs/case_study_2/runs/Tile_r036_c031/20260626_125628,3,1,point,1,1,2,2.0,False,False,False,True,True,False,False,1.0,200.0,2
grid_scan_paper,Grid Scan Paper,Tile_r036_c031,E2_sam2_deterministic,SAM2 mask,2026-06-26T12:56:28.808251+00:00,/home/nielsbroekhuizen/projects/my-vscode-project/outputs/case_study_2/runs/Tile_r036_c031/20260626_125628,2,1,point,1,1,1,1.0,False,False,True,True,True,False,False,1.0,100.0,1
grid_scan_paper,Grid Scan Paper,Tile_r036_c031,E3_imggen_deterministic,ImgGen mask,2026-06-26T12:56:28.808251+00:00,/home/nielsbroekhuizen/projects/my-vscode-project/outputs/case_study_2/runs/Tile_r036_c031/20260626_125628,2,1,point,1,1,1,1.0,False,False,True,True,True,False,False,1.0,100.0,1
grid_scan_paper,Grid Scan Paper,Tile_r036_c031,E4_sam2_overlay_vlm,SAM2 overlay,2026-06-26T12:56:28.808251+00:00,/home/nielsbroekhuizen/projects/my-vscode-project/outputs/case_study_2/runs/Tile_r036_c031/20260626_125628,4,1,point,1,1,3,3.0,False,False,False,False,True,False,False,1.0,300.0,3
grid_scan_paper,Grid Scan Paper,Tile_r036_c031,E5_imggen_overlay_vlm,ImgGen overlay,2026-06-26T12:56:28.808251+00:00,/home/nielsbroekhuizen/projects/my-vscode-project/outputs/case_study_2/runs/Tile_r036_c031/20260626_125628,3,1,point,1,1,2,2.0,False,False,False,True,True,False,False,1.0,200.0,2
grid_scan_paper,Grid Scan Paper,Tile_r036_c031,E6_sam3_deterministic,SAM3 mask,2026-06-26T12:56:28.808251+00:00,/home/nielsbroekhuizen/projects/my-vscode-project/outputs/case_study_2/runs/Tile_r036_c031/20260626_125628,2,1,point,1,1,1,1.0,False,False,True,True,True,False,False,1.0,100.0,1
grid_scan_paper,Grid Scan Paper,Tile_r036_c031,E7_sam3_overlay_vlm,SAM3 overlay,2026-06-26T12:56:28.808251+00:00,/home/nielsbroekhuizen/projects/my-vscode-project/outputs/case_study_2/runs/Tile_r036_c031/20260626_125628,3,1,point,1,1,2,2.0,False,False,False,True,True,False,False,1.0,200.0,2
grid_scan_paper,Grid Scan Paper,Tile_r036_c040,E1_raw_vlm,VLM,2026-06-26T12:59:31.111463+00:00,/home/nielsbroekhuizen/projects/my-vscode-project/outputs/case_study_2/runs/Tile_r036_c040/20260626_125931,2,2,point,2,2,0,0.0,True,True,True,True,True,True,True,2.0,0.0,0
grid_scan_paper,Grid Scan Paper,Tile_r036_c040,E2_sam2_deterministic,SAM2 mask,2026-06-26T12:59:31.111463+00:00,/home/nielsbroekhuizen/projects/my-vscode-project/outputs/case_study_2/runs/Tile_r036_c040/20260626_125931,2,2,point,2,2,0,0.0,True,True,True,True,True,True,True,2.0,0.0,0
grid_scan_paper,Grid Scan Paper,Tile_r036_c040,E3_imggen_deterministic,ImgGen mask,2026-06-26T12:59:31.111463+00:00,/home/nielsbroekhuizen/projects/my-vscode-project/outputs/case_study_2/runs/Tile_r036_c040/20260626_125931,2,2,point,2,2,0,0.0,True,True,True,True,True,True,True,2.0,0.0,0
grid_scan_paper,Grid Scan Paper,Tile_r036_c040,E4_sam2_overlay_vlm,SAM2 overlay,2026-06-26T12:59:31.111463+00:00,/home/nielsbroekhuizen/projects/my-vscode-project/outputs/case_study_2/runs/Tile_r036_c040/20260626_125931,5,2,point,2,2,3,1.5,False,False,False,False,True,False,False,2.0,150.0,3
grid_scan_paper,Grid Scan Paper,Tile_r036_c040,E5_imggen_overlay_vlm,ImgGen overlay,2026-06-26T12:59:31.111463+00:00,/home/nielsbroekhuizen/projects/my-vscode-project/outputs/case_study_2/runs/Tile_r036_c040/20260626_125931,3,2,point,2,2,1,0.5,False,False,True,True,True,False,False,2.0,50.0,1
grid_scan_paper,Grid Scan Paper,Tile_r036_c040,E6_sam3_deterministic,SAM3 mask,2026-06-26T12:59:31.111463+00:00,/home/nielsbroekhuizen/projects/my-vscode-project/outputs/case_study_2/runs/Tile_r036_c040/20260626_125931,2,2,point,2,2,0,0.0,True,True,True,True,True,True,True,2.0,0.0,0
grid_scan_paper,Grid Scan Paper,Tile_r036_c040,E7_sam3_overlay_vlm,SAM3 overlay,2026-06-26T12:59:31.111463+00:00,/home/nielsbroekhuizen/projects/my-vscode-project/outputs/case_study_2/runs/Tile_r036_c040/20260626_125931,2,2,point,2,2,0,0.0,True,True,True,True,True,True,True,2.0,0.0,0
grid_scan_paper,Grid Scan Paper,Tile_r036_c041,E1_raw_vlm,VLM,2026-06-26T13:02:43.057240+00:00,/home/nielsbroekhuizen/projects/my-vscode-project/outputs/case_study_2/runs/Tile_r036_c041/20260626_130243,2,4,point,4,4,2,0.5,False,False,False,True,True,False,False,4.0,50.0,-2
grid_scan_paper,Grid Scan Paper,Tile_r036_c041,E2_sam2_deterministic,SAM2 mask,2026-06-26T13:02:43.057240+00:00,/home/nielsbroekhuizen/projects/my-vscode-project/outputs/case_study_2/runs/Tile_r036_c041/20260626_130243,2,4,point,4,4,2,0.5,False,False,False,True,True,False,False,4.0,50.0,-2
grid_scan_paper,Grid Scan Paper,Tile_r036_c041,E3_imggen_deterministic,ImgGen mask,2026-06-26T13:02:43.057240+00:00,/home/nielsbroekhuizen/projects/my-vscode-project/outputs/case_study_2/runs/Tile_r036_c041/20260626_130243,2,4,point,4,4,2,0.5,False,False,False,True,True,False,False,4.0,50.0,-2
grid_scan_paper,Grid Scan Paper,Tile_r036_c041,E4_sam2_overlay_vlm,SAM2 overlay,2026-06-26T13:02:43.057240+00:00,/home/nielsbroekhuizen/projects/my-vscode-project/outputs/case_study_2/runs/Tile_r036_c041/20260626_130243,5,4,point,4,4,1,0.25,False,False,True,True,True,False,False,4.0,25.0,1
grid_scan_paper,Grid Scan Paper,Tile_r036_c041,E5_imggen_overlay_vlm,ImgGen overlay,2026-06-26T13:02:43.057240+00:00,/home/nielsbroekhuizen/projects/my-vscode-project/outputs/case_study_2/runs/Tile_r036_c041/20260626_130243,3,4,point,4,4,1,0.25,False,False,True,True,True,False,False,4.0,25.0,-1
grid_scan_paper,Grid Scan Paper,Tile_r036_c041,E6_sam3_deterministic,SAM3 mask,2026-06-26T13:02:43.057240+00:00,/home/nielsbroekhuizen/projects/my-vscode-project/outputs/case_study_2/runs/Tile_r036_c041/20260626_130243,1,4,point,4,4,3,0.75,False,False,False,False,True,False,False,4.0,75.0,-3
grid_scan_paper,Grid Scan Paper,Tile_r036_c041,E7_sam3_overlay_vlm,SAM3 overlay,2026-06-26T13:02:43.057240+00:00,/home/nielsbroekhuizen/projects/my-vscode-project/outputs/case_study_2/runs/Tile_r036_c041/20260626_130243,3,4,point,4,4,1,0.25,False,False,True,True,True,False,False,4.0,25.0,-1
grid_scan_paper,Grid Scan Paper,Tile_r036_c042,E1_raw_vlm,VLM,2026-06-26T13:07:02.996365+00:00,/home/nielsbroekhuizen/projects/my-vscode-project/outputs/case_study_2/runs/Tile_r036_c042/20260626_130702,1,1,point,1,1,0,0.0,True,True,True,True,True,True,True,1.0,0.0,0
grid_scan_paper,Grid Scan Paper,Tile_r036_c042,E2_sam2_deterministic,SAM2 mask,2026-06-26T13:07:02.996365+00:00,/home/nielsbroekhuizen/projects/my-vscode-project/outputs/case_study_2/runs/Tile_r036_c042/20260626_130702,3,1,point,1,1,2,2.0,False,False,False,True,True,False,False,1.0,200.0,2
grid_scan_paper,Grid Scan Paper,Tile_r036_c042,E3_imggen_deterministic,ImgGen mask,2026-06-26T13:07:02.996365+00:00,/home/nielsbroekhuizen/projects/my-vscode-project/outputs/case_study_2/runs/Tile_r036_c042/20260626_130702,3,1,point,1,1,2,2.0,False,False,False,True,True,False,False,1.0,200.0,2
grid_scan_paper,Grid Scan Paper,Tile_r036_c042,E4_sam2_overlay_vlm,SAM2 overlay,2026-06-26T13:07:02.996365+00:00,/home/nielsbroekhuizen/projects/my-vscode-project/outputs/case_study_2/runs/Tile_r036_c042/20260626_130702,3,1,point,1,1,2,2.0,False,False,False,True,True,False,False,1.0,200.0,2
grid_scan_paper,Grid Scan Paper,Tile_r036_c042,E5_imggen_overlay_vlm,ImgGen overlay,2026-06-26T13:07:02.996365+00:00,/home/nielsbroekhuizen/projects/my-vscode-project/outputs/case_study_2/runs/Tile_r036_c042/20260626_130702,13,1,point,1,1,12,12.0,False,False,False,False,False,False,False,1.0,1200.0,12
grid_scan_paper,Grid Scan Paper,Tile_r036_c042,E6_sam3_deterministic,SAM3 mask,2026-06-26T13:07:02.996365+00:00,/home/nielsbroekhuizen/projects/my-vscode-project/outputs/case_study_2/runs/Tile_r036_c042/20260626_130702,0,1,point,1,1,1,1.0,False,False,True,True,True,False,False,1.0,100.0,-1
grid_scan_paper,Grid Scan Paper,Tile_r036_c042,E7_sam3_overlay_vlm,SAM3 overlay,2026-06-26T13:07:02.996365+00:00,/home/nielsbroekhuizen/projects/my-vscode-project/outputs/case_study_2/runs/Tile_r036_c042/20260626_130702,1,1,point,1,1,0,0.0,True,True,True,True,True,True,True,1.0,0.0,0
grid_scan_paper,Grid Scan Paper,Tile_r036_c044,E1_raw_vlm,VLM,2026-06-26T13:10:32.353606+00:00,/home/nielsbroekhuizen/projects/my-vscode-project/outputs/case_study_2/runs/Tile_r036_c044/20260626_131032,5,7,point,7,7,2,0.2857,False,False,False,True,True,False,False,7.0,28.57142857142857,-2
grid_scan_paper,Grid Scan Paper,Tile_r036_c044,E2_sam2_deterministic,SAM2 mask,2026-06-26T13:10:32.353606+00:00,/home/nielsbroekhuizen/projects/my-vscode-project/outputs/case_study_2/runs/Tile_r036_c044/20260626_131032,4,7,point,7,7,3,0.4286,False,False,False,False,True,False,False,7.0,42.857142857142854,-3
grid_scan_paper,Grid Scan Paper,Tile_r036_c044,E3_imggen_deterministic,ImgGen mask,2026-06-26T13:10:32.353606+00:00,/home/nielsbroekhuizen/projects/my-vscode-project/outputs/case_study_2/runs/Tile_r036_c044/20260626_131032,6,7,point,7,7,1,0.1429,False,False,True,True,True,False,False,7.0,14.285714285714285,-1
grid_scan_paper,Grid Scan Paper,Tile_r036_c044,E4_sam2_overlay_vlm,SAM2 overlay,2026-06-26T13:10:32.353606+00:00,/home/nielsbroekhuizen/projects/my-vscode-project/outputs/case_study_2/runs/Tile_r036_c044/20260626_131032,6,7,point,7,7,1,0.1429,False,False,True,True,True,False,False,7.0,14.285714285714285,-1
grid_scan_paper,Grid Scan Paper,Tile_r036_c044,E5_imggen_overlay_vlm,ImgGen overlay,2026-06-26T13:10:32.353606+00:00,/home/nielsbroekhuizen/projects/my-vscode-project/outputs/case_study_2/runs/Tile_r036_c044/20260626_131032,7,7,point,7,7,0,0.0,True,True,True,True,True,True,True,7.0,0.0,0
grid_scan_paper,Grid Scan Paper,Tile_r036_c044,E6_sam3_deterministic,SAM3 mask,2026-06-26T13:10:32.353606+00:00,/home/nielsbroekhuizen/projects/my-vscode-project/outputs/case_study_2/runs/Tile_r036_c044/20260626_131032,0,7,point,7,7,7,1.0,False,False,False,False,False,False,False,7.0,100.0,-7
grid_scan_paper,Grid Scan Paper,Tile_r036_c044,E7_sam3_overlay_vlm,SAM3 overlay,2026-06-26T13:10:32.353606+00:00,/home/nielsbroekhuizen/projects/my-vscode-project/outputs/case_study_2/runs/Tile_r036_c044/20260626_131032,1,7,point,7,7,6,0.8571,False,False,False,False,False,False,False,7.0,85.71428571428571,-6
grid_scan_paper,Grid Scan Paper,Tile_r036_c047,E1_raw_vlm,VLM,2026-06-26T13:14:43.803728+00:00,/home/nielsbroekhuizen/projects/my-vscode-project/outputs/case_study_2/runs/Tile_r036_c047/20260626_131443,2,2,point,2,2,0,0.0,True,True,True,True,True,True,True,2.0,0.0,0
grid_scan_paper,Grid Scan Paper,Tile_r036_c047,E2_sam2_deterministic,SAM2 mask,2026-06-26T13:14:43.803728+00:00,/home/nielsbroekhuizen/projects/my-vscode-project/outputs/case_study_2/runs/Tile_r036_c047/20260626_131443,1,2,point,2,2,1,0.5,False,False,True,True,True,False,False,2.0,50.0,-1
grid_scan_paper,Grid Scan Paper,Tile_r036_c047,E3_imggen_deterministic,ImgGen mask,2026-06-26T13:14:43.803728+00:00,/home/nielsbroekhuizen/projects/my-vscode-project/outputs/case_study_2/runs/Tile_r036_c047/20260626_131443,1,2,point,2,2,1,0.5,False,False,True,True,True,False,False,2.0,50.0,-1
grid_scan_paper,Grid Scan Paper,Tile_r036_c047,E4_sam2_overlay_vlm,SAM2 overlay,2026-06-26T13:14:43.803728+00:00,/home/nielsbroekhuizen/projects/my-vscode-project/outputs/case_study_2/runs/Tile_r036_c047/20260626_131443,4,2,point,2,2,2,1.0,False,False,False,True,True,False,False,2.0,100.0,2
grid_scan_paper,Grid Scan Paper,Tile_r036_c047,E5_imggen_overlay_vlm,ImgGen overlay,2026-06-26T13:14:43.803728+00:00,/home/nielsbroekhuizen/projects/my-vscode-project/outputs/case_study_2/runs/Tile_r036_c047/20260626_131443,2,2,point,2,2,0,0.0,True,True,True,True,True,True,True,2.0,0.0,0
grid_scan_paper,Grid Scan Paper,Tile_r036_c047,E6_sam3_deterministic,SAM3 mask,2026-06-26T13:14:43.803728+00:00,/home/nielsbroekhuizen/projects/my-vscode-project/outputs/case_study_2/runs/Tile_r036_c047/20260626_131443,0,2,point,2,2,2,1.0,False,False,False,True,True,False,False,2.0,100.0,-2
grid_scan_paper,Grid Scan Paper,Tile_r036_c047,E7_sam3_overlay_vlm,SAM3 overlay,2026-06-26T13:14:43.803728+00:00,/home/nielsbroekhuizen/projects/my-vscode-project/outputs/case_study_2/runs/Tile_r036_c047/20260626_131443,1,2,point,2,2,1,0.5,False,False,True,True,True,False,False,2.0,50.0,-1
grid_scan_paper,Grid Scan Paper,Tile_r036_c048,E1_raw_vlm,VLM,2026-06-26T13:18:08.785170+00:00,/home/nielsbroekhuizen/projects/my-vscode-project/outputs/case_study_2/runs/Tile_r036_c048/20260626_131808,1,1,point,1,1,0,0.0,True,True,True,True,True,True,True,1.0,0.0,0
grid_scan_paper,Grid Scan Paper,Tile_r036_c048,E2_sam2_deterministic,SAM2 mask,2026-06-26T13:18:08.785170+00:00,/home/nielsbroekhuizen/projects/my-vscode-project/outputs/case_study_2/runs/Tile_r036_c048/20260626_131808,2,1,point,1,1,1,1.0,False,False,True,True,True,False,False,1.0,100.0,1
grid_scan_paper,Grid Scan Paper,Tile_r036_c048,E3_imggen_deterministic,ImgGen mask,2026-06-26T13:18:08.785170+00:00,/home/nielsbroekhuizen/projects/my-vscode-project/outputs/case_study_2/runs/Tile_r036_c048/20260626_131808,1,1,point,1,1,0,0.0,True,True,True,True,True,True,True,1.0,0.0,0
grid_scan_paper,Grid Scan Paper,Tile_r036_c048,E4_sam2_overlay_vlm,SAM2 overlay,2026-06-26T13:18:08.785170+00:00,/home/nielsbroekhuizen/projects/my-vscode-project/outputs/case_study_2/runs/Tile_r036_c048/20260626_131808,2,1,point,1,1,1,1.0,False,False,True,True,True,False,False,1.0,100.0,1
grid_scan_paper,Grid Scan Paper,Tile_r036_c048,E5_imggen_overlay_vlm,ImgGen overlay,2026-06-26T13:18:08.785170+00:00,/home/nielsbroekhuizen/projects/my-vscode-project/outputs/case_study_2/runs/Tile_r036_c048/20260626_131808,2,1,point,1,1,1,1.0,False,False,True,True,True,False,False,1.0,100.0,1
grid_scan_paper,Grid Scan Paper,Tile_r036_c048,E6_sam3_deterministic,SAM3 mask,2026-06-26T13:18:08.785170+00:00,/home/nielsbroekhuizen/projects/my-vscode-project/outputs/case_study_2/runs/Tile_r036_c048/20260626_131808,0,1,point,1,1,1,1.0,False,False,True,True,True,False,False,1.0,100.0,-1
grid_scan_paper,Grid Scan Paper,Tile_r036_c048,E7_sam3_overlay_vlm,SAM3 overlay,2026-06-26T13:18:08.785170+00:00,/home/nielsbroekhuizen/projects/my-vscode-project/outputs/case_study_2/runs/Tile_r036_c048/20260626_131808,1,1,point,1,1,0,0.0,True,True,True,True,True,True,True,1.0,0.0,0
grid_scan_paper,Grid Scan Paper,Tile_r036_c049,E1_raw_vlm,VLM,2026-06-26T13:21:28.620262+00:00,/home/nielsbroekhuizen/projects/my-vscode-project/outputs/case_study_2/runs/Tile_r036_c049/20260626_132128,6,5,point,5,5,1,0.2,False,False,True,True,True,False,False,5.0,20.0,1
grid_scan_paper,Grid Scan Paper,Tile_r036_c049,E2_sam2_deterministic,SAM2 mask,2026-06-26T13:21:28.620262+00:00,/home/nielsbroekhuizen/projects/my-vscode-project/outputs/case_study_2/runs/Tile_r036_c049/20260626_132128,1,5,point,5,5,4,0.8,False,False,False,False,False,False,False,5.0,80.0,-4
grid_scan_paper,Grid Scan Paper,Tile_r036_c049,E3_imggen_deterministic,ImgGen mask,2026-06-26T13:21:28.620262+00:00,/home/nielsbroekhuizen/projects/my-vscode-project/outputs/case_study_2/runs/Tile_r036_c049/20260626_132128,6,5,point,5,5,1,0.2,False,False,True,True,True,False,False,5.0,20.0,1
grid_scan_paper,Grid Scan Paper,Tile_r036_c049,E4_sam2_overlay_vlm,SAM2 overlay,2026-06-26T13:21:28.620262+00:00,/home/nielsbroekhuizen/projects/my-vscode-project/outputs/case_study_2/runs/Tile_r036_c049/20260626_132128,12,5,point,5,5,7,1.4,False,False,False,False,False,False,False,5.0,140.0,7
grid_scan_paper,Grid Scan Paper,Tile_r036_c049,E5_imggen_overlay_vlm,ImgGen overlay,2026-06-26T13:21:28.620262+00:00,/home/nielsbroekhuizen/projects/my-vscode-project/outputs/case_study_2/runs/Tile_r036_c049/20260626_132128,7,5,point,5,5,2,0.4,False,False,False,True,True,False,False,5.0,40.0,2
grid_scan_paper,Grid Scan Paper,Tile_r036_c049,E6_sam3_deterministic,SAM3 mask,2026-06-26T13:21:28.620262+00:00,/home/nielsbroekhuizen/projects/my-vscode-project/outputs/case_study_2/runs/Tile_r036_c049/20260626_132128,6,5,point,5,5,1,0.2,False,False,True,True,True,False,False,5.0,20.0,1
grid_scan_paper,Grid Scan Paper,Tile_r036_c049,E7_sam3_overlay_vlm,SAM3 overlay,2026-06-26T13:21:28.620262+00:00,/home/nielsbroekhuizen/projects/my-vscode-project/outputs/case_study_2/runs/Tile_r036_c049/20260626_132128,7,5,point,5,5,2,0.4,False,False,False,True,True,False,False,5.0,40.0,2
grid_scan_paper,Grid Scan Paper,Tile_r037_c026,E1_raw_vlm,VLM,2026-06-26T13:25:47.160253+00:00,/home/nielsbroekhuizen/projects/my-vscode-project/outputs/case_study_2/runs/Tile_r037_c026/20260626_132547,2,3,point,3,3,1,0.3333,False,False,True,True,True,False,False,3.0,33.33333333333333,-1
grid_scan_paper,Grid Scan Paper,Tile_r037_c026,E2_sam2_deterministic,SAM2 mask,2026-06-26T13:25:47.160253+00:00,/home/nielsbroekhuizen/projects/my-vscode-project/outputs/case_study_2/runs/Tile_r037_c026/20260626_132547,1,3,point,3,3,2,0.6667,False,False,False,True,True,False,False,3.0,66.66666666666666,-2
grid_scan_paper,Grid Scan Paper,Tile_r037_c026,E3_imggen_deterministic,ImgGen mask,2026-06-26T13:25:47.160253+00:00,/home/nielsbroekhuizen/projects/my-vscode-project/outputs/case_study_2/runs/Tile_r037_c026/20260626_132547,2,3,point,3,3,1,0.3333,False,False,True,True,True,False,False,3.0,33.33333333333333,-1
grid_scan_paper,Grid Scan Paper,Tile_r037_c026,E4_sam2_overlay_vlm,SAM2 overlay,2026-06-26T13:25:47.160253+00:00,/home/nielsbroekhuizen/projects/my-vscode-project/outputs/case_study_2/runs/Tile_r037_c026/20260626_132547,5,3,point,3,3,2,0.6667,False,False,False,True,True,False,False,3.0,66.66666666666666,2
grid_scan_paper,Grid Scan Paper,Tile_r037_c026,E5_imggen_overlay_vlm,ImgGen overlay,2026-06-26T13:25:47.160253+00:00,/home/nielsbroekhuizen/projects/my-vscode-project/outputs/case_study_2/runs/Tile_r037_c026/20260626_132547,2,3,point,3,3,1,0.3333,False,False,True,True,True,False,False,3.0,33.33333333333333,-1
grid_scan_paper,Grid Scan Paper,Tile_r037_c026,E6_sam3_deterministic,SAM3 mask,2026-06-26T13:25:47.160253+00:00,/home/nielsbroekhuizen/projects/my-vscode-project/outputs/case_study_2/runs/Tile_r037_c026/20260626_132547,1,3,point,3,3,2,0.6667,False,False,False,True,True,False,False,3.0,66.66666666666666,-2
grid_scan_paper,Grid Scan Paper,Tile_r037_c026,E7_sam3_overlay_vlm,SAM3 overlay,2026-06-26T13:25:47.160253+00:00,/home/nielsbroekhuizen/projects/my-vscode-project/outputs/case_study_2/runs/Tile_r037_c026/20260626_132547,1,3,point,3,3,2,0.6667,False,False,False,True,True,False,False,3.0,66.66666666666666,-2
grid_scan_paper,Grid Scan Paper,Tile_r037_c028,E1_raw_vlm,VLM,2026-06-26T13:29:22.266417+00:00,/home/nielsbroekhuizen/projects/my-vscode-project/outputs/case_study_2/runs/Tile_r037_c028/20260626_132922,3,3,point,3,3,0,0.0,True,True,True,True,True,True,True,3.0,0.0,0
grid_scan_paper,Grid Scan Paper,Tile_r037_c028,E2_sam2_deterministic,SAM2 mask,2026-06-26T13:29:22.266417+00:00,/home/nielsbroekhuizen/projects/my-vscode-project/outputs/case_study_2/runs/Tile_r037_c028/20260626_132922,1,3,point,3,3,2,0.6667,False,False,False,True,True,False,False,3.0,66.66666666666666,-2
grid_scan_paper,Grid Scan Paper,Tile_r037_c028,E3_imggen_deterministic,ImgGen mask,2026-06-26T13:29:22.266417+00:00,/home/nielsbroekhuizen/projects/my-vscode-project/outputs/case_study_2/runs/Tile_r037_c028/20260626_132922,3,3,point,3,3,0,0.0,True,True,True,True,True,True,True,3.0,0.0,0
grid_scan_paper,Grid Scan Paper,Tile_r037_c028,E4_sam2_overlay_vlm,SAM2 overlay,2026-06-26T13:29:22.266417+00:00,/home/nielsbroekhuizen/projects/my-vscode-project/outputs/case_study_2/runs/Tile_r037_c028/20260626_132922,6,3,point,3,3,3,1.0,False,False,False,False,True,False,False,3.0,100.0,3
grid_scan_paper,Grid Scan Paper,Tile_r037_c028,E5_imggen_overlay_vlm,ImgGen overlay,2026-06-26T13:29:22.266417+00:00,/home/nielsbroekhuizen/projects/my-vscode-project/outputs/case_study_2/runs/Tile_r037_c028/20260626_132922,4,3,point,3,3,1,0.3333,False,False,True,True,True,False,False,3.0,33.33333333333333,1
grid_scan_paper,Grid Scan Paper,Tile_r037_c028,E6_sam3_deterministic,SAM3 mask,2026-06-26T13:29:22.266417+00:00,/home/nielsbroekhuizen/projects/my-vscode-project/outputs/case_study_2/runs/Tile_r037_c028/20260626_132922,0,3,point,3,3,3,1.0,False,False,False,False,True,False,False,3.0,100.0,-3
grid_scan_paper,Grid Scan Paper,Tile_r037_c028,E7_sam3_overlay_vlm,SAM3 overlay,2026-06-26T13:29:22.266417+00:00,/home/nielsbroekhuizen/projects/my-vscode-project/outputs/case_study_2/runs/Tile_r037_c028/20260626_132922,1,3,point,3,3,2,0.6667,False,False,False,True,True,False,False,3.0,66.66666666666666,-2
grid_scan_paper,Grid Scan Paper,Tile_r037_c032,E1_raw_vlm,VLM,2026-06-26T13:33:06.953051+00:00,/home/nielsbroekhuizen/projects/my-vscode-project/outputs/case_study_2/runs/Tile_r037_c032/20260626_133306,1,1,point,1,1,0,0.0,True,True,True,True,True,True,True,1.0,0.0,0
grid_scan_paper,Grid Scan Paper,Tile_r037_c032,E2_sam2_deterministic,SAM2 mask,2026-06-26T13:33:06.953051+00:00,/home/nielsbroekhuizen/projects/my-vscode-project/outputs/case_study_2/runs/Tile_r037_c032/20260626_133306,5,1,point,1,1,4,4.0,False,False,False,False,False,False,False,1.0,400.0,4
grid_scan_paper,Grid Scan Paper,Tile_r037_c032,E3_imggen_deterministic,ImgGen mask,2026-06-26T13:33:06.953051+00:00,/home/nielsbroekhuizen/projects/my-vscode-project/outputs/case_study_2/runs/Tile_r037_c032/20260626_133306,4,1,point,1,1,3,3.0,False,False,False,False,True,False,False,1.0,300.0,3
grid_scan_paper,Grid Scan Paper,Tile_r037_c032,E4_sam2_overlay_vlm,SAM2 overlay,2026-06-26T13:33:06.953051+00:00,/home/nielsbroekhuizen/projects/my-vscode-project/outputs/case_study_2/runs/Tile_r037_c032/20260626_133306,4,1,point,1,1,3,3.0,False,False,False,False,True,False,False,1.0,300.0,3
grid_scan_paper,Grid Scan Paper,Tile_r037_c032,E5_imggen_overlay_vlm,ImgGen overlay,2026-06-26T13:33:06.953051+00:00,/home/nielsbroekhuizen/projects/my-vscode-project/outputs/case_study_2/runs/Tile_r037_c032/20260626_133306,26,1,point,1,1,25,25.0,False,False,False,False,False,False,False,1.0,2500.0,25
grid_scan_paper,Grid Scan Paper,Tile_r037_c032,E6_sam3_deterministic,SAM3 mask,2026-06-26T13:33:06.953051+00:00,/home/nielsbroekhuizen/projects/my-vscode-project/outputs/case_study_2/runs/Tile_r037_c032/20260626_133306,0,1,point,1,1,1,1.0,False,False,True,True,True,False,False,1.0,100.0,-1
grid_scan_paper,Grid Scan Paper,Tile_r037_c032,E7_sam3_overlay_vlm,SAM3 overlay,2026-06-26T13:33:06.953051+00:00,/home/nielsbroekhuizen/projects/my-vscode-project/outputs/case_study_2/runs/Tile_r037_c032/20260626_133306,1,1,point,1,1,0,0.0,True,True,True,True,True,True,True,1.0,0.0,0
grid_scan_paper,Grid Scan Paper,Tile_r037_c037,E1_raw_vlm,VLM,2026-06-26T13:38:21.001884+00:00,/home/nielsbroekhuizen/projects/my-vscode-project/outputs/case_study_2/runs/Tile_r037_c037/20260626_133821,3,7,point,7,7,4,0.5714,False,False,False,False,False,False,False,7.0,57.14285714285714,-4
grid_scan_paper,Grid Scan Paper,Tile_r037_c037,E2_sam2_deterministic,SAM2 mask,2026-06-26T13:38:21.001884+00:00,/home/nielsbroekhuizen/projects/my-vscode-project/outputs/case_study_2/runs/Tile_r037_c037/20260626_133821,9,7,point,7,7,2,0.2857,False,False,False,True,True,False,False,7.0,28.57142857142857,2
grid_scan_paper,Grid Scan Paper,Tile_r037_c037,E3_imggen_deterministic,ImgGen mask,2026-06-26T13:38:21.001884+00:00,/home/nielsbroekhuizen/projects/my-vscode-project/outputs/case_study_2/runs/Tile_r037_c037/20260626_133821,3,7,point,7,7,4,0.5714,False,False,False,False,False,False,False,7.0,57.14285714285714,-4
grid_scan_paper,Grid Scan Paper,Tile_r037_c037,E4_sam2_overlay_vlm,SAM2 overlay,2026-06-26T13:38:21.001884+00:00,/home/nielsbroekhuizen/projects/my-vscode-project/outputs/case_study_2/runs/Tile_r037_c037/20260626_133821,4,7,point,7,7,3,0.4286,False,False,False,False,True,False,False,7.0,42.857142857142854,-3
grid_scan_paper,Grid Scan Paper,Tile_r037_c037,E5_imggen_overlay_vlm,ImgGen overlay,2026-06-26T13:38:21.001884+00:00,/home/nielsbroekhuizen/projects/my-vscode-project/outputs/case_study_2/runs/Tile_r037_c037/20260626_133821,4,7,point,7,7,3,0.4286,False,False,False,False,True,False,False,7.0,42.857142857142854,-3
grid_scan_paper,Grid Scan Paper,Tile_r037_c037,E6_sam3_deterministic,SAM3 mask,2026-06-26T13:38:21.001884+00:00,/home/nielsbroekhuizen/projects/my-vscode-project/outputs/case_study_2/runs/Tile_r037_c037/20260626_133821,1,7,point,7,7,6,0.8571,False,False,False,False,False,False,False,7.0,85.71428571428571,-6
grid_scan_paper,Grid Scan Paper,Tile_r037_c037,E7_sam3_overlay_vlm,SAM3 overlay,2026-06-26T13:38:21.001884+00:00,/home/nielsbroekhuizen/projects/my-vscode-project/outputs/case_study_2/runs/Tile_r037_c037/20260626_133821,2,7,point,7,7,5,0.7143,False,False,False,False,False,False,False,7.0,71.42857142857143,-5
grid_scan_paper,Grid Scan Paper,Tile_r037_c044,E1_raw_vlm,VLM,2026-06-26T13:42:43.595975+00:00,/home/nielsbroekhuizen/projects/my-vscode-project/outputs/case_study_2/runs/Tile_r037_c044/20260626_134243,19,18,point,18,18,1,0.0556,False,False,True,True,True,False,True,18.0,5.555555555555555,1
grid_scan_paper,Grid Scan Paper,Tile_r037_c044,E2_sam2_deterministic,SAM2 mask,2026-06-26T13:42:43.595975+00:00,/home/nielsbroekhuizen/projects/my-vscode-project/outputs/case_study_2/runs/Tile_r037_c044/20260626_134243,13,18,point,18,18,5,0.2778,False,False,False,False,False,False,False,18.0,27.77777777777778,-5
grid_scan_paper,Grid Scan Paper,Tile_r037_c044,E3_imggen_deterministic,ImgGen mask,2026-06-26T13:42:43.595975+00:00,/home/nielsbroekhuizen/projects/my-vscode-project/outputs/case_study_2/runs/Tile_r037_c044/20260626_134243,15,18,point,18,18,3,0.1667,False,False,False,False,True,False,False,18.0,16.666666666666664,-3
grid_scan_paper,Grid Scan Paper,Tile_r037_c044,E4_sam2_overlay_vlm,SAM2 overlay,2026-06-26T13:42:43.595975+00:00,/home/nielsbroekhuizen/projects/my-vscode-project/outputs/case_study_2/runs/Tile_r037_c044/20260626_134243,30,18,point,18,18,12,0.6667,False,False,False,False,False,False,False,18.0,66.66666666666666,12
grid_scan_paper,Grid Scan Paper,Tile_r037_c044,E5_imggen_overlay_vlm,ImgGen overlay,2026-06-26T13:42:43.595975+00:00,/home/nielsbroekhuizen/projects/my-vscode-project/outputs/case_study_2/runs/Tile_r037_c044/20260626_134243,28,18,point,18,18,10,0.5556,False,False,False,False,False,False,False,18.0,55.55555555555556,10
grid_scan_paper,Grid Scan Paper,Tile_r037_c044,E6_sam3_deterministic,SAM3 mask,2026-06-26T13:42:43.595975+00:00,/home/nielsbroekhuizen/projects/my-vscode-project/outputs/case_study_2/runs/Tile_r037_c044/20260626_134243,17,18,point,18,18,1,0.0556,False,False,True,True,True,False,True,18.0,5.555555555555555,-1
grid_scan_paper,Grid Scan Paper,Tile_r037_c044,E7_sam3_overlay_vlm,SAM3 overlay,2026-06-26T13:42:43.595975+00:00,/home/nielsbroekhuizen/projects/my-vscode-project/outputs/case_study_2/runs/Tile_r037_c044/20260626_134243,15,18,point,18,18,3,0.1667,False,False,False,False,True,False,False,18.0,16.666666666666664,-3
grid_scan_paper,Grid Scan Paper,Tile_r037_c046,E1_raw_vlm,VLM,2026-06-26T13:53:45.552472+00:00,/home/nielsbroekhuizen/projects/my-vscode-project/outputs/case_study_2/runs/Tile_r037_c046/20260626_135345,3,8,point,8,8,5,0.625,False,False,False,False,False,False,False,8.0,62.5,-5
grid_scan_paper,Grid Scan Paper,Tile_r037_c046,E2_sam2_deterministic,SAM2 mask,2026-06-26T13:53:45.552472+00:00,/home/nielsbroekhuizen/projects/my-vscode-project/outputs/case_study_2/runs/Tile_r037_c046/20260626_135345,8,8,point,8,8,0,0.0,True,True,True,True,True,True,True,8.0,0.0,0
grid_scan_paper,Grid Scan Paper,Tile_r037_c046,E3_imggen_deterministic,ImgGen mask,2026-06-26T13:53:45.552472+00:00,/home/nielsbroekhuizen/projects/my-vscode-project/outputs/case_study_2/runs/Tile_r037_c046/20260626_135345,5,8,point,8,8,3,0.375,False,False,False,False,True,False,False,8.0,37.5,-3
grid_scan_paper,Grid Scan Paper,Tile_r037_c046,E4_sam2_overlay_vlm,SAM2 overlay,2026-06-26T13:53:45.552472+00:00,/home/nielsbroekhuizen/projects/my-vscode-project/outputs/case_study_2/runs/Tile_r037_c046/20260626_135345,18,8,point,8,8,10,1.25,False,False,False,False,False,False,False,8.0,125.0,10
grid_scan_paper,Grid Scan Paper,Tile_r037_c046,E5_imggen_overlay_vlm,ImgGen overlay,2026-06-26T13:53:45.552472+00:00,/home/nielsbroekhuizen/projects/my-vscode-project/outputs/case_study_2/runs/Tile_r037_c046/20260626_135345,4,8,point,8,8,4,0.5,False,False,False,False,False,False,False,8.0,50.0,-4
grid_scan_paper,Grid Scan Paper,Tile_r037_c046,E6_sam3_deterministic,SAM3 mask,2026-06-26T13:53:45.552472+00:00,/home/nielsbroekhuizen/projects/my-vscode-project/outputs/case_study_2/runs/Tile_r037_c046/20260626_135345,5,8,point,8,8,3,0.375,False,False,False,False,True,False,False,8.0,37.5,-3
grid_scan_paper,Grid Scan Paper,Tile_r037_c046,E7_sam3_overlay_vlm,SAM3 overlay,2026-06-26T13:53:45.552472+00:00,/home/nielsbroekhuizen/projects/my-vscode-project/outputs/case_study_2/runs/Tile_r037_c046/20260626_135345,3,8,point,8,8,5,0.625,False,False,False,False,False,False,False,8.0,62.5,-5
grid_scan_paper,Grid Scan Paper,Tile_r037_c047,E1_raw_vlm,VLM,2026-06-26T13:59:48.984005+00:00,/home/nielsbroekhuizen/projects/my-vscode-project/outputs/case_study_2/runs/Tile_r037_c047/20260626_135948,5,8,point,8,8,3,0.375,False,False,False,False,True,False,False,8.0,37.5,-3
grid_scan_paper,Grid Scan Paper,Tile_r037_c047,E2_sam2_deterministic,SAM2 mask,2026-06-26T13:59:48.984005+00:00,/home/nielsbroekhuizen/projects/my-vscode-project/outputs/case_study_2/runs/Tile_r037_c047/20260626_135948,6,8,point,8,8,2,0.25,False,False,False,True,True,False,False,8.0,25.0,-2
grid_scan_paper,Grid Scan Paper,Tile_r037_c047,E3_imggen_deterministic,ImgGen mask,2026-06-26T13:59:48.984005+00:00,/home/nielsbroekhuizen/projects/my-vscode-project/outputs/case_study_2/runs/Tile_r037_c047/20260626_135948,5,8,point,8,8,3,0.375,False,False,False,False,True,False,False,8.0,37.5,-3
grid_scan_paper,Grid Scan Paper,Tile_r037_c047,E4_sam2_overlay_vlm,SAM2 overlay,2026-06-26T13:59:48.984005+00:00,/home/nielsbroekhuizen/projects/my-vscode-project/outputs/case_study_2/runs/Tile_r037_c047/20260626_135948,3,8,point,8,8,5,0.625,False,False,False,False,False,False,False,8.0,62.5,-5
grid_scan_paper,Grid Scan Paper,Tile_r037_c047,E5_imggen_overlay_vlm,ImgGen overlay,2026-06-26T13:59:48.984005+00:00,/home/nielsbroekhuizen/projects/my-vscode-project/outputs/case_study_2/runs/Tile_r037_c047/20260626_135948,6,8,point,8,8,2,0.25,False,False,False,True,True,False,False,8.0,25.0,-2
grid_scan_paper,Grid Scan Paper,Tile_r037_c047,E6_sam3_deterministic,SAM3 mask,2026-06-26T13:59:48.984005+00:00,/home/nielsbroekhuizen/projects/my-vscode-project/outputs/case_study_2/runs/Tile_r037_c047/20260626_135948,5,8,point,8,8,3,0.375,False,False,False,False,True,False,False,8.0,37.5,-3
grid_scan_paper,Grid Scan Paper,Tile_r037_c047,E7_sam3_overlay_vlm,SAM3 overlay,2026-06-26T13:59:48.984005+00:00,/home/nielsbroekhuizen/projects/my-vscode-project/outputs/case_study_2/runs/Tile_r037_c047/20260626_135948,6,8,point,8,8,2,0.25,False,False,False,True,True,False,False,8.0,25.0,-2
grid_scan_paper,Grid Scan Paper,Tile_r037_c048,E1_raw_vlm,VLM,2026-06-26T14:03:54.745682+00:00,/home/nielsbroekhuizen/projects/my-vscode-project/outputs/case_study_2/runs/Tile_r037_c048/20260626_140354,6,6,point,6,6,0,0.0,True,True,True,True,True,True,True,6.0,0.0,0
grid_scan_paper,Grid Scan Paper,Tile_r037_c048,E2_sam2_deterministic,SAM2 mask,2026-06-26T14:03:54.745682+00:00,/home/nielsbroekhuizen/projects/my-vscode-project/outputs/case_study_2/runs/Tile_r037_c048/20260626_140354,2,6,point,6,6,4,0.6667,False,False,False,False,False,False,False,6.0,66.66666666666666,-4
grid_scan_paper,Grid Scan Paper,Tile_r037_c048,E3_imggen_deterministic,ImgGen mask,2026-06-26T14:03:54.745682+00:00,/home/nielsbroekhuizen/projects/my-vscode-project/outputs/case_study_2/runs/Tile_r037_c048/20260626_140354,7,6,point,6,6,1,0.1667,False,False,True,True,True,False,False,6.0,16.666666666666664,1
grid_scan_paper,Grid Scan Paper,Tile_r037_c048,E4_sam2_overlay_vlm,SAM2 overlay,2026-06-26T14:03:54.745682+00:00,/home/nielsbroekhuizen/projects/my-vscode-project/outputs/case_study_2/runs/Tile_r037_c048/20260626_140354,10,6,point,6,6,4,0.6667,False,False,False,False,False,False,False,6.0,66.66666666666666,4
grid_scan_paper,Grid Scan Paper,Tile_r037_c048,E5_imggen_overlay_vlm,ImgGen overlay,2026-06-26T14:03:54.745682+00:00,/home/nielsbroekhuizen/projects/my-vscode-project/outputs/case_study_2/runs/Tile_r037_c048/20260626_140354,8,6,point,6,6,2,0.3333,False,False,False,True,True,False,False,6.0,33.33333333333333,2
grid_scan_paper,Grid Scan Paper,Tile_r037_c048,E6_sam3_deterministic,SAM3 mask,2026-06-26T14:03:54.745682+00:00,/home/nielsbroekhuizen/projects/my-vscode-project/outputs/case_study_2/runs/Tile_r037_c048/20260626_140354,2,6,point,6,6,4,0.6667,False,False,False,False,False,False,False,6.0,66.66666666666666,-4
grid_scan_paper,Grid Scan Paper,Tile_r037_c048,E7_sam3_overlay_vlm,SAM3 overlay,2026-06-26T14:03:54.745682+00:00,/home/nielsbroekhuizen/projects/my-vscode-project/outputs/case_study_2/runs/Tile_r037_c048/20260626_140354,2,6,point,6,6,4,0.6667,False,False,False,False,False,False,False,6.0,66.66666666666666,-4
grid_scan_paper,Grid Scan Paper,Tile_r037_c049,E1_raw_vlm,VLM,2026-06-26T14:07:20.127591+00:00,/home/nielsbroekhuizen/projects/my-vscode-project/outputs/case_study_2/runs/Tile_r037_c049/20260626_140720,4,5,point,5,5,1,0.2,False,False,True,True,True,False,False,5.0,20.0,-1
grid_scan_paper,Grid Scan Paper,Tile_r037_c049,E2_sam2_deterministic,SAM2 mask,2026-06-26T14:07:20.127591+00:00,/home/nielsbroekhuizen/projects/my-vscode-project/outputs/case_study_2/runs/Tile_r037_c049/20260626_140720,1,5,point,5,5,4,0.8,False,False,False,False,False,False,False,5.0,80.0,-4
grid_scan_paper,Grid Scan Paper,Tile_r037_c049,E3_imggen_deterministic,ImgGen mask,2026-06-26T14:07:20.127591+00:00,/home/nielsbroekhuizen/projects/my-vscode-project/outputs/case_study_2/runs/Tile_r037_c049/20260626_140720,4,5,point,5,5,1,0.2,False,False,True,True,True,False,False,5.0,20.0,-1
grid_scan_paper,Grid Scan Paper,Tile_r037_c049,E4_sam2_overlay_vlm,SAM2 overlay,2026-06-26T14:07:20.127591+00:00,/home/nielsbroekhuizen/projects/my-vscode-project/outputs/case_study_2/runs/Tile_r037_c049/20260626_140720,9,5,point,5,5,4,0.8,False,False,False,False,False,False,False,5.0,80.0,4
grid_scan_paper,Grid Scan Paper,Tile_r037_c049,E5_imggen_overlay_vlm,ImgGen overlay,2026-06-26T14:07:20.127591+00:00,/home/nielsbroekhuizen/projects/my-vscode-project/outputs/case_study_2/runs/Tile_r037_c049/20260626_140720,5,5,point,5,5,0,0.0,True,True,True,True,True,True,True,5.0,0.0,0
grid_scan_paper,Grid Scan Paper,Tile_r037_c049,E6_sam3_deterministic,SAM3 mask,2026-06-26T14:07:20.127591+00:00,/home/nielsbroekhuizen/projects/my-vscode-project/outputs/case_study_2/runs/Tile_r037_c049/20260626_140720,4,5,point,5,5,1,0.2,False,False,True,True,True,False,False,5.0,20.0,-1
grid_scan_paper,Grid Scan Paper,Tile_r037_c049,E7_sam3_overlay_vlm,SAM3 overlay,2026-06-26T14:07:20.127591+00:00,/home/nielsbroekhuizen/projects/my-vscode-project/outputs/case_study_2/runs/Tile_r037_c049/20260626_140720,4,5,point,5,5,1,0.2,False,False,True,True,True,False,False,5.0,20.0,-1
grid_scan_paper,Grid Scan Paper,Tile_r038_c028,E1_raw_vlm,VLM,2026-06-26T14:11:06.840995+00:00,/home/nielsbroekhuizen/projects/my-vscode-project/outputs/case_study_2/runs/Tile_r038_c028/20260626_141106,1,1,point,1,1,0,0.0,True,True,True,True,True,True,True,1.0,0.0,0
grid_scan_paper,Grid Scan Paper,Tile_r038_c028,E2_sam2_deterministic,SAM2 mask,2026-06-26T14:11:06.840995+00:00,/home/nielsbroekhuizen/projects/my-vscode-project/outputs/case_study_2/runs/Tile_r038_c028/20260626_141106,2,1,point,1,1,1,1.0,False,False,True,True,True,False,False,1.0,100.0,1
grid_scan_paper,Grid Scan Paper,Tile_r038_c028,E3_imggen_deterministic,ImgGen mask,2026-06-26T14:11:06.840995+00:00,/home/nielsbroekhuizen/projects/my-vscode-project/outputs/case_study_2/runs/Tile_r038_c028/20260626_141106,1,1,point,1,1,0,0.0,True,True,True,True,True,True,True,1.0,0.0,0
grid_scan_paper,Grid Scan Paper,Tile_r038_c028,E4_sam2_overlay_vlm,SAM2 overlay,2026-06-26T14:11:06.840995+00:00,/home/nielsbroekhuizen/projects/my-vscode-project/outputs/case_study_2/runs/Tile_r038_c028/20260626_141106,1,1,point,1,1,0,0.0,True,True,True,True,True,True,True,1.0,0.0,0
grid_scan_paper,Grid Scan Paper,Tile_r038_c028,E5_imggen_overlay_vlm,ImgGen overlay,2026-06-26T14:11:06.840995+00:00,/home/nielsbroekhuizen/projects/my-vscode-project/outputs/case_study_2/runs/Tile_r038_c028/20260626_141106,2,1,point,1,1,1,1.0,False,False,True,True,True,False,False,1.0,100.0,1
grid_scan_paper,Grid Scan Paper,Tile_r038_c028,E6_sam3_deterministic,SAM3 mask,2026-06-26T14:11:06.840995+00:00,/home/nielsbroekhuizen/projects/my-vscode-project/outputs/case_study_2/runs/Tile_r038_c028/20260626_141106,0,1,point,1,1,1,1.0,False,False,True,True,True,False,False,1.0,100.0,-1
grid_scan_paper,Grid Scan Paper,Tile_r038_c028,E7_sam3_overlay_vlm,SAM3 overlay,2026-06-26T14:11:06.840995+00:00,/home/nielsbroekhuizen/projects/my-vscode-project/outputs/case_study_2/runs/Tile_r038_c028/20260626_141106,1,1,point,1,1,0,0.0,True,True,True,True,True,True,True,1.0,0.0,0
grid_scan_paper,Grid Scan Paper,Tile_r038_c031,E1_raw_vlm,VLM,2026-06-26T14:14:39.926603+00:00,/home/nielsbroekhuizen/projects/my-vscode-project/outputs/case_study_2/runs/Tile_r038_c031/20260626_141439,2,2,point,2,2,0,0.0,True,True,True,True,True,True,True,2.0,0.0,0
grid_scan_paper,Grid Scan Paper,Tile_r038_c031,E2_sam2_deterministic,SAM2 mask,2026-06-26T14:14:39.926603+00:00,/home/nielsbroekhuizen/projects/my-vscode-project/outputs/case_study_2/runs/Tile_r038_c031/20260626_141439,3,2,point,2,2,1,0.5,False,False,True,True,True,False,False,2.0,50.0,1
grid_scan_paper,Grid Scan Paper,Tile_r038_c031,E3_imggen_deterministic,ImgGen mask,2026-06-26T14:14:39.926603+00:00,/home/nielsbroekhuizen/projects/my-vscode-project/outputs/case_study_2/runs/Tile_r038_c031/20260626_141439,3,2,point,2,2,1,0.5,False,False,True,True,True,False,False,2.0,50.0,1
grid_scan_paper,Grid Scan Paper,Tile_r038_c031,E4_sam2_overlay_vlm,SAM2 overlay,2026-06-26T14:14:39.926603+00:00,/home/nielsbroekhuizen/projects/my-vscode-project/outputs/case_study_2/runs/Tile_r038_c031/20260626_141439,4,2,point,2,2,2,1.0,False,False,False,True,True,False,False,2.0,100.0,2
grid_scan_paper,Grid Scan Paper,Tile_r038_c031,E5_imggen_overlay_vlm,ImgGen overlay,2026-06-26T14:14:39.926603+00:00,/home/nielsbroekhuizen/projects/my-vscode-project/outputs/case_study_2/runs/Tile_r038_c031/20260626_141439,4,2,point,2,2,2,1.0,False,False,False,True,True,False,False,2.0,100.0,2
grid_scan_paper,Grid Scan Paper,Tile_r038_c031,E6_sam3_deterministic,SAM3 mask,2026-06-26T14:14:39.926603+00:00,/home/nielsbroekhuizen/projects/my-vscode-project/outputs/case_study_2/runs/Tile_r038_c031/20260626_141439,0,2,point,2,2,2,1.0,False,False,False,True,True,False,False,2.0,100.0,-2
grid_scan_paper,Grid Scan Paper,Tile_r038_c031,E7_sam3_overlay_vlm,SAM3 overlay,2026-06-26T14:14:39.926603+00:00,/home/nielsbroekhuizen/projects/my-vscode-project/outputs/case_study_2/runs/Tile_r038_c031/20260626_141439,1,2,point,2,2,1,0.5,False,False,True,True,True,False,False,2.0,50.0,-1
grid_scan_paper,Grid Scan Paper,Tile_r038_c036,E1_raw_vlm,VLM,2026-06-26T14:18:14.456358+00:00,/home/nielsbroekhuizen/projects/my-vscode-project/outputs/case_study_2/runs/Tile_r038_c036/20260626_141814,11,11,point,11,11,0,0.0,True,True,True,True,True,True,True,11.0,0.0,0
grid_scan_paper,Grid Scan Paper,Tile_r038_c036,E2_sam2_deterministic,SAM2 mask,2026-06-26T14:18:14.456358+00:00,/home/nielsbroekhuizen/projects/my-vscode-project/outputs/case_study_2/runs/Tile_r038_c036/20260626_141814,5,11,point,11,11,6,0.5455,False,False,False,False,False,False,False,11.0,54.54545454545454,-6
grid_scan_paper,Grid Scan Paper,Tile_r038_c036,E3_imggen_deterministic,ImgGen mask,2026-06-26T14:18:14.456358+00:00,/home/nielsbroekhuizen/projects/my-vscode-project/outputs/case_study_2/runs/Tile_r038_c036/20260626_141814,15,11,point,11,11,4,0.3636,False,False,False,False,False,False,False,11.0,36.36363636363637,4
grid_scan_paper,Grid Scan Paper,Tile_r038_c036,E4_sam2_overlay_vlm,SAM2 overlay,2026-06-26T14:18:14.456358+00:00,/home/nielsbroekhuizen/projects/my-vscode-project/outputs/case_study_2/runs/Tile_r038_c036/20260626_141814,21,11,point,11,11,10,0.9091,False,False,False,False,False,False,False,11.0,90.9090909090909,10
grid_scan_paper,Grid Scan Paper,Tile_r038_c036,E5_imggen_overlay_vlm,ImgGen overlay,2026-06-26T14:18:14.456358+00:00,/home/nielsbroekhuizen/projects/my-vscode-project/outputs/case_study_2/runs/Tile_r038_c036/20260626_141814,30,11,point,11,11,19,1.7273,False,False,False,False,False,False,False,11.0,172.72727272727272,19
grid_scan_paper,Grid Scan Paper,Tile_r038_c036,E6_sam3_deterministic,SAM3 mask,2026-06-26T14:18:14.456358+00:00,/home/nielsbroekhuizen/projects/my-vscode-project/outputs/case_study_2/runs/Tile_r038_c036/20260626_141814,15,11,point,11,11,4,0.3636,False,False,False,False,False,False,False,11.0,36.36363636363637,4
grid_scan_paper,Grid Scan Paper,Tile_r038_c036,E7_sam3_overlay_vlm,SAM3 overlay,2026-06-26T14:18:14.456358+00:00,/home/nielsbroekhuizen/projects/my-vscode-project/outputs/case_study_2/runs/Tile_r038_c036/20260626_141814,19,11,point,11,11,8,0.7273,False,False,False,False,False,False,False,11.0,72.72727272727273,8
grid_scan_paper,Grid Scan Paper,Tile_r038_c038,E1_raw_vlm,VLM,2026-06-26T14:29:31.291867+00:00,/home/nielsbroekhuizen/projects/my-vscode-project/outputs/case_study_2/runs/Tile_r038_c038/20260626_142931,1,1,point,1,1,0,0.0,True,True,True,True,True,True,True,1.0,0.0,0
grid_scan_paper,Grid Scan Paper,Tile_r038_c038,E2_sam2_deterministic,SAM2 mask,2026-06-26T14:29:31.291867+00:00,/home/nielsbroekhuizen/projects/my-vscode-project/outputs/case_study_2/runs/Tile_r038_c038/20260626_142931,1,1,point,1,1,0,0.0,True,True,True,True,True,True,True,1.0,0.0,0
grid_scan_paper,Grid Scan Paper,Tile_r038_c038,E3_imggen_deterministic,ImgGen mask,2026-06-26T14:29:31.291867+00:00,/home/nielsbroekhuizen/projects/my-vscode-project/outputs/case_study_2/runs/Tile_r038_c038/20260626_142931,1,1,point,1,1,0,0.0,True,True,True,True,True,True,True,1.0,0.0,0
grid_scan_paper,Grid Scan Paper,Tile_r038_c038,E4_sam2_overlay_vlm,SAM2 overlay,2026-06-26T14:29:31.291867+00:00,/home/nielsbroekhuizen/projects/my-vscode-project/outputs/case_study_2/runs/Tile_r038_c038/20260626_142931,2,1,point,1,1,1,1.0,False,False,True,True,True,False,False,1.0,100.0,1
grid_scan_paper,Grid Scan Paper,Tile_r038_c038,E5_imggen_overlay_vlm,ImgGen overlay,2026-06-26T14:29:31.291867+00:00,/home/nielsbroekhuizen/projects/my-vscode-project/outputs/case_study_2/runs/Tile_r038_c038/20260626_142931,2,1,point,1,1,1,1.0,False,False,True,True,True,False,False,1.0,100.0,1
grid_scan_paper,Grid Scan Paper,Tile_r038_c038,E6_sam3_deterministic,SAM3 mask,2026-06-26T14:29:31.291867+00:00,/home/nielsbroekhuizen/projects/my-vscode-project/outputs/case_study_2/runs/Tile_r038_c038/20260626_142931,1,1,point,1,1,0,0.0,True,True,True,True,True,True,True,1.0,0.0,0
grid_scan_paper,Grid Scan Paper,Tile_r038_c038,E7_sam3_overlay_vlm,SAM3 overlay,2026-06-26T14:29:31.291867+00:00,/home/nielsbroekhuizen/projects/my-vscode-project/outputs/case_study_2/runs/Tile_r038_c038/20260626_142931,2,1,point,1,1,1,1.0,False,False,True,True,True,False,False,1.0,100.0,1
grid_scan_paper,Grid Scan Paper,Tile_r038_c042,E1_raw_vlm,VLM,2026-06-26T14:32:33.431060+00:00,/home/nielsbroekhuizen/projects/my-vscode-project/outputs/case_study_2/runs/Tile_r038_c042/20260626_143233,3,3,point,3,3,0,0.0,True,True,True,True,True,True,True,3.0,0.0,0
grid_scan_paper,Grid Scan Paper,Tile_r038_c042,E2_sam2_deterministic,SAM2 mask,2026-06-26T14:32:33.431060+00:00,/home/nielsbroekhuizen/projects/my-vscode-project/outputs/case_study_2/runs/Tile_r038_c042/20260626_143233,4,3,point,3,3,1,0.3333,False,False,True,True,True,False,False,3.0,33.33333333333333,1
grid_scan_paper,Grid Scan Paper,Tile_r038_c042,E3_imggen_deterministic,ImgGen mask,2026-06-26T14:32:33.431060+00:00,/home/nielsbroekhuizen/projects/my-vscode-project/outputs/case_study_2/runs/Tile_r038_c042/20260626_143233,3,3,point,3,3,0,0.0,True,True,True,True,True,True,True,3.0,0.0,0
grid_scan_paper,Grid Scan Paper,Tile_r038_c042,E4_sam2_overlay_vlm,SAM2 overlay,2026-06-26T14:32:33.431060+00:00,/home/nielsbroekhuizen/projects/my-vscode-project/outputs/case_study_2/runs/Tile_r038_c042/20260626_143233,7,3,point,3,3,4,1.3333,False,False,False,False,False,False,False,3.0,133.33333333333331,4
grid_scan_paper,Grid Scan Paper,Tile_r038_c042,E5_imggen_overlay_vlm,ImgGen overlay,2026-06-26T14:32:33.431060+00:00,/home/nielsbroekhuizen/projects/my-vscode-project/outputs/case_study_2/runs/Tile_r038_c042/20260626_143233,4,3,point,3,3,1,0.3333,False,False,True,True,True,False,False,3.0,33.33333333333333,1
grid_scan_paper,Grid Scan Paper,Tile_r038_c042,E6_sam3_deterministic,SAM3 mask,2026-06-26T14:32:33.431060+00:00,/home/nielsbroekhuizen/projects/my-vscode-project/outputs/case_study_2/runs/Tile_r038_c042/20260626_143233,1,3,point,3,3,2,0.6667,False,False,False,True,True,False,False,3.0,66.66666666666666,-2
grid_scan_paper,Grid Scan Paper,Tile_r038_c042,E7_sam3_overlay_vlm,SAM3 overlay,2026-06-26T14:32:33.431060+00:00,/home/nielsbroekhuizen/projects/my-vscode-project/outputs/case_study_2/runs/Tile_r038_c042/20260626_143233,2,3,point,3,3,1,0.3333,False,False,True,True,True,False,False,3.0,33.33333333333333,-1
grid_scan_paper,Grid Scan Paper,Tile_r038_c043,E1_raw_vlm,VLM,2026-06-26T14:36:13.175618+00:00,/home/nielsbroekhuizen/projects/my-vscode-project/outputs/case_study_2/runs/Tile_r038_c043/20260626_143613,3,2,point,2,2,1,0.5,False,False,True,True,True,False,False,2.0,50.0,1
grid_scan_paper,Grid Scan Paper,Tile_r038_c043,E2_sam2_deterministic,SAM2 mask,2026-06-26T14:36:13.175618+00:00,/home/nielsbroekhuizen/projects/my-vscode-project/outputs/case_study_2/runs/Tile_r038_c043/20260626_143613,2,2,point,2,2,0,0.0,True,True,True,True,True,True,True,2.0,0.0,0
grid_scan_paper,Grid Scan Paper,Tile_r038_c043,E3_imggen_deterministic,ImgGen mask,2026-06-26T14:36:13.175618+00:00,/home/nielsbroekhuizen/projects/my-vscode-project/outputs/case_study_2/runs/Tile_r038_c043/20260626_143613,3,2,point,2,2,1,0.5,False,False,True,True,True,False,False,2.0,50.0,1
grid_scan_paper,Grid Scan Paper,Tile_r038_c043,E4_sam2_overlay_vlm,SAM2 overlay,2026-06-26T14:36:13.175618+00:00,/home/nielsbroekhuizen/projects/my-vscode-project/outputs/case_study_2/runs/Tile_r038_c043/20260626_143613,4,2,point,2,2,2,1.0,False,False,False,True,True,False,False,2.0,100.0,2
grid_scan_paper,Grid Scan Paper,Tile_r038_c043,E5_imggen_overlay_vlm,ImgGen overlay,2026-06-26T14:36:13.175618+00:00,/home/nielsbroekhuizen/projects/my-vscode-project/outputs/case_study_2/runs/Tile_r038_c043/20260626_143613,4,2,point,2,2,2,1.0,False,False,False,True,True,False,False,2.0,100.0,2
grid_scan_paper,Grid Scan Paper,Tile_r038_c043,E6_sam3_deterministic,SAM3 mask,2026-06-26T14:36:13.175618+00:00,/home/nielsbroekhuizen/projects/my-vscode-project/outputs/case_study_2/runs/Tile_r038_c043/20260626_143613,1,2,point,2,2,1,0.5,False,False,True,True,True,False,False,2.0,50.0,-1
grid_scan_paper,Grid Scan Paper,Tile_r038_c043,E7_sam3_overlay_vlm,SAM3 overlay,2026-06-26T14:36:13.175618+00:00,/home/nielsbroekhuizen/projects/my-vscode-project/outputs/case_study_2/runs/Tile_r038_c043/20260626_143613,3,2,point,2,2,1,0.5,False,False,True,True,True,False,False,2.0,50.0,1
grid_scan_paper,Grid Scan Paper,Tile_r038_c044,E1_raw_vlm,VLM,2026-06-26T14:39:44.987149+00:00,/home/nielsbroekhuizen/projects/my-vscode-project/outputs/case_study_2/runs/Tile_r038_c044/20260626_143944,6,5,point,5,5,1,0.2,False,False,True,True,True,False,False,5.0,20.0,1
grid_scan_paper,Grid Scan Paper,Tile_r038_c044,E2_sam2_deterministic,SAM2 mask,2026-06-26T14:39:44.987149+00:00,/home/nielsbroekhuizen/projects/my-vscode-project/outputs/case_study_2/runs/Tile_r038_c044/20260626_143944,5,5,point,5,5,0,0.0,True,True,True,True,True,True,True,5.0,0.0,0
grid_scan_paper,Grid Scan Paper,Tile_r038_c044,E3_imggen_deterministic,ImgGen mask,2026-06-26T14:39:44.987149+00:00,/home/nielsbroekhuizen/projects/my-vscode-project/outputs/case_study_2/runs/Tile_r038_c044/20260626_143944,6,5,point,5,5,1,0.2,False,False,True,True,True,False,False,5.0,20.0,1
grid_scan_paper,Grid Scan Paper,Tile_r038_c044,E4_sam2_overlay_vlm,SAM2 overlay,2026-06-26T14:39:44.987149+00:00,/home/nielsbroekhuizen/projects/my-vscode-project/outputs/case_study_2/runs/Tile_r038_c044/20260626_143944,6,5,point,5,5,1,0.2,False,False,True,True,True,False,False,5.0,20.0,1
grid_scan_paper,Grid Scan Paper,Tile_r038_c044,E5_imggen_overlay_vlm,ImgGen overlay,2026-06-26T14:39:44.987149+00:00,/home/nielsbroekhuizen/projects/my-vscode-project/outputs/case_study_2/runs/Tile_r038_c044/20260626_143944,6,5,point,5,5,1,0.2,False,False,True,True,True,False,False,5.0,20.0,1
grid_scan_paper,Grid Scan Paper,Tile_r038_c044,E6_sam3_deterministic,SAM3 mask,2026-06-26T14:39:44.987149+00:00,/home/nielsbroekhuizen/projects/my-vscode-project/outputs/case_study_2/runs/Tile_r038_c044/20260626_143944,4,5,point,5,5,1,0.2,False,False,True,True,True,False,False,5.0,20.0,-1
grid_scan_paper,Grid Scan Paper,Tile_r038_c044,E7_sam3_overlay_vlm,SAM3 overlay,2026-06-26T14:39:44.987149+00:00,/home/nielsbroekhuizen/projects/my-vscode-project/outputs/case_study_2/runs/Tile_r038_c044/20260626_143944,2,5,point,5,5,3,0.6,False,False,False,False,True,False,False,5.0,60.0,-3
grid_scan_paper,Grid Scan Paper,Tile_r038_c045,E1_raw_vlm,VLM,2026-06-26T14:45:58.505293+00:00,/home/nielsbroekhuizen/projects/my-vscode-project/outputs/case_study_2/runs/Tile_r038_c045/20260626_144558,4,3,point,3,3,1,0.3333,False,False,True,True,True,False,False,3.0,33.33333333333333,1
grid_scan_paper,Grid Scan Paper,Tile_r038_c045,E2_sam2_deterministic,SAM2 mask,2026-06-26T14:45:58.505293+00:00,/home/nielsbroekhuizen/projects/my-vscode-project/outputs/case_study_2/runs/Tile_r038_c045/20260626_144558,11,3,point,3,3,8,2.6667,False,False,False,False,False,False,False,3.0,266.66666666666663,8
grid_scan_paper,Grid Scan Paper,Tile_r038_c045,E3_imggen_deterministic,ImgGen mask,2026-06-26T14:45:58.505293+00:00,/home/nielsbroekhuizen/projects/my-vscode-project/outputs/case_study_2/runs/Tile_r038_c045/20260626_144558,7,3,point,3,3,4,1.3333,False,False,False,False,False,False,False,3.0,133.33333333333331,4
grid_scan_paper,Grid Scan Paper,Tile_r038_c045,E4_sam2_overlay_vlm,SAM2 overlay,2026-06-26T14:45:58.505293+00:00,/home/nielsbroekhuizen/projects/my-vscode-project/outputs/case_study_2/runs/Tile_r038_c045/20260626_144558,17,3,point,3,3,14,4.6667,False,False,False,False,False,False,False,3.0,466.6666666666667,14
grid_scan_paper,Grid Scan Paper,Tile_r038_c045,E5_imggen_overlay_vlm,ImgGen overlay,2026-06-26T14:45:58.505293+00:00,/home/nielsbroekhuizen/projects/my-vscode-project/outputs/case_study_2/runs/Tile_r038_c045/20260626_144558,13,3,point,3,3,10,3.3333,False,False,False,False,False,False,False,3.0,333.33333333333337,10
grid_scan_paper,Grid Scan Paper,Tile_r038_c045,E6_sam3_deterministic,SAM3 mask,2026-06-26T14:45:58.505293+00:00,/home/nielsbroekhuizen/projects/my-vscode-project/outputs/case_study_2/runs/Tile_r038_c045/20260626_144558,10,3,point,3,3,7,2.3333,False,False,False,False,False,False,False,3.0,233.33333333333334,7
grid_scan_paper,Grid Scan Paper,Tile_r038_c045,E7_sam3_overlay_vlm,SAM3 overlay,2026-06-26T14:45:58.505293+00:00,/home/nielsbroekhuizen/projects/my-vscode-project/outputs/case_study_2/runs/Tile_r038_c045/20260626_144558,8,3,point,3,3,5,1.6667,False,False,False,False,False,False,False,3.0,166.66666666666669,5
grid_scan_paper,Grid Scan Paper,Tile_r038_c046,E1_raw_vlm,VLM,2026-06-26T14:54:39.974370+00:00,/home/nielsbroekhuizen/projects/my-vscode-project/outputs/case_study_2/runs/Tile_r038_c046/20260626_145439,6,5,point,5,5,1,0.2,False,False,True,True,True,False,False,5.0,20.0,1
grid_scan_paper,Grid Scan Paper,Tile_r038_c046,E2_sam2_deterministic,SAM2 mask,2026-06-26T14:54:39.974370+00:00,/home/nielsbroekhuizen/projects/my-vscode-project/outputs/case_study_2/runs/Tile_r038_c046/20260626_145439,3,5,point,5,5,2,0.4,False,False,False,True,True,False,False,5.0,40.0,-2
grid_scan_paper,Grid Scan Paper,Tile_r038_c046,E3_imggen_deterministic,ImgGen mask,2026-06-26T14:54:39.974370+00:00,/home/nielsbroekhuizen/projects/my-vscode-project/outputs/case_study_2/runs/Tile_r038_c046/20260626_145439,6,5,point,5,5,1,0.2,False,False,True,True,True,False,False,5.0,20.0,1
grid_scan_paper,Grid Scan Paper,Tile_r038_c046,E4_sam2_overlay_vlm,SAM2 overlay,2026-06-26T14:54:39.974370+00:00,/home/nielsbroekhuizen/projects/my-vscode-project/outputs/case_study_2/runs/Tile_r038_c046/20260626_145439,19,5,point,5,5,14,2.8,False,False,False,False,False,False,False,5.0,280.0,14
grid_scan_paper,Grid Scan Paper,Tile_r038_c046,E5_imggen_overlay_vlm,ImgGen overlay,2026-06-26T14:54:39.974370+00:00,/home/nielsbroekhuizen/projects/my-vscode-project/outputs/case_study_2/runs/Tile_r038_c046/20260626_145439,7,5,point,5,5,2,0.4,False,False,False,True,True,False,False,5.0,40.0,2
grid_scan_paper,Grid Scan Paper,Tile_r038_c046,E6_sam3_deterministic,SAM3 mask,2026-06-26T14:54:39.974370+00:00,/home/nielsbroekhuizen/projects/my-vscode-project/outputs/case_study_2/runs/Tile_r038_c046/20260626_145439,5,5,point,5,5,0,0.0,True,True,True,True,True,True,True,5.0,0.0,0
grid_scan_paper,Grid Scan Paper,Tile_r038_c046,E7_sam3_overlay_vlm,SAM3 overlay,2026-06-26T14:54:39.974370+00:00,/home/nielsbroekhuizen/projects/my-vscode-project/outputs/case_study_2/runs/Tile_r038_c046/20260626_145439,9,5,point,5,5,4,0.8,False,False,False,False,False,False,False,5.0,80.0,4
grid_scan_paper,Grid Scan Paper,Tile_r038_c047,E1_raw_vlm,VLM,2026-06-26T15:02:04.329114+00:00,/home/nielsbroekhuizen/projects/my-vscode-project/outputs/case_study_2/runs/Tile_r038_c047/20260626_150204,10,9,point,9,9,1,0.1111,False,False,True,True,True,False,False,9.0,11.11111111111111,1
grid_scan_paper,Grid Scan Paper,Tile_r038_c047,E2_sam2_deterministic,SAM2 mask,2026-06-26T15:02:04.329114+00:00,/home/nielsbroekhuizen/projects/my-vscode-project/outputs/case_study_2/runs/Tile_r038_c047/20260626_150204,7,9,point,9,9,2,0.2222,False,False,False,True,True,False,False,9.0,22.22222222222222,-2
grid_scan_paper,Grid Scan Paper,Tile_r038_c047,E3_imggen_deterministic,ImgGen mask,2026-06-26T15:02:04.329114+00:00,/home/nielsbroekhuizen/projects/my-vscode-project/outputs/case_study_2/runs/Tile_r038_c047/20260626_150204,8,9,point,9,9,1,0.1111,False,False,True,True,True,False,False,9.0,11.11111111111111,-1
grid_scan_paper,Grid Scan Paper,Tile_r038_c047,E4_sam2_overlay_vlm,SAM2 overlay,2026-06-26T15:02:04.329114+00:00,/home/nielsbroekhuizen/projects/my-vscode-project/outputs/case_study_2/runs/Tile_r038_c047/20260626_150204,27,9,point,9,9,18,2.0,False,False,False,False,False,False,False,9.0,200.0,18
grid_scan_paper,Grid Scan Paper,Tile_r038_c047,E5_imggen_overlay_vlm,ImgGen overlay,2026-06-26T15:02:04.329114+00:00,/home/nielsbroekhuizen/projects/my-vscode-project/outputs/case_study_2/runs/Tile_r038_c047/20260626_150204,9,9,point,9,9,0,0.0,True,True,True,True,True,True,True,9.0,0.0,0
grid_scan_paper,Grid Scan Paper,Tile_r038_c047,E6_sam3_deterministic,SAM3 mask,2026-06-26T15:02:04.329114+00:00,/home/nielsbroekhuizen/projects/my-vscode-project/outputs/case_study_2/runs/Tile_r038_c047/20260626_150204,9,9,point,9,9,0,0.0,True,True,True,True,True,True,True,9.0,0.0,0
grid_scan_paper,Grid Scan Paper,Tile_r038_c047,E7_sam3_overlay_vlm,SAM3 overlay,2026-06-26T15:02:04.329114+00:00,/home/nielsbroekhuizen/projects/my-vscode-project/outputs/case_study_2/runs/Tile_r038_c047/20260626_150204,9,9,point,9,9,0,0.0,True,True,True,True,True,True,True,9.0,0.0,0
grid_scan_paper,Grid Scan Paper,Tile_r038_c048,E1_raw_vlm,VLM,2026-06-26T15:07:47.527556+00:00,/home/nielsbroekhuizen/projects/my-vscode-project/outputs/case_study_2/runs/Tile_r038_c048/20260626_150747,13,10,point,10,10,3,0.3,False,False,False,False,True,False,False,10.0,30.0,3
grid_scan_paper,Grid Scan Paper,Tile_r038_c048,E2_sam2_deterministic,SAM2 mask,2026-06-26T15:07:47.527556+00:00,/home/nielsbroekhuizen/projects/my-vscode-project/outputs/case_study_2/runs/Tile_r038_c048/20260626_150747,3,10,point,10,10,7,0.7,False,False,False,False,False,False,False,10.0,70.0,-7
grid_scan_paper,Grid Scan Paper,Tile_r038_c048,E3_imggen_deterministic,ImgGen mask,2026-06-26T15:07:47.527556+00:00,/home/nielsbroekhuizen/projects/my-vscode-project/outputs/case_study_2/runs/Tile_r038_c048/20260626_150747,11,10,point,10,10,1,0.1,False,False,True,True,True,False,True,10.0,10.0,1
grid_scan_paper,Grid Scan Paper,Tile_r038_c048,E4_sam2_overlay_vlm,SAM2 overlay,2026-06-26T15:07:47.527556+00:00,/home/nielsbroekhuizen/projects/my-vscode-project/outputs/case_study_2/runs/Tile_r038_c048/20260626_150747,11,10,point,10,10,1,0.1,False,False,True,True,True,False,True,10.0,10.0,1
grid_scan_paper,Grid Scan Paper,Tile_r038_c048,E5_imggen_overlay_vlm,ImgGen overlay,2026-06-26T15:07:47.527556+00:00,/home/nielsbroekhuizen/projects/my-vscode-project/outputs/case_study_2/runs/Tile_r038_c048/20260626_150747,12,10,point,10,10,2,0.2,False,False,False,True,True,False,False,10.0,20.0,2
grid_scan_paper,Grid Scan Paper,Tile_r038_c048,E6_sam3_deterministic,SAM3 mask,2026-06-26T15:07:47.527556+00:00,/home/nielsbroekhuizen/projects/my-vscode-project/outputs/case_study_2/runs/Tile_r038_c048/20260626_150747,12,10,point,10,10,2,0.2,False,False,False,True,True,False,False,10.0,20.0,2
grid_scan_paper,Grid Scan Paper,Tile_r038_c048,E7_sam3_overlay_vlm,SAM3 overlay,2026-06-26T15:07:47.527556+00:00,/home/nielsbroekhuizen/projects/my-vscode-project/outputs/case_study_2/runs/Tile_r038_c048/20260626_150747,15,10,point,10,10,5,0.5,False,False,False,False,False,False,False,10.0,50.0,5
grid_scan_paper,Grid Scan Paper,Tile_r038_c049,E1_raw_vlm,VLM,2026-06-26T15:14:34.686933+00:00,/home/nielsbroekhuizen/projects/my-vscode-project/outputs/case_study_2/runs/Tile_r038_c049/20260626_151434,18,9,point,9,9,9,1.0,False,False,False,False,False,False,False,9.0,100.0,9
grid_scan_paper,Grid Scan Paper,Tile_r038_c049,E2_sam2_deterministic,SAM2 mask,2026-06-26T15:14:34.686933+00:00,/home/nielsbroekhuizen/projects/my-vscode-project/outputs/case_study_2/runs/Tile_r038_c049/20260626_151434,12,9,point,9,9,3,0.3333,False,False,False,False,True,False,False,9.0,33.33333333333333,3
grid_scan_paper,Grid Scan Paper,Tile_r038_c049,E3_imggen_deterministic,ImgGen mask,2026-06-26T15:14:34.686933+00:00,/home/nielsbroekhuizen/projects/my-vscode-project/outputs/case_study_2/runs/Tile_r038_c049/20260626_151434,13,9,point,9,9,4,0.4444,False,False,False,False,False,False,False,9.0,44.44444444444444,4
grid_scan_paper,Grid Scan Paper,Tile_r038_c049,E4_sam2_overlay_vlm,SAM2 overlay,2026-06-26T15:14:34.686933+00:00,/home/nielsbroekhuizen/projects/my-vscode-project/outputs/case_study_2/runs/Tile_r038_c049/20260626_151434,26,9,point,9,9,17,1.8889,False,False,False,False,False,False,False,9.0,188.88888888888889,17
grid_scan_paper,Grid Scan Paper,Tile_r038_c049,E5_imggen_overlay_vlm,ImgGen overlay,2026-06-26T15:14:34.686933+00:00,/home/nielsbroekhuizen/projects/my-vscode-project/outputs/case_study_2/runs/Tile_r038_c049/20260626_151434,21,9,point,9,9,12,1.3333,False,False,False,False,False,False,False,9.0,133.33333333333331,12
grid_scan_paper,Grid Scan Paper,Tile_r038_c049,E6_sam3_deterministic,SAM3 mask,2026-06-26T15:14:34.686933+00:00,/home/nielsbroekhuizen/projects/my-vscode-project/outputs/case_study_2/runs/Tile_r038_c049/20260626_151434,13,9,point,9,9,4,0.4444,False,False,False,False,False,False,False,9.0,44.44444444444444,4
grid_scan_paper,Grid Scan Paper,Tile_r038_c049,E7_sam3_overlay_vlm,SAM3 overlay,2026-06-26T15:14:34.686933+00:00,/home/nielsbroekhuizen/projects/my-vscode-project/outputs/case_study_2/runs/Tile_r038_c049/20260626_151434,14,9,point,9,9,5,0.5556,False,False,False,False,False,False,False,9.0,55.55555555555556,5
grid_scan_paper,Grid Scan Paper,Tile_r039_c031,E1_raw_vlm,VLM,2026-06-26T15:23:26.107024+00:00,/home/nielsbroekhuizen/projects/my-vscode-project/outputs/case_study_2/runs/Tile_r039_c031/20260626_152326,10,4,point,4,4,6,1.5,False,False,False,False,False,False,False,4.0,150.0,6
grid_scan_paper,Grid Scan Paper,Tile_r039_c031,E2_sam2_deterministic,SAM2 mask,2026-06-26T15:23:26.107024+00:00,/home/nielsbroekhuizen/projects/my-vscode-project/outputs/case_study_2/runs/Tile_r039_c031/20260626_152326,5,4,point,4,4,1,0.25,False,False,True,True,True,False,False,4.0,25.0,1
grid_scan_paper,Grid Scan Paper,Tile_r039_c031,E3_imggen_deterministic,ImgGen mask,2026-06-26T15:23:26.107024+00:00,/home/nielsbroekhuizen/projects/my-vscode-project/outputs/case_study_2/runs/Tile_r039_c031/20260626_152326,7,4,point,4,4,3,0.75,False,False,False,False,True,False,False,4.0,75.0,3
grid_scan_paper,Grid Scan Paper,Tile_r039_c031,E4_sam2_overlay_vlm,SAM2 overlay,2026-06-26T15:23:26.107024+00:00,/home/nielsbroekhuizen/projects/my-vscode-project/outputs/case_study_2/runs/Tile_r039_c031/20260626_152326,14,4,point,4,4,10,2.5,False,False,False,False,False,False,False,4.0,250.0,10
grid_scan_paper,Grid Scan Paper,Tile_r039_c031,E5_imggen_overlay_vlm,ImgGen overlay,2026-06-26T15:23:26.107024+00:00,/home/nielsbroekhuizen/projects/my-vscode-project/outputs/case_study_2/runs/Tile_r039_c031/20260626_152326,15,4,point,4,4,11,2.75,False,False,False,False,False,False,False,4.0,275.0,11
grid_scan_paper,Grid Scan Paper,Tile_r039_c031,E6_sam3_deterministic,SAM3 mask,2026-06-26T15:23:26.107024+00:00,/home/nielsbroekhuizen/projects/my-vscode-project/outputs/case_study_2/runs/Tile_r039_c031/20260626_152326,0,4,point,4,4,4,1.0,False,False,False,False,False,False,False,4.0,100.0,-4
grid_scan_paper,Grid Scan Paper,Tile_r039_c031,E7_sam3_overlay_vlm,SAM3 overlay,2026-06-26T15:23:26.107024+00:00,/home/nielsbroekhuizen/projects/my-vscode-project/outputs/case_study_2/runs/Tile_r039_c031/20260626_152326,1,4,point,4,4,3,0.75,False,False,False,False,True,False,False,4.0,75.0,-3
grid_scan_paper,Grid Scan Paper,Tile_r039_c034,E1_raw_vlm,VLM,2026-06-26T15:29:43.125849+00:00,/home/nielsbroekhuizen/projects/my-vscode-project/outputs/case_study_2/runs/Tile_r039_c034/20260626_152943,1,1,point,1,1,0,0.0,True,True,True,True,True,True,True,1.0,0.0,0
grid_scan_paper,Grid Scan Paper,Tile_r039_c034,E2_sam2_deterministic,SAM2 mask,2026-06-26T15:29:43.125849+00:00,/home/nielsbroekhuizen/projects/my-vscode-project/outputs/case_study_2/runs/Tile_r039_c034/20260626_152943,1,1,point,1,1,0,0.0,True,True,True,True,True,True,True,1.0,0.0,0
grid_scan_paper,Grid Scan Paper,Tile_r039_c034,E3_imggen_deterministic,ImgGen mask,2026-06-26T15:29:43.125849+00:00,/home/nielsbroekhuizen/projects/my-vscode-project/outputs/case_study_2/runs/Tile_r039_c034/20260626_152943,2,1,point,1,1,1,1.0,False,False,True,True,True,False,False,1.0,100.0,1
grid_scan_paper,Grid Scan Paper,Tile_r039_c034,E4_sam2_overlay_vlm,SAM2 overlay,2026-06-26T15:29:43.125849+00:00,/home/nielsbroekhuizen/projects/my-vscode-project/outputs/case_study_2/runs/Tile_r039_c034/20260626_152943,6,1,point,1,1,5,5.0,False,False,False,False,False,False,False,1.0,500.0,5
grid_scan_paper,Grid Scan Paper,Tile_r039_c034,E5_imggen_overlay_vlm,ImgGen overlay,2026-06-26T15:29:43.125849+00:00,/home/nielsbroekhuizen/projects/my-vscode-project/outputs/case_study_2/runs/Tile_r039_c034/20260626_152943,10,1,point,1,1,9,9.0,False,False,False,False,False,False,False,1.0,900.0,9
grid_scan_paper,Grid Scan Paper,Tile_r039_c034,E6_sam3_deterministic,SAM3 mask,2026-06-26T15:29:43.125849+00:00,/home/nielsbroekhuizen/projects/my-vscode-project/outputs/case_study_2/runs/Tile_r039_c034/20260626_152943,1,1,point,1,1,0,0.0,True,True,True,True,True,True,True,1.0,0.0,0
grid_scan_paper,Grid Scan Paper,Tile_r039_c034,E7_sam3_overlay_vlm,SAM3 overlay,2026-06-26T15:29:43.125849+00:00,/home/nielsbroekhuizen/projects/my-vscode-project/outputs/case_study_2/runs/Tile_r039_c034/20260626_152943,2,1,point,1,1,1,1.0,False,False,True,True,True,False,False,1.0,100.0,1
grid_scan_paper,Grid Scan Paper,Tile_r039_c036,E1_raw_vlm,VLM,2026-06-26T15:33:24.218135+00:00,/home/nielsbroekhuizen/projects/my-vscode-project/outputs/case_study_2/runs/Tile_r039_c036/20260626_153324,6,5,point,5,5,1,0.2,False,False,True,True,True,False,False,5.0,20.0,1
grid_scan_paper,Grid Scan Paper,Tile_r039_c036,E2_sam2_deterministic,SAM2 mask,2026-06-26T15:33:24.218135+00:00,/home/nielsbroekhuizen/projects/my-vscode-project/outputs/case_study_2/runs/Tile_r039_c036/20260626_153324,2,5,point,5,5,3,0.6,False,False,False,False,True,False,False,5.0,60.0,-3
grid_scan_paper,Grid Scan Paper,Tile_r039_c036,E3_imggen_deterministic,ImgGen mask,2026-06-26T15:33:24.218135+00:00,/home/nielsbroekhuizen/projects/my-vscode-project/outputs/case_study_2/runs/Tile_r039_c036/20260626_153324,5,5,point,5,5,0,0.0,True,True,True,True,True,True,True,5.0,0.0,0
grid_scan_paper,Grid Scan Paper,Tile_r039_c036,E4_sam2_overlay_vlm,SAM2 overlay,2026-06-26T15:33:24.218135+00:00,/home/nielsbroekhuizen/projects/my-vscode-project/outputs/case_study_2/runs/Tile_r039_c036/20260626_153324,9,5,point,5,5,4,0.8,False,False,False,False,False,False,False,5.0,80.0,4
grid_scan_paper,Grid Scan Paper,Tile_r039_c036,E5_imggen_overlay_vlm,ImgGen overlay,2026-06-26T15:33:24.218135+00:00,/home/nielsbroekhuizen/projects/my-vscode-project/outputs/case_study_2/runs/Tile_r039_c036/20260626_153324,6,5,point,5,5,1,0.2,False,False,True,True,True,False,False,5.0,20.0,1
grid_scan_paper,Grid Scan Paper,Tile_r039_c036,E6_sam3_deterministic,SAM3 mask,2026-06-26T15:33:24.218135+00:00,/home/nielsbroekhuizen/projects/my-vscode-project/outputs/case_study_2/runs/Tile_r039_c036/20260626_153324,1,5,point,5,5,4,0.8,False,False,False,False,False,False,False,5.0,80.0,-4
grid_scan_paper,Grid Scan Paper,Tile_r039_c036,E7_sam3_overlay_vlm,SAM3 overlay,2026-06-26T15:33:24.218135+00:00,/home/nielsbroekhuizen/projects/my-vscode-project/outputs/case_study_2/runs/Tile_r039_c036/20260626_153324,2,5,point,5,5,3,0.6,False,False,False,False,True,False,False,5.0,60.0,-3
grid_scan_paper,Grid Scan Paper,Tile_r039_c038,E1_raw_vlm,VLM,2026-06-26T15:36:53.846536+00:00,/home/nielsbroekhuizen/projects/my-vscode-project/outputs/case_study_2/runs/Tile_r039_c038/20260626_153653,1,1,point,1,1,0,0.0,True,True,True,True,True,True,True,1.0,0.0,0
grid_scan_paper,Grid Scan Paper,Tile_r039_c038,E2_sam2_deterministic,SAM2 mask,2026-06-26T15:36:53.846536+00:00,/home/nielsbroekhuizen/projects/my-vscode-project/outputs/case_study_2/runs/Tile_r039_c038/20260626_153653,1,1,point,1,1,0,0.0,True,True,True,True,True,True,True,1.0,0.0,0
grid_scan_paper,Grid Scan Paper,Tile_r039_c038,E3_imggen_deterministic,ImgGen mask,2026-06-26T15:36:53.846536+00:00,/home/nielsbroekhuizen/projects/my-vscode-project/outputs/case_study_2/runs/Tile_r039_c038/20260626_153653,1,1,point,1,1,0,0.0,True,True,True,True,True,True,True,1.0,0.0,0
grid_scan_paper,Grid Scan Paper,Tile_r039_c038,E4_sam2_overlay_vlm,SAM2 overlay,2026-06-26T15:36:53.846536+00:00,/home/nielsbroekhuizen/projects/my-vscode-project/outputs/case_study_2/runs/Tile_r039_c038/20260626_153653,1,1,point,1,1,0,0.0,True,True,True,True,True,True,True,1.0,0.0,0
grid_scan_paper,Grid Scan Paper,Tile_r039_c038,E5_imggen_overlay_vlm,ImgGen overlay,2026-06-26T15:36:53.846536+00:00,/home/nielsbroekhuizen/projects/my-vscode-project/outputs/case_study_2/runs/Tile_r039_c038/20260626_153653,2,1,point,1,1,1,1.0,False,False,True,True,True,False,False,1.0,100.0,1
grid_scan_paper,Grid Scan Paper,Tile_r039_c038,E6_sam3_deterministic,SAM3 mask,2026-06-26T15:36:53.846536+00:00,/home/nielsbroekhuizen/projects/my-vscode-project/outputs/case_study_2/runs/Tile_r039_c038/20260626_153653,0,1,point,1,1,1,1.0,False,False,True,True,True,False,False,1.0,100.0,-1
grid_scan_paper,Grid Scan Paper,Tile_r039_c038,E7_sam3_overlay_vlm,SAM3 overlay,2026-06-26T15:36:53.846536+00:00,/home/nielsbroekhuizen/projects/my-vscode-project/outputs/case_study_2/runs/Tile_r039_c038/20260626_153653,1,1,point,1,1,0,0.0,True,True,True,True,True,True,True,1.0,0.0,0
grid_scan_paper,Grid Scan Paper,Tile_r039_c039,E1_raw_vlm,VLM,2026-06-26T15:40:15.807129+00:00,/home/nielsbroekhuizen/projects/my-vscode-project/outputs/case_study_2/runs/Tile_r039_c039/20260626_154015,1,1,point,1,1,0,0.0,True,True,True,True,True,True,True,1.0,0.0,0
grid_scan_paper,Grid Scan Paper,Tile_r039_c039,E2_sam2_deterministic,SAM2 mask,2026-06-26T15:40:15.807129+00:00,/home/nielsbroekhuizen/projects/my-vscode-project/outputs/case_study_2/runs/Tile_r039_c039/20260626_154015,2,1,point,1,1,1,1.0,False,False,True,True,True,False,False,1.0,100.0,1
grid_scan_paper,Grid Scan Paper,Tile_r039_c039,E3_imggen_deterministic,ImgGen mask,2026-06-26T15:40:15.807129+00:00,/home/nielsbroekhuizen/projects/my-vscode-project/outputs/case_study_2/runs/Tile_r039_c039/20260626_154015,1,1,point,1,1,0,0.0,True,True,True,True,True,True,True,1.0,0.0,0
grid_scan_paper,Grid Scan Paper,Tile_r039_c039,E4_sam2_overlay_vlm,SAM2 overlay,2026-06-26T15:40:15.807129+00:00,/home/nielsbroekhuizen/projects/my-vscode-project/outputs/case_study_2/runs/Tile_r039_c039/20260626_154015,5,1,point,1,1,4,4.0,False,False,False,False,False,False,False,1.0,400.0,4
grid_scan_paper,Grid Scan Paper,Tile_r039_c039,E5_imggen_overlay_vlm,ImgGen overlay,2026-06-26T15:40:15.807129+00:00,/home/nielsbroekhuizen/projects/my-vscode-project/outputs/case_study_2/runs/Tile_r039_c039/20260626_154015,2,1,point,1,1,1,1.0,False,False,True,True,True,False,False,1.0,100.0,1
grid_scan_paper,Grid Scan Paper,Tile_r039_c039,E6_sam3_deterministic,SAM3 mask,2026-06-26T15:40:15.807129+00:00,/home/nielsbroekhuizen/projects/my-vscode-project/outputs/case_study_2/runs/Tile_r039_c039/20260626_154015,0,1,point,1,1,1,1.0,False,False,True,True,True,False,False,1.0,100.0,-1
grid_scan_paper,Grid Scan Paper,Tile_r039_c039,E7_sam3_overlay_vlm,SAM3 overlay,2026-06-26T15:40:15.807129+00:00,/home/nielsbroekhuizen/projects/my-vscode-project/outputs/case_study_2/runs/Tile_r039_c039/20260626_154015,1,1,point,1,1,0,0.0,True,True,True,True,True,True,True,1.0,0.0,0
grid_scan_paper,Grid Scan Paper,Tile_r039_c040,E1_raw_vlm,VLM,2026-06-26T15:43:36.127184+00:00,/home/nielsbroekhuizen/projects/my-vscode-project/outputs/case_study_2/runs/Tile_r039_c040/20260626_154336,7,4,point,4,4,3,0.75,False,False,False,False,True,False,False,4.0,75.0,3
grid_scan_paper,Grid Scan Paper,Tile_r039_c040,E2_sam2_deterministic,SAM2 mask,2026-06-26T15:43:36.127184+00:00,/home/nielsbroekhuizen/projects/my-vscode-project/outputs/case_study_2/runs/Tile_r039_c040/20260626_154336,80,4,point,4,4,76,19.0,False,False,False,False,False,False,False,4.0,1900.0,76
grid_scan_paper,Grid Scan Paper,Tile_r039_c040,E3_imggen_deterministic,ImgGen mask,2026-06-26T15:43:36.127184+00:00,/home/nielsbroekhuizen/projects/my-vscode-project/outputs/case_study_2/runs/Tile_r039_c040/20260626_154336,6,4,point,4,4,2,0.5,False,False,False,True,True,False,False,4.0,50.0,2
grid_scan_paper,Grid Scan Paper,Tile_r039_c040,E4_sam2_overlay_vlm,SAM2 overlay,2026-06-26T15:43:36.127184+00:00,/home/nielsbroekhuizen/projects/my-vscode-project/outputs/case_study_2/runs/Tile_r039_c040/20260626_154336,10,4,point,4,4,6,1.5,False,False,False,False,False,False,False,4.0,150.0,6
grid_scan_paper,Grid Scan Paper,Tile_r039_c040,E5_imggen_overlay_vlm,ImgGen overlay,2026-06-26T15:43:36.127184+00:00,/home/nielsbroekhuizen/projects/my-vscode-project/outputs/case_study_2/runs/Tile_r039_c040/20260626_154336,5,4,point,4,4,1,0.25,False,False,True,True,True,False,False,4.0,25.0,1
grid_scan_paper,Grid Scan Paper,Tile_r039_c040,E6_sam3_deterministic,SAM3 mask,2026-06-26T15:43:36.127184+00:00,/home/nielsbroekhuizen/projects/my-vscode-project/outputs/case_study_2/runs/Tile_r039_c040/20260626_154336,3,4,point,4,4,1,0.25,False,False,True,True,True,False,False,4.0,25.0,-1
grid_scan_paper,Grid Scan Paper,Tile_r039_c040,E7_sam3_overlay_vlm,SAM3 overlay,2026-06-26T15:43:36.127184+00:00,/home/nielsbroekhuizen/projects/my-vscode-project/outputs/case_study_2/runs/Tile_r039_c040/20260626_154336,3,4,point,4,4,1,0.25,False,False,True,True,True,False,False,4.0,25.0,-1
grid_scan_paper,Grid Scan Paper,Tile_r039_c041,E1_raw_vlm,VLM,2026-06-26T15:48:29.407769+00:00,/home/nielsbroekhuizen/projects/my-vscode-project/outputs/case_study_2/runs/Tile_r039_c041/20260626_154829,18,4,point,4,4,14,3.5,False,False,False,False,False,False,False,4.0,350.0,14
grid_scan_paper,Grid Scan Paper,Tile_r039_c041,E2_sam2_deterministic,SAM2 mask,2026-06-26T15:48:29.407769+00:00,/home/nielsbroekhuizen/projects/my-vscode-project/outputs/case_study_2/runs/Tile_r039_c041/20260626_154829,3,4,point,4,4,1,0.25,False,False,True,True,True,False,False,4.0,25.0,-1
grid_scan_paper,Grid Scan Paper,Tile_r039_c041,E3_imggen_deterministic,ImgGen mask,2026-06-26T15:48:29.407769+00:00,/home/nielsbroekhuizen/projects/my-vscode-project/outputs/case_study_2/runs/Tile_r039_c041/20260626_154829,7,4,point,4,4,3,0.75,False,False,False,False,True,False,False,4.0,75.0,3
grid_scan_paper,Grid Scan Paper,Tile_r039_c041,E4_sam2_overlay_vlm,SAM2 overlay,2026-06-26T15:48:29.407769+00:00,/home/nielsbroekhuizen/projects/my-vscode-project/outputs/case_study_2/runs/Tile_r039_c041/20260626_154829,12,4,point,4,4,8,2.0,False,False,False,False,False,False,False,4.0,200.0,8
grid_scan_paper,Grid Scan Paper,Tile_r039_c041,E5_imggen_overlay_vlm,ImgGen overlay,2026-06-26T15:48:29.407769+00:00,/home/nielsbroekhuizen/projects/my-vscode-project/outputs/case_study_2/runs/Tile_r039_c041/20260626_154829,16,4,point,4,4,12,3.0,False,False,False,False,False,False,False,4.0,300.0,12
grid_scan_paper,Grid Scan Paper,Tile_r039_c041,E6_sam3_deterministic,SAM3 mask,2026-06-26T15:48:29.407769+00:00,/home/nielsbroekhuizen/projects/my-vscode-project/outputs/case_study_2/runs/Tile_r039_c041/20260626_154829,3,4,point,4,4,1,0.25,False,False,True,True,True,False,False,4.0,25.0,-1
grid_scan_paper,Grid Scan Paper,Tile_r039_c041,E7_sam3_overlay_vlm,SAM3 overlay,2026-06-26T15:48:29.407769+00:00,/home/nielsbroekhuizen/projects/my-vscode-project/outputs/case_study_2/runs/Tile_r039_c041/20260626_154829,3,4,point,4,4,1,0.25,False,False,True,True,True,False,False,4.0,25.0,-1
grid_scan_paper,Grid Scan Paper,Tile_r039_c042,E1_raw_vlm,VLM,2026-06-26T15:55:22.183668+00:00,/home/nielsbroekhuizen/projects/my-vscode-project/outputs/case_study_2/runs/Tile_r039_c042/20260626_155522,4,4,point,4,4,0,0.0,True,True,True,True,True,True,True,4.0,0.0,0
grid_scan_paper,Grid Scan Paper,Tile_r039_c042,E2_sam2_deterministic,SAM2 mask,2026-06-26T15:55:22.183668+00:00,/home/nielsbroekhuizen/projects/my-vscode-project/outputs/case_study_2/runs/Tile_r039_c042/20260626_155522,2,4,point,4,4,2,0.5,False,False,False,True,True,False,False,4.0,50.0,-2
grid_scan_paper,Grid Scan Paper,Tile_r039_c042,E3_imggen_deterministic,ImgGen mask,2026-06-26T15:55:22.183668+00:00,/home/nielsbroekhuizen/projects/my-vscode-project/outputs/case_study_2/runs/Tile_r039_c042/20260626_155522,6,4,point,4,4,2,0.5,False,False,False,True,True,False,False,4.0,50.0,2
grid_scan_paper,Grid Scan Paper,Tile_r039_c042,E4_sam2_overlay_vlm,SAM2 overlay,2026-06-26T15:55:22.183668+00:00,/home/nielsbroekhuizen/projects/my-vscode-project/outputs/case_study_2/runs/Tile_r039_c042/20260626_155522,7,4,point,4,4,3,0.75,False,False,False,False,True,False,False,4.0,75.0,3
grid_scan_paper,Grid Scan Paper,Tile_r039_c042,E5_imggen_overlay_vlm,ImgGen overlay,2026-06-26T15:55:22.183668+00:00,/home/nielsbroekhuizen/projects/my-vscode-project/outputs/case_study_2/runs/Tile_r039_c042/20260626_155522,6,4,point,4,4,2,0.5,False,False,False,True,True,False,False,4.0,50.0,2
grid_scan_paper,Grid Scan Paper,Tile_r039_c042,E6_sam3_deterministic,SAM3 mask,2026-06-26T15:55:22.183668+00:00,/home/nielsbroekhuizen/projects/my-vscode-project/outputs/case_study_2/runs/Tile_r039_c042/20260626_155522,4,4,point,4,4,0,0.0,True,True,True,True,True,True,True,4.0,0.0,0
grid_scan_paper,Grid Scan Paper,Tile_r039_c042,E7_sam3_overlay_vlm,SAM3 overlay,2026-06-26T15:55:22.183668+00:00,/home/nielsbroekhuizen/projects/my-vscode-project/outputs/case_study_2/runs/Tile_r039_c042/20260626_155522,4,4,point,4,4,0,0.0,True,True,True,True,True,True,True,4.0,0.0,0
grid_scan_paper,Grid Scan Paper,Tile_r039_c043,E1_raw_vlm,VLM,2026-06-26T15:59:10.811168+00:00,/home/nielsbroekhuizen/projects/my-vscode-project/outputs/case_study_2/runs/Tile_r039_c043/20260626_155910,2,2,point,2,2,0,0.0,True,True,True,True,True,True,True,2.0,0.0,0
grid_scan_paper,Grid Scan Paper,Tile_r039_c043,E2_sam2_deterministic,SAM2 mask,2026-06-26T15:59:10.811168+00:00,/home/nielsbroekhuizen/projects/my-vscode-project/outputs/case_study_2/runs/Tile_r039_c043/20260626_155910,1,2,point,2,2,1,0.5,False,False,True,True,True,False,False,2.0,50.0,-1
grid_scan_paper,Grid Scan Paper,Tile_r039_c043,E3_imggen_deterministic,ImgGen mask,2026-06-26T15:59:10.811168+00:00,/home/nielsbroekhuizen/projects/my-vscode-project/outputs/case_study_2/runs/Tile_r039_c043/20260626_155910,2,2,point,2,2,0,0.0,True,True,True,True,True,True,True,2.0,0.0,0
grid_scan_paper,Grid Scan Paper,Tile_r039_c043,E4_sam2_overlay_vlm,SAM2 overlay,2026-06-26T15:59:10.811168+00:00,/home/nielsbroekhuizen/projects/my-vscode-project/outputs/case_study_2/runs/Tile_r039_c043/20260626_155910,3,2,point,2,2,1,0.5,False,False,True,True,True,False,False,2.0,50.0,1
grid_scan_paper,Grid Scan Paper,Tile_r039_c043,E5_imggen_overlay_vlm,ImgGen overlay,2026-06-26T15:59:10.811168+00:00,/home/nielsbroekhuizen/projects/my-vscode-project/outputs/case_study_2/runs/Tile_r039_c043/20260626_155910,3,2,point,2,2,1,0.5,False,False,True,True,True,False,False,2.0,50.0,1
grid_scan_paper,Grid Scan Paper,Tile_r039_c043,E6_sam3_deterministic,SAM3 mask,2026-06-26T15:59:10.811168+00:00,/home/nielsbroekhuizen/projects/my-vscode-project/outputs/case_study_2/runs/Tile_r039_c043/20260626_155910,0,2,point,2,2,2,1.0,False,False,False,True,True,False,False,2.0,100.0,-2
grid_scan_paper,Grid Scan Paper,Tile_r039_c043,E7_sam3_overlay_vlm,SAM3 overlay,2026-06-26T15:59:10.811168+00:00,/home/nielsbroekhuizen/projects/my-vscode-project/outputs/case_study_2/runs/Tile_r039_c043/20260626_155910,1,2,point,2,2,1,0.5,False,False,True,True,True,False,False,2.0,50.0,-1
grid_scan_paper,Grid Scan Paper,Tile_r039_c044,E1_raw_vlm,VLM,2026-06-26T16:02:36.251560+00:00,/home/nielsbroekhuizen/projects/my-vscode-project/outputs/case_study_2/runs/Tile_r039_c044/20260626_160236,9,9,point,9,9,0,0.0,True,True,True,True,True,True,True,9.0,0.0,0
grid_scan_paper,Grid Scan Paper,Tile_r039_c044,E2_sam2_deterministic,SAM2 mask,2026-06-26T16:02:36.251560+00:00,/home/nielsbroekhuizen/projects/my-vscode-project/outputs/case_study_2/runs/Tile_r039_c044/20260626_160236,4,9,point,9,9,5,0.5556,False,False,False,False,False,False,False,9.0,55.55555555555556,-5
grid_scan_paper,Grid Scan Paper,Tile_r039_c044,E3_imggen_deterministic,ImgGen mask,2026-06-26T16:02:36.251560+00:00,/home/nielsbroekhuizen/projects/my-vscode-project/outputs/case_study_2/runs/Tile_r039_c044/20260626_160236,10,9,point,9,9,1,0.1111,False,False,True,True,True,False,False,9.0,11.11111111111111,1
grid_scan_paper,Grid Scan Paper,Tile_r039_c044,E4_sam2_overlay_vlm,SAM2 overlay,2026-06-26T16:02:36.251560+00:00,/home/nielsbroekhuizen/projects/my-vscode-project/outputs/case_study_2/runs/Tile_r039_c044/20260626_160236,20,9,point,9,9,11,1.2222,False,False,False,False,False,False,False,9.0,122.22222222222223,11
grid_scan_paper,Grid Scan Paper,Tile_r039_c044,E5_imggen_overlay_vlm,ImgGen overlay,2026-06-26T16:02:36.251560+00:00,/home/nielsbroekhuizen/projects/my-vscode-project/outputs/case_study_2/runs/Tile_r039_c044/20260626_160236,12,9,point,9,9,3,0.3333,False,False,False,False,True,False,False,9.0,33.33333333333333,3
grid_scan_paper,Grid Scan Paper,Tile_r039_c044,E6_sam3_deterministic,SAM3 mask,2026-06-26T16:02:36.251560+00:00,/home/nielsbroekhuizen/projects/my-vscode-project/outputs/case_study_2/runs/Tile_r039_c044/20260626_160236,10,9,point,9,9,1,0.1111,False,False,True,True,True,False,False,9.0,11.11111111111111,1
grid_scan_paper,Grid Scan Paper,Tile_r039_c044,E7_sam3_overlay_vlm,SAM3 overlay,2026-06-26T16:02:36.251560+00:00,/home/nielsbroekhuizen/projects/my-vscode-project/outputs/case_study_2/runs/Tile_r039_c044/20260626_160236,11,9,point,9,9,2,0.2222,False,False,False,True,True,False,False,9.0,22.22222222222222,2
grid_scan_paper,Grid Scan Paper,Tile_r039_c045,E1_raw_vlm,VLM,2026-06-26T16:10:37.685970+00:00,/home/nielsbroekhuizen/projects/my-vscode-project/outputs/case_study_2/runs/Tile_r039_c045/20260626_161037,7,5,point,5,5,2,0.4,False,False,False,True,True,False,False,5.0,40.0,2
grid_scan_paper,Grid Scan Paper,Tile_r039_c045,E2_sam2_deterministic,SAM2 mask,2026-06-26T16:10:37.685970+00:00,/home/nielsbroekhuizen/projects/my-vscode-project/outputs/case_study_2/runs/Tile_r039_c045/20260626_161037,7,5,point,5,5,2,0.4,False,False,False,True,True,False,False,5.0,40.0,2
grid_scan_paper,Grid Scan Paper,Tile_r039_c045,E3_imggen_deterministic,ImgGen mask,2026-06-26T16:10:37.685970+00:00,/home/nielsbroekhuizen/projects/my-vscode-project/outputs/case_study_2/runs/Tile_r039_c045/20260626_161037,8,5,point,5,5,3,0.6,False,False,False,False,True,False,False,5.0,60.0,3
grid_scan_paper,Grid Scan Paper,Tile_r039_c045,E4_sam2_overlay_vlm,SAM2 overlay,2026-06-26T16:10:37.685970+00:00,/home/nielsbroekhuizen/projects/my-vscode-project/outputs/case_study_2/runs/Tile_r039_c045/20260626_161037,8,5,point,5,5,3,0.6,False,False,False,False,True,False,False,5.0,60.0,3
grid_scan_paper,Grid Scan Paper,Tile_r039_c045,E5_imggen_overlay_vlm,ImgGen overlay,2026-06-26T16:10:37.685970+00:00,/home/nielsbroekhuizen/projects/my-vscode-project/outputs/case_study_2/runs/Tile_r039_c045/20260626_161037,16,5,point,5,5,11,2.2,False,False,False,False,False,False,False,5.0,220.00000000000003,11
grid_scan_paper,Grid Scan Paper,Tile_r039_c045,E6_sam3_deterministic,SAM3 mask,2026-06-26T16:10:37.685970+00:00,/home/nielsbroekhuizen/projects/my-vscode-project/outputs/case_study_2/runs/Tile_r039_c045/20260626_161037,4,5,point,5,5,1,0.2,False,False,True,True,True,False,False,5.0,20.0,-1
grid_scan_paper,Grid Scan Paper,Tile_r039_c045,E7_sam3_overlay_vlm,SAM3 overlay,2026-06-26T16:10:37.685970+00:00,/home/nielsbroekhuizen/projects/my-vscode-project/outputs/case_study_2/runs/Tile_r039_c045/20260626_161037,8,5,point,5,5,3,0.6,False,False,False,False,True,False,False,5.0,60.0,3
grid_scan_paper,Grid Scan Paper,Tile_r039_c046,E1_raw_vlm,VLM,2026-06-26T16:18:15.035294+00:00,/home/nielsbroekhuizen/projects/my-vscode-project/outputs/case_study_2/runs/Tile_r039_c046/20260626_161815,14,12,point,12,12,2,0.1667,False,False,False,True,True,False,False,12.0,16.666666666666664,2
grid_scan_paper,Grid Scan Paper,Tile_r039_c046,E2_sam2_deterministic,SAM2 mask,2026-06-26T16:18:15.035294+00:00,/home/nielsbroekhuizen/projects/my-vscode-project/outputs/case_study_2/runs/Tile_r039_c046/20260626_161815,22,12,point,12,12,10,0.8333,False,False,False,False,False,False,False,12.0,83.33333333333334,10
grid_scan_paper,Grid Scan Paper,Tile_r039_c046,E3_imggen_deterministic,ImgGen mask,2026-06-26T16:18:15.035294+00:00,/home/nielsbroekhuizen/projects/my-vscode-project/outputs/case_study_2/runs/Tile_r039_c046/20260626_161815,17,12,point,12,12,5,0.4167,False,False,False,False,False,False,False,12.0,41.66666666666667,5
grid_scan_paper,Grid Scan Paper,Tile_r039_c046,E4_sam2_overlay_vlm,SAM2 overlay,2026-06-26T16:18:15.035294+00:00,/home/nielsbroekhuizen/projects/my-vscode-project/outputs/case_study_2/runs/Tile_r039_c046/20260626_161815,20,12,point,12,12,8,0.6667,False,False,False,False,False,False,False,12.0,66.66666666666666,8
grid_scan_paper,Grid Scan Paper,Tile_r039_c046,E5_imggen_overlay_vlm,ImgGen overlay,2026-06-26T16:18:15.035294+00:00,/home/nielsbroekhuizen/projects/my-vscode-project/outputs/case_study_2/runs/Tile_r039_c046/20260626_161815,17,12,point,12,12,5,0.4167,False,False,False,False,False,False,False,12.0,41.66666666666667,5
grid_scan_paper,Grid Scan Paper,Tile_r039_c046,E6_sam3_deterministic,SAM3 mask,2026-06-26T16:18:15.035294+00:00,/home/nielsbroekhuizen/projects/my-vscode-project/outputs/case_study_2/runs/Tile_r039_c046/20260626_161815,16,12,point,12,12,4,0.3333,False,False,False,False,False,False,False,12.0,33.33333333333333,4
grid_scan_paper,Grid Scan Paper,Tile_r039_c046,E7_sam3_overlay_vlm,SAM3 overlay,2026-06-26T16:18:15.035294+00:00,/home/nielsbroekhuizen/projects/my-vscode-project/outputs/case_study_2/runs/Tile_r039_c046/20260626_161815,16,12,point,12,12,4,0.3333,False,False,False,False,False,False,False,12.0,33.33333333333333,4
grid_scan_paper,Grid Scan Paper,Tile_r039_c047,E1_raw_vlm,VLM,2026-06-26T16:25:38.117988+00:00,/home/nielsbroekhuizen/projects/my-vscode-project/outputs/case_study_2/runs/Tile_r039_c047/20260626_162538,15,9,point,9,9,6,0.6667,False,False,False,False,False,False,False,9.0,66.66666666666666,6
grid_scan_paper,Grid Scan Paper,Tile_r039_c047,E2_sam2_deterministic,SAM2 mask,2026-06-26T16:25:38.117988+00:00,/home/nielsbroekhuizen/projects/my-vscode-project/outputs/case_study_2/runs/Tile_r039_c047/20260626_162538,15,9,point,9,9,6,0.6667,False,False,False,False,False,False,False,9.0,66.66666666666666,6
grid_scan_paper,Grid Scan Paper,Tile_r039_c047,E3_imggen_deterministic,ImgGen mask,2026-06-26T16:25:38.117988+00:00,/home/nielsbroekhuizen/projects/my-vscode-project/outputs/case_study_2/runs/Tile_r039_c047/20260626_162538,12,9,point,9,9,3,0.3333,False,False,False,False,True,False,False,9.0,33.33333333333333,3
grid_scan_paper,Grid Scan Paper,Tile_r039_c047,E4_sam2_overlay_vlm,SAM2 overlay,2026-06-26T16:25:38.117988+00:00,/home/nielsbroekhuizen/projects/my-vscode-project/outputs/case_study_2/runs/Tile_r039_c047/20260626_162538,39,9,point,9,9,30,3.3333,False,False,False,False,False,False,False,9.0,333.33333333333337,30
grid_scan_paper,Grid Scan Paper,Tile_r039_c047,E5_imggen_overlay_vlm,ImgGen overlay,2026-06-26T16:25:38.117988+00:00,/home/nielsbroekhuizen/projects/my-vscode-project/outputs/case_study_2/runs/Tile_r039_c047/20260626_162538,45,9,point,9,9,36,4.0,False,False,False,False,False,False,False,9.0,400.0,36
grid_scan_paper,Grid Scan Paper,Tile_r039_c047,E6_sam3_deterministic,SAM3 mask,2026-06-26T16:25:38.117988+00:00,/home/nielsbroekhuizen/projects/my-vscode-project/outputs/case_study_2/runs/Tile_r039_c047/20260626_162538,10,9,point,9,9,1,0.1111,False,False,True,True,True,False,False,9.0,11.11111111111111,1
grid_scan_paper,Grid Scan Paper,Tile_r039_c047,E7_sam3_overlay_vlm,SAM3 overlay,2026-06-26T16:25:38.117988+00:00,/home/nielsbroekhuizen/projects/my-vscode-project/outputs/case_study_2/runs/Tile_r039_c047/20260626_162538,12,9,point,9,9,3,0.3333,False,False,False,False,True,False,False,9.0,33.33333333333333,3
grid_scan_paper,Grid Scan Paper,Tile_r039_c048,E1_raw_vlm,VLM,2026-06-26T16:38:30.045454+00:00,/home/nielsbroekhuizen/projects/my-vscode-project/outputs/case_study_2/runs/Tile_r039_c048/20260626_163830,24,12,point,12,12,12,1.0,False,False,False,False,False,False,False,12.0,100.0,12
grid_scan_paper,Grid Scan Paper,Tile_r039_c048,E2_sam2_deterministic,SAM2 mask,2026-06-26T16:38:30.045454+00:00,/home/nielsbroekhuizen/projects/my-vscode-project/outputs/case_study_2/runs/Tile_r039_c048/20260626_163830,24,12,point,12,12,12,1.0,False,False,False,False,False,False,False,12.0,100.0,12
grid_scan_paper,Grid Scan Paper,Tile_r039_c048,E3_imggen_deterministic,ImgGen mask,2026-06-26T16:38:30.045454+00:00,/home/nielsbroekhuizen/projects/my-vscode-project/outputs/case_study_2/runs/Tile_r039_c048/20260626_163830,24,12,point,12,12,12,1.0,False,False,False,False,False,False,False,12.0,100.0,12
grid_scan_paper,Grid Scan Paper,Tile_r039_c048,E4_sam2_overlay_vlm,SAM2 overlay,2026-06-26T16:38:30.045454+00:00,/home/nielsbroekhuizen/projects/my-vscode-project/outputs/case_study_2/runs/Tile_r039_c048/20260626_163830,44,12,point,12,12,32,2.6667,False,False,False,False,False,False,False,12.0,266.66666666666663,32
grid_scan_paper,Grid Scan Paper,Tile_r039_c048,E5_imggen_overlay_vlm,ImgGen overlay,2026-06-26T16:38:30.045454+00:00,/home/nielsbroekhuizen/projects/my-vscode-project/outputs/case_study_2/runs/Tile_r039_c048/20260626_163830,45,12,point,12,12,33,2.75,False,False,False,False,False,False,False,12.0,275.0,33
grid_scan_paper,Grid Scan Paper,Tile_r039_c048,E6_sam3_deterministic,SAM3 mask,2026-06-26T16:38:30.045454+00:00,/home/nielsbroekhuizen/projects/my-vscode-project/outputs/case_study_2/runs/Tile_r039_c048/20260626_163830,22,12,point,12,12,10,0.8333,False,False,False,False,False,False,False,12.0,83.33333333333334,10
grid_scan_paper,Grid Scan Paper,Tile_r039_c048,E7_sam3_overlay_vlm,SAM3 overlay,2026-06-26T16:38:30.045454+00:00,/home/nielsbroekhuizen/projects/my-vscode-project/outputs/case_study_2/runs/Tile_r039_c048/20260626_163830,25,12,point,12,12,13,1.0833,False,False,False,False,False,False,False,12.0,108.33333333333333,13
grid_scan_paper,Grid Scan Paper,Tile_r039_c049,E1_raw_vlm,VLM,2026-06-26T16:50:39.525515+00:00,/home/nielsbroekhuizen/projects/my-vscode-project/outputs/case_study_2/runs/Tile_r039_c049/20260626_165039,11,7,point,7,7,4,0.5714,False,False,False,False,False,False,False,7.0,57.14285714285714,4
grid_scan_paper,Grid Scan Paper,Tile_r039_c049,E2_sam2_deterministic,SAM2 mask,2026-06-26T16:50:39.525515+00:00,/home/nielsbroekhuizen/projects/my-vscode-project/outputs/case_study_2/runs/Tile_r039_c049/20260626_165039,15,7,point,7,7,8,1.1429,False,False,False,False,False,False,False,7.0,114.28571428571428,8
grid_scan_paper,Grid Scan Paper,Tile_r039_c049,E3_imggen_deterministic,ImgGen mask,2026-06-26T16:50:39.525515+00:00,/home/nielsbroekhuizen/projects/my-vscode-project/outputs/case_study_2/runs/Tile_r039_c049/20260626_165039,7,7,point,7,7,0,0.0,True,True,True,True,True,True,True,7.0,0.0,0
grid_scan_paper,Grid Scan Paper,Tile_r039_c049,E4_sam2_overlay_vlm,SAM2 overlay,2026-06-26T16:50:39.525515+00:00,/home/nielsbroekhuizen/projects/my-vscode-project/outputs/case_study_2/runs/Tile_r039_c049/20260626_165039,15,7,point,7,7,8,1.1429,False,False,False,False,False,False,False,7.0,114.28571428571428,8
grid_scan_paper,Grid Scan Paper,Tile_r039_c049,E5_imggen_overlay_vlm,ImgGen overlay,2026-06-26T16:50:39.525515+00:00,/home/nielsbroekhuizen/projects/my-vscode-project/outputs/case_study_2/runs/Tile_r039_c049/20260626_165039,9,7,point,7,7,2,0.2857,False,False,False,True,True,False,False,7.0,28.57142857142857,2
grid_scan_paper,Grid Scan Paper,Tile_r039_c049,E6_sam3_deterministic,SAM3 mask,2026-06-26T16:50:39.525515+00:00,/home/nielsbroekhuizen/projects/my-vscode-project/outputs/case_study_2/runs/Tile_r039_c049/20260626_165039,8,7,point,7,7,1,0.1429,False,False,True,True,True,False,False,7.0,14.285714285714285,1
grid_scan_paper,Grid Scan Paper,Tile_r039_c049,E7_sam3_overlay_vlm,SAM3 overlay,2026-06-26T16:50:39.525515+00:00,/home/nielsbroekhuizen/projects/my-vscode-project/outputs/case_study_2/runs/Tile_r039_c049/20260626_165039,8,7,point,7,7,1,0.1429,False,False,True,True,True,False,False,7.0,14.285714285714285,1
grid_scan_paper,Grid Scan Paper,Tile_r040_c028,E1_raw_vlm,VLM,2026-06-26T16:56:37.267005+00:00,/home/nielsbroekhuizen/projects/my-vscode-project/outputs/case_study_2/runs/Tile_r040_c028/20260626_165637,1,1,point,1,1,0,0.0,True,True,True,True,True,True,True,1.0,0.0,0
grid_scan_paper,Grid Scan Paper,Tile_r040_c028,E2_sam2_deterministic,SAM2 mask,2026-06-26T16:56:37.267005+00:00,/home/nielsbroekhuizen/projects/my-vscode-project/outputs/case_study_2/runs/Tile_r040_c028/20260626_165637,1,1,point,1,1,0,0.0,True,True,True,True,True,True,True,1.0,0.0,0
grid_scan_paper,Grid Scan Paper,Tile_r040_c028,E3_imggen_deterministic,ImgGen mask,2026-06-26T16:56:37.267005+00:00,/home/nielsbroekhuizen/projects/my-vscode-project/outputs/case_study_2/runs/Tile_r040_c028/20260626_165637,1,1,point,1,1,0,0.0,True,True,True,True,True,True,True,1.0,0.0,0
grid_scan_paper,Grid Scan Paper,Tile_r040_c028,E4_sam2_overlay_vlm,SAM2 overlay,2026-06-26T16:56:37.267005+00:00,/home/nielsbroekhuizen/projects/my-vscode-project/outputs/case_study_2/runs/Tile_r040_c028/20260626_165637,3,1,point,1,1,2,2.0,False,False,False,True,True,False,False,1.0,200.0,2
grid_scan_paper,Grid Scan Paper,Tile_r040_c028,E5_imggen_overlay_vlm,ImgGen overlay,2026-06-26T16:56:37.267005+00:00,/home/nielsbroekhuizen/projects/my-vscode-project/outputs/case_study_2/runs/Tile_r040_c028/20260626_165637,2,1,point,1,1,1,1.0,False,False,True,True,True,False,False,1.0,100.0,1
grid_scan_paper,Grid Scan Paper,Tile_r040_c028,E6_sam3_deterministic,SAM3 mask,2026-06-26T16:56:37.267005+00:00,/home/nielsbroekhuizen/projects/my-vscode-project/outputs/case_study_2/runs/Tile_r040_c028/20260626_165637,0,1,point,1,1,1,1.0,False,False,True,True,True,False,False,1.0,100.0,-1
grid_scan_paper,Grid Scan Paper,Tile_r040_c028,E7_sam3_overlay_vlm,SAM3 overlay,2026-06-26T16:56:37.267005+00:00,/home/nielsbroekhuizen/projects/my-vscode-project/outputs/case_study_2/runs/Tile_r040_c028/20260626_165637,1,1,point,1,1,0,0.0,True,True,True,True,True,True,True,1.0,0.0,0
grid_scan_paper,Grid Scan Paper,Tile_r040_c029,E1_raw_vlm,VLM,2026-06-26T16:59:47.791826+00:00,/home/nielsbroekhuizen/projects/my-vscode-project/outputs/case_study_2/runs/Tile_r040_c029/20260626_165947,16,6,point,6,6,10,1.6667,False,False,False,False,False,False,False,6.0,166.66666666666669,10
grid_scan_paper,Grid Scan Paper,Tile_r040_c029,E2_sam2_deterministic,SAM2 mask,2026-06-26T16:59:47.791826+00:00,/home/nielsbroekhuizen/projects/my-vscode-project/outputs/case_study_2/runs/Tile_r040_c029/20260626_165947,3,6,point,6,6,3,0.5,False,False,False,False,True,False,False,6.0,50.0,-3
grid_scan_paper,Grid Scan Paper,Tile_r040_c029,E3_imggen_deterministic,ImgGen mask,2026-06-26T16:59:47.791826+00:00,/home/nielsbroekhuizen/projects/my-vscode-project/outputs/case_study_2/runs/Tile_r040_c029/20260626_165947,11,6,point,6,6,5,0.8333,False,False,False,False,False,False,False,6.0,83.33333333333334,5
grid_scan_paper,Grid Scan Paper,Tile_r040_c029,E4_sam2_overlay_vlm,SAM2 overlay,2026-06-26T16:59:47.791826+00:00,/home/nielsbroekhuizen/projects/my-vscode-project/outputs/case_study_2/runs/Tile_r040_c029/20260626_165947,13,6,point,6,6,7,1.1667,False,False,False,False,False,False,False,6.0,116.66666666666667,7
grid_scan_paper,Grid Scan Paper,Tile_r040_c029,E5_imggen_overlay_vlm,ImgGen overlay,2026-06-26T16:59:47.791826+00:00,/home/nielsbroekhuizen/projects/my-vscode-project/outputs/case_study_2/runs/Tile_r040_c029/20260626_165947,20,6,point,6,6,14,2.3333,False,False,False,False,False,False,False,6.0,233.33333333333334,14
grid_scan_paper,Grid Scan Paper,Tile_r040_c029,E6_sam3_deterministic,SAM3 mask,2026-06-26T16:59:47.791826+00:00,/home/nielsbroekhuizen/projects/my-vscode-project/outputs/case_study_2/runs/Tile_r040_c029/20260626_165947,8,6,point,6,6,2,0.3333,False,False,False,True,True,False,False,6.0,33.33333333333333,2
grid_scan_paper,Grid Scan Paper,Tile_r040_c029,E7_sam3_overlay_vlm,SAM3 overlay,2026-06-26T16:59:47.791826+00:00,/home/nielsbroekhuizen/projects/my-vscode-project/outputs/case_study_2/runs/Tile_r040_c029/20260626_165947,10,6,point,6,6,4,0.6667,False,False,False,False,False,False,False,6.0,66.66666666666666,4
grid_scan_paper,Grid Scan Paper,Tile_r040_c035,E1_raw_vlm,VLM,2026-06-26T17:05:49.458503+00:00,/home/nielsbroekhuizen/projects/my-vscode-project/outputs/case_study_2/runs/Tile_r040_c035/20260626_170549,3,3,point,3,3,0,0.0,True,True,True,True,True,True,True,3.0,0.0,0
grid_scan_paper,Grid Scan Paper,Tile_r040_c035,E2_sam2_deterministic,SAM2 mask,2026-06-26T17:05:49.458503+00:00,/home/nielsbroekhuizen/projects/my-vscode-project/outputs/case_study_2/runs/Tile_r040_c035/20260626_170549,2,3,point,3,3,1,0.3333,False,False,True,True,True,False,False,3.0,33.33333333333333,-1
grid_scan_paper,Grid Scan Paper,Tile_r040_c035,E3_imggen_deterministic,ImgGen mask,2026-06-26T17:05:49.458503+00:00,/home/nielsbroekhuizen/projects/my-vscode-project/outputs/case_study_2/runs/Tile_r040_c035/20260626_170549,3,3,point,3,3,0,0.0,True,True,True,True,True,True,True,3.0,0.0,0
grid_scan_paper,Grid Scan Paper,Tile_r040_c035,E4_sam2_overlay_vlm,SAM2 overlay,2026-06-26T17:05:49.458503+00:00,/home/nielsbroekhuizen/projects/my-vscode-project/outputs/case_study_2/runs/Tile_r040_c035/20260626_170549,5,3,point,3,3,2,0.6667,False,False,False,True,True,False,False,3.0,66.66666666666666,2
grid_scan_paper,Grid Scan Paper,Tile_r040_c035,E5_imggen_overlay_vlm,ImgGen overlay,2026-06-26T17:05:49.458503+00:00,/home/nielsbroekhuizen/projects/my-vscode-project/outputs/case_study_2/runs/Tile_r040_c035/20260626_170549,4,3,point,3,3,1,0.3333,False,False,True,True,True,False,False,3.0,33.33333333333333,1
grid_scan_paper,Grid Scan Paper,Tile_r040_c035,E6_sam3_deterministic,SAM3 mask,2026-06-26T17:05:49.458503+00:00,/home/nielsbroekhuizen/projects/my-vscode-project/outputs/case_study_2/runs/Tile_r040_c035/20260626_170549,0,3,point,3,3,3,1.0,False,False,False,False,True,False,False,3.0,100.0,-3
grid_scan_paper,Grid Scan Paper,Tile_r040_c035,E7_sam3_overlay_vlm,SAM3 overlay,2026-06-26T17:05:49.458503+00:00,/home/nielsbroekhuizen/projects/my-vscode-project/outputs/case_study_2/runs/Tile_r040_c035/20260626_170549,1,3,point,3,3,2,0.6667,False,False,False,True,True,False,False,3.0,66.66666666666666,-2
grid_scan_paper,Grid Scan Paper,Tile_r040_c036,E1_raw_vlm,VLM,2026-06-26T17:09:50.366600+00:00,/home/nielsbroekhuizen/projects/my-vscode-project/outputs/case_study_2/runs/Tile_r040_c036/20260626_170950,6,5,point,5,5,1,0.2,False,False,True,True,True,False,False,5.0,20.0,1
grid_scan_paper,Grid Scan Paper,Tile_r040_c036,E2_sam2_deterministic,SAM2 mask,2026-06-26T17:09:50.366600+00:00,/home/nielsbroekhuizen/projects/my-vscode-project/outputs/case_study_2/runs/Tile_r040_c036/20260626_170950,2,5,point,5,5,3,0.6,False,False,False,False,True,False,False,5.0,60.0,-3
grid_scan_paper,Grid Scan Paper,Tile_r040_c036,E3_imggen_deterministic,ImgGen mask,2026-06-26T17:09:50.366600+00:00,/home/nielsbroekhuizen/projects/my-vscode-project/outputs/case_study_2/runs/Tile_r040_c036/20260626_170950,6,5,point,5,5,1,0.2,False,False,True,True,True,False,False,5.0,20.0,1
grid_scan_paper,Grid Scan Paper,Tile_r040_c036,E4_sam2_overlay_vlm,SAM2 overlay,2026-06-26T17:09:50.366600+00:00,/home/nielsbroekhuizen/projects/my-vscode-project/outputs/case_study_2/runs/Tile_r040_c036/20260626_170950,4,5,point,5,5,1,0.2,False,False,True,True,True,False,False,5.0,20.0,-1
grid_scan_paper,Grid Scan Paper,Tile_r040_c036,E5_imggen_overlay_vlm,ImgGen overlay,2026-06-26T17:09:50.366600+00:00,/home/nielsbroekhuizen/projects/my-vscode-project/outputs/case_study_2/runs/Tile_r040_c036/20260626_170950,8,5,point,5,5,3,0.6,False,False,False,False,True,False,False,5.0,60.0,3
grid_scan_paper,Grid Scan Paper,Tile_r040_c036,E6_sam3_deterministic,SAM3 mask,2026-06-26T17:09:50.366600+00:00,/home/nielsbroekhuizen/projects/my-vscode-project/outputs/case_study_2/runs/Tile_r040_c036/20260626_170950,5,5,point,5,5,0,0.0,True,True,True,True,True,True,True,5.0,0.0,0
grid_scan_paper,Grid Scan Paper,Tile_r040_c036,E7_sam3_overlay_vlm,SAM3 overlay,2026-06-26T17:09:50.366600+00:00,/home/nielsbroekhuizen/projects/my-vscode-project/outputs/case_study_2/runs/Tile_r040_c036/20260626_170950,7,5,point,5,5,2,0.4,False,False,False,True,True,False,False,5.0,40.0,2
grid_scan_paper,Grid Scan Paper,Tile_r040_c038,E1_raw_vlm,VLM,2026-06-26T17:13:45.756670+00:00,/home/nielsbroekhuizen/projects/my-vscode-project/outputs/case_study_2/runs/Tile_r040_c038/20260626_171345,3,3,point,3,3,0,0.0,True,True,True,True,True,True,True,3.0,0.0,0
grid_scan_paper,Grid Scan Paper,Tile_r040_c038,E2_sam2_deterministic,SAM2 mask,2026-06-26T17:13:45.756670+00:00,/home/nielsbroekhuizen/projects/my-vscode-project/outputs/case_study_2/runs/Tile_r040_c038/20260626_171345,3,3,point,3,3,0,0.0,True,True,True,True,True,True,True,3.0,0.0,0
grid_scan_paper,Grid Scan Paper,Tile_r040_c038,E3_imggen_deterministic,ImgGen mask,2026-06-26T17:13:45.756670+00:00,/home/nielsbroekhuizen/projects/my-vscode-project/outputs/case_study_2/runs/Tile_r040_c038/20260626_171345,6,3,point,3,3,3,1.0,False,False,False,False,True,False,False,3.0,100.0,3
grid_scan_paper,Grid Scan Paper,Tile_r040_c038,E4_sam2_overlay_vlm,SAM2 overlay,2026-06-26T17:13:45.756670+00:00,/home/nielsbroekhuizen/projects/my-vscode-project/outputs/case_study_2/runs/Tile_r040_c038/20260626_171345,13,3,point,3,3,10,3.3333,False,False,False,False,False,False,False,3.0,333.33333333333337,10
grid_scan_paper,Grid Scan Paper,Tile_r040_c038,E5_imggen_overlay_vlm,ImgGen overlay,2026-06-26T17:13:45.756670+00:00,/home/nielsbroekhuizen/projects/my-vscode-project/outputs/case_study_2/runs/Tile_r040_c038/20260626_171345,8,3,point,3,3,5,1.6667,False,False,False,False,False,False,False,3.0,166.66666666666669,5
grid_scan_paper,Grid Scan Paper,Tile_r040_c038,E6_sam3_deterministic,SAM3 mask,2026-06-26T17:13:45.756670+00:00,/home/nielsbroekhuizen/projects/my-vscode-project/outputs/case_study_2/runs/Tile_r040_c038/20260626_171345,3,3,point,3,3,0,0.0,True,True,True,True,True,True,True,3.0,0.0,0
grid_scan_paper,Grid Scan Paper,Tile_r040_c038,E7_sam3_overlay_vlm,SAM3 overlay,2026-06-26T17:13:45.756670+00:00,/home/nielsbroekhuizen/projects/my-vscode-project/outputs/case_study_2/runs/Tile_r040_c038/20260626_171345,4,3,point,3,3,1,0.3333,False,False,True,True,True,False,False,3.0,33.33333333333333,1
grid_scan_paper,Grid Scan Paper,Tile_r040_c039,E1_raw_vlm,VLM,2026-06-26T17:18:57.003357+00:00,/home/nielsbroekhuizen/projects/my-vscode-project/outputs/case_study_2/runs/Tile_r040_c039/20260626_171857,2,3,point,3,3,1,0.3333,False,False,True,True,True,False,False,3.0,33.33333333333333,-1
grid_scan_paper,Grid Scan Paper,Tile_r040_c039,E2_sam2_deterministic,SAM2 mask,2026-06-26T17:18:57.003357+00:00,/home/nielsbroekhuizen/projects/my-vscode-project/outputs/case_study_2/runs/Tile_r040_c039/20260626_171857,10,3,point,3,3,7,2.3333,False,False,False,False,False,False,False,3.0,233.33333333333334,7
grid_scan_paper,Grid Scan Paper,Tile_r040_c039,E3_imggen_deterministic,ImgGen mask,2026-06-26T17:18:57.003357+00:00,/home/nielsbroekhuizen/projects/my-vscode-project/outputs/case_study_2/runs/Tile_r040_c039/20260626_171857,2,3,point,3,3,1,0.3333,False,False,True,True,True,False,False,3.0,33.33333333333333,-1
grid_scan_paper,Grid Scan Paper,Tile_r040_c039,E4_sam2_overlay_vlm,SAM2 overlay,2026-06-26T17:18:57.003357+00:00,/home/nielsbroekhuizen/projects/my-vscode-project/outputs/case_study_2/runs/Tile_r040_c039/20260626_171857,3,3,point,3,3,0,0.0,True,True,True,True,True,True,True,3.0,0.0,0
grid_scan_paper,Grid Scan Paper,Tile_r040_c039,E5_imggen_overlay_vlm,ImgGen overlay,2026-06-26T17:18:57.003357+00:00,/home/nielsbroekhuizen/projects/my-vscode-project/outputs/case_study_2/runs/Tile_r040_c039/20260626_171857,4,3,point,3,3,1,0.3333,False,False,True,True,True,False,False,3.0,33.33333333333333,1
grid_scan_paper,Grid Scan Paper,Tile_r040_c039,E6_sam3_deterministic,SAM3 mask,2026-06-26T17:18:57.003357+00:00,/home/nielsbroekhuizen/projects/my-vscode-project/outputs/case_study_2/runs/Tile_r040_c039/20260626_171857,1,3,point,3,3,2,0.6667,False,False,False,True,True,False,False,3.0,66.66666666666666,-2
grid_scan_paper,Grid Scan Paper,Tile_r040_c039,E7_sam3_overlay_vlm,SAM3 overlay,2026-06-26T17:18:57.003357+00:00,/home/nielsbroekhuizen/projects/my-vscode-project/outputs/case_study_2/runs/Tile_r040_c039/20260626_171857,2,3,point,3,3,1,0.3333,False,False,True,True,True,False,False,3.0,33.33333333333333,-1
grid_scan_paper,Grid Scan Paper,Tile_r040_c040,E1_raw_vlm,VLM,2026-06-26T17:22:43.900572+00:00,/home/nielsbroekhuizen/projects/my-vscode-project/outputs/case_study_2/runs/Tile_r040_c040/20260626_172243,3,3,point,3,3,0,0.0,True,True,True,True,True,True,True,3.0,0.0,0
grid_scan_paper,Grid Scan Paper,Tile_r040_c040,E2_sam2_deterministic,SAM2 mask,2026-06-26T17:22:43.900572+00:00,/home/nielsbroekhuizen/projects/my-vscode-project/outputs/case_study_2/runs/Tile_r040_c040/20260626_172243,1,3,point,3,3,2,0.6667,False,False,False,True,True,False,False,3.0,66.66666666666666,-2
grid_scan_paper,Grid Scan Paper,Tile_r040_c040,E3_imggen_deterministic,ImgGen mask,2026-06-26T17:22:43.900572+00:00,/home/nielsbroekhuizen/projects/my-vscode-project/outputs/case_study_2/runs/Tile_r040_c040/20260626_172243,3,3,point,3,3,0,0.0,True,True,True,True,True,True,True,3.0,0.0,0
grid_scan_paper,Grid Scan Paper,Tile_r040_c040,E4_sam2_overlay_vlm,SAM2 overlay,2026-06-26T17:22:43.900572+00:00,/home/nielsbroekhuizen/projects/my-vscode-project/outputs/case_study_2/runs/Tile_r040_c040/20260626_172243,4,3,point,3,3,1,0.3333,False,False,True,True,True,False,False,3.0,33.33333333333333,1
grid_scan_paper,Grid Scan Paper,Tile_r040_c040,E5_imggen_overlay_vlm,ImgGen overlay,2026-06-26T17:22:43.900572+00:00,/home/nielsbroekhuizen/projects/my-vscode-project/outputs/case_study_2/runs/Tile_r040_c040/20260626_172243,4,3,point,3,3,1,0.3333,False,False,True,True,True,False,False,3.0,33.33333333333333,1
grid_scan_paper,Grid Scan Paper,Tile_r040_c040,E6_sam3_deterministic,SAM3 mask,2026-06-26T17:22:43.900572+00:00,/home/nielsbroekhuizen/projects/my-vscode-project/outputs/case_study_2/runs/Tile_r040_c040/20260626_172243,3,3,point,3,3,0,0.0,True,True,True,True,True,True,True,3.0,0.0,0
grid_scan_paper,Grid Scan Paper,Tile_r040_c040,E7_sam3_overlay_vlm,SAM3 overlay,2026-06-26T17:22:43.900572+00:00,/home/nielsbroekhuizen/projects/my-vscode-project/outputs/case_study_2/runs/Tile_r040_c040/20260626_172243,4,3,point,3,3,1,0.3333,False,False,True,True,True,False,False,3.0,33.33333333333333,1
grid_scan_paper,Grid Scan Paper,Tile_r040_c041,E1_raw_vlm,VLM,2026-06-26T17:26:26.391183+00:00,/home/nielsbroekhuizen/projects/my-vscode-project/outputs/case_study_2/runs/Tile_r040_c041/20260626_172626,8,4,point,4,4,4,1.0,False,False,False,False,False,False,False,4.0,100.0,4
grid_scan_paper,Grid Scan Paper,Tile_r040_c041,E2_sam2_deterministic,SAM2 mask,2026-06-26T17:26:26.391183+00:00,/home/nielsbroekhuizen/projects/my-vscode-project/outputs/case_study_2/runs/Tile_r040_c041/20260626_172626,14,4,point,4,4,10,2.5,False,False,False,False,False,False,False,4.0,250.0,10
grid_scan_paper,Grid Scan Paper,Tile_r040_c041,E3_imggen_deterministic,ImgGen mask,2026-06-26T17:26:26.391183+00:00,/home/nielsbroekhuizen/projects/my-vscode-project/outputs/case_study_2/runs/Tile_r040_c041/20260626_172626,5,4,point,4,4,1,0.25,False,False,True,True,True,False,False,4.0,25.0,1
grid_scan_paper,Grid Scan Paper,Tile_r040_c041,E4_sam2_overlay_vlm,SAM2 overlay,2026-06-26T17:26:26.391183+00:00,/home/nielsbroekhuizen/projects/my-vscode-project/outputs/case_study_2/runs/Tile_r040_c041/20260626_172626,12,4,point,4,4,8,2.0,False,False,False,False,False,False,False,4.0,200.0,8
grid_scan_paper,Grid Scan Paper,Tile_r040_c041,E5_imggen_overlay_vlm,ImgGen overlay,2026-06-26T17:26:26.391183+00:00,/home/nielsbroekhuizen/projects/my-vscode-project/outputs/case_study_2/runs/Tile_r040_c041/20260626_172626,8,4,point,4,4,4,1.0,False,False,False,False,False,False,False,4.0,100.0,4
grid_scan_paper,Grid Scan Paper,Tile_r040_c041,E6_sam3_deterministic,SAM3 mask,2026-06-26T17:26:26.391183+00:00,/home/nielsbroekhuizen/projects/my-vscode-project/outputs/case_study_2/runs/Tile_r040_c041/20260626_172626,0,4,point,4,4,4,1.0,False,False,False,False,False,False,False,4.0,100.0,-4
grid_scan_paper,Grid Scan Paper,Tile_r040_c041,E7_sam3_overlay_vlm,SAM3 overlay,2026-06-26T17:26:26.391183+00:00,/home/nielsbroekhuizen/projects/my-vscode-project/outputs/case_study_2/runs/Tile_r040_c041/20260626_172626,1,4,point,4,4,3,0.75,False,False,False,False,True,False,False,4.0,75.0,-3
grid_scan_paper,Grid Scan Paper,Tile_r040_c043,E1_raw_vlm,VLM,2026-06-26T17:31:14.387172+00:00,/home/nielsbroekhuizen/projects/my-vscode-project/outputs/case_study_2/runs/Tile_r040_c043/20260626_173114,1,2,point,2,2,1,0.5,False,False,True,True,True,False,False,2.0,50.0,-1
grid_scan_paper,Grid Scan Paper,Tile_r040_c043,E2_sam2_deterministic,SAM2 mask,2026-06-26T17:31:14.387172+00:00,/home/nielsbroekhuizen/projects/my-vscode-project/outputs/case_study_2/runs/Tile_r040_c043/20260626_173114,2,2,point,2,2,0,0.0,True,True,True,True,True,True,True,2.0,0.0,0
grid_scan_paper,Grid Scan Paper,Tile_r040_c043,E3_imggen_deterministic,ImgGen mask,2026-06-26T17:31:14.387172+00:00,/home/nielsbroekhuizen/projects/my-vscode-project/outputs/case_study_2/runs/Tile_r040_c043/20260626_173114,2,2,point,2,2,0,0.0,True,True,True,True,True,True,True,2.0,0.0,0
grid_scan_paper,Grid Scan Paper,Tile_r040_c043,E4_sam2_overlay_vlm,SAM2 overlay,2026-06-26T17:31:14.387172+00:00,/home/nielsbroekhuizen/projects/my-vscode-project/outputs/case_study_2/runs/Tile_r040_c043/20260626_173114,3,2,point,2,2,1,0.5,False,False,True,True,True,False,False,2.0,50.0,1
grid_scan_paper,Grid Scan Paper,Tile_r040_c043,E5_imggen_overlay_vlm,ImgGen overlay,2026-06-26T17:31:14.387172+00:00,/home/nielsbroekhuizen/projects/my-vscode-project/outputs/case_study_2/runs/Tile_r040_c043/20260626_173114,3,2,point,2,2,1,0.5,False,False,True,True,True,False,False,2.0,50.0,1
grid_scan_paper,Grid Scan Paper,Tile_r040_c043,E6_sam3_deterministic,SAM3 mask,2026-06-26T17:31:14.387172+00:00,/home/nielsbroekhuizen/projects/my-vscode-project/outputs/case_study_2/runs/Tile_r040_c043/20260626_173114,0,2,point,2,2,2,1.0,False,False,False,True,True,False,False,2.0,100.0,-2
grid_scan_paper,Grid Scan Paper,Tile_r040_c043,E7_sam3_overlay_vlm,SAM3 overlay,2026-06-26T17:31:14.387172+00:00,/home/nielsbroekhuizen/projects/my-vscode-project/outputs/case_study_2/runs/Tile_r040_c043/20260626_173114,1,2,point,2,2,1,0.5,False,False,True,True,True,False,False,2.0,50.0,-1
grid_scan_paper,Grid Scan Paper,Tile_r040_c044,E1_raw_vlm,VLM,2026-06-26T17:34:50.871689+00:00,/home/nielsbroekhuizen/projects/my-vscode-project/outputs/case_study_2/runs/Tile_r040_c044/20260626_173450,3,3,point,3,3,0,0.0,True,True,True,True,True,True,True,3.0,0.0,0
grid_scan_paper,Grid Scan Paper,Tile_r040_c044,E2_sam2_deterministic,SAM2 mask,2026-06-26T17:34:50.871689+00:00,/home/nielsbroekhuizen/projects/my-vscode-project/outputs/case_study_2/runs/Tile_r040_c044/20260626_173450,5,3,point,3,3,2,0.6667,False,False,False,True,True,False,False,3.0,66.66666666666666,2
grid_scan_paper,Grid Scan Paper,Tile_r040_c044,E3_imggen_deterministic,ImgGen mask,2026-06-26T17:34:50.871689+00:00,/home/nielsbroekhuizen/projects/my-vscode-project/outputs/case_study_2/runs/Tile_r040_c044/20260626_173450,3,3,point,3,3,0,0.0,True,True,True,True,True,True,True,3.0,0.0,0
grid_scan_paper,Grid Scan Paper,Tile_r040_c044,E4_sam2_overlay_vlm,SAM2 overlay,2026-06-26T17:34:50.871689+00:00,/home/nielsbroekhuizen/projects/my-vscode-project/outputs/case_study_2/runs/Tile_r040_c044/20260626_173450,9,3,point,3,3,6,2.0,False,False,False,False,False,False,False,3.0,200.0,6
grid_scan_paper,Grid Scan Paper,Tile_r040_c044,E5_imggen_overlay_vlm,ImgGen overlay,2026-06-26T17:34:50.871689+00:00,/home/nielsbroekhuizen/projects/my-vscode-project/outputs/case_study_2/runs/Tile_r040_c044/20260626_173450,4,3,point,3,3,1,0.3333,False,False,True,True,True,False,False,3.0,33.33333333333333,1
grid_scan_paper,Grid Scan Paper,Tile_r040_c044,E6_sam3_deterministic,SAM3 mask,2026-06-26T17:34:50.871689+00:00,/home/nielsbroekhuizen/projects/my-vscode-project/outputs/case_study_2/runs/Tile_r040_c044/20260626_173450,7,3,point,3,3,4,1.3333,False,False,False,False,False,False,False,3.0,133.33333333333331,4
grid_scan_paper,Grid Scan Paper,Tile_r040_c044,E7_sam3_overlay_vlm,SAM3 overlay,2026-06-26T17:34:50.871689+00:00,/home/nielsbroekhuizen/projects/my-vscode-project/outputs/case_study_2/runs/Tile_r040_c044/20260626_173450,14,3,point,3,3,11,3.6667,False,False,False,False,False,False,False,3.0,366.66666666666663,11
grid_scan_paper,Grid Scan Paper,Tile_r040_c047,E1_raw_vlm,VLM,2026-06-26T17:41:04.150663+00:00,/home/nielsbroekhuizen/projects/my-vscode-project/outputs/case_study_2/runs/Tile_r040_c047/20260626_174104,5,5,point,5,5,0,0.0,True,True,True,True,True,True,True,5.0,0.0,0
grid_scan_paper,Grid Scan Paper,Tile_r040_c047,E2_sam2_deterministic,SAM2 mask,2026-06-26T17:41:04.150663+00:00,/home/nielsbroekhuizen/projects/my-vscode-project/outputs/case_study_2/runs/Tile_r040_c047/20260626_174104,1,5,point,5,5,4,0.8,False,False,False,False,False,False,False,5.0,80.0,-4
grid_scan_paper,Grid Scan Paper,Tile_r040_c047,E3_imggen_deterministic,ImgGen mask,2026-06-26T17:41:04.150663+00:00,/home/nielsbroekhuizen/projects/my-vscode-project/outputs/case_study_2/runs/Tile_r040_c047/20260626_174104,5,5,point,5,5,0,0.0,True,True,True,True,True,True,True,5.0,0.0,0
grid_scan_paper,Grid Scan Paper,Tile_r040_c047,E4_sam2_overlay_vlm,SAM2 overlay,2026-06-26T17:41:04.150663+00:00,/home/nielsbroekhuizen/projects/my-vscode-project/outputs/case_study_2/runs/Tile_r040_c047/20260626_174104,11,5,point,5,5,6,1.2,False,False,False,False,False,False,False,5.0,120.0,6
grid_scan_paper,Grid Scan Paper,Tile_r040_c047,E5_imggen_overlay_vlm,ImgGen overlay,2026-06-26T17:41:04.150663+00:00,/home/nielsbroekhuizen/projects/my-vscode-project/outputs/case_study_2/runs/Tile_r040_c047/20260626_174104,6,5,point,5,5,1,0.2,False,False,True,True,True,False,False,5.0,20.0,1
grid_scan_paper,Grid Scan Paper,Tile_r040_c047,E6_sam3_deterministic,SAM3 mask,2026-06-26T17:41:04.150663+00:00,/home/nielsbroekhuizen/projects/my-vscode-project/outputs/case_study_2/runs/Tile_r040_c047/20260626_174104,9,5,point,5,5,4,0.8,False,False,False,False,False,False,False,5.0,80.0,4
grid_scan_paper,Grid Scan Paper,Tile_r040_c047,E7_sam3_overlay_vlm,SAM3 overlay,2026-06-26T17:41:04.150663+00:00,/home/nielsbroekhuizen/projects/my-vscode-project/outputs/case_study_2/runs/Tile_r040_c047/20260626_174104,10,5,point,5,5,5,1.0,False,False,False,False,False,False,False,5.0,100.0,5
grid_scan_paper,Grid Scan Paper,Tile_r040_c048,E1_raw_vlm,VLM,2026-06-26T17:46:49.477449+00:00,/home/nielsbroekhuizen/projects/my-vscode-project/outputs/case_study_2/runs/Tile_r040_c048/20260626_174649,16,10,point,10,10,6,0.6,False,False,False,False,False,False,False,10.0,60.0,6
grid_scan_paper,Grid Scan Paper,Tile_r040_c048,E2_sam2_deterministic,SAM2 mask,2026-06-26T17:46:49.477449+00:00,/home/nielsbroekhuizen/projects/my-vscode-project/outputs/case_study_2/runs/Tile_r040_c048/20260626_174649,5,10,point,10,10,5,0.5,False,False,False,False,False,False,False,10.0,50.0,-5
grid_scan_paper,Grid Scan Paper,Tile_r040_c048,E3_imggen_deterministic,ImgGen mask,2026-06-26T17:46:49.477449+00:00,/home/nielsbroekhuizen/projects/my-vscode-project/outputs/case_study_2/runs/Tile_r040_c048/20260626_174649,12,10,point,10,10,2,0.2,False,False,False,True,True,False,False,10.0,20.0,2
grid_scan_paper,Grid Scan Paper,Tile_r040_c048,E4_sam2_overlay_vlm,SAM2 overlay,2026-06-26T17:46:49.477449+00:00,/home/nielsbroekhuizen/projects/my-vscode-project/outputs/case_study_2/runs/Tile_r040_c048/20260626_174649,21,10,point,10,10,11,1.1,False,False,False,False,False,False,False,10.0,110.00000000000001,11
grid_scan_paper,Grid Scan Paper,Tile_r040_c048,E5_imggen_overlay_vlm,ImgGen overlay,2026-06-26T17:46:49.477449+00:00,/home/nielsbroekhuizen/projects/my-vscode-project/outputs/case_study_2/runs/Tile_r040_c048/20260626_174649,19,10,point,10,10,9,0.9,False,False,False,False,False,False,False,10.0,90.0,9
grid_scan_paper,Grid Scan Paper,Tile_r040_c048,E6_sam3_deterministic,SAM3 mask,2026-06-26T17:46:49.477449+00:00,/home/nielsbroekhuizen/projects/my-vscode-project/outputs/case_study_2/runs/Tile_r040_c048/20260626_174649,11,10,point,10,10,1,0.1,False,False,True,True,True,False,True,10.0,10.0,1
grid_scan_paper,Grid Scan Paper,Tile_r040_c048,E7_sam3_overlay_vlm,SAM3 overlay,2026-06-26T17:46:49.477449+00:00,/home/nielsbroekhuizen/projects/my-vscode-project/outputs/case_study_2/runs/Tile_r040_c048/20260626_174649,14,10,point,10,10,4,0.4,False,False,False,False,False,False,False,10.0,40.0,4
grid_scan_paper,Grid Scan Paper,Tile_r040_c049,E1_raw_vlm,VLM,2026-06-26T17:55:24.942521+00:00,/home/nielsbroekhuizen/projects/my-vscode-project/outputs/case_study_2/runs/Tile_r040_c049/20260626_175524,4,3,point,3,3,1,0.3333,False,False,True,True,True,False,False,3.0,33.33333333333333,1
grid_scan_paper,Grid Scan Paper,Tile_r040_c049,E2_sam2_deterministic,SAM2 mask,2026-06-26T17:55:24.942521+00:00,/home/nielsbroekhuizen/projects/my-vscode-project/outputs/case_study_2/runs/Tile_r040_c049/20260626_175524,4,3,point,3,3,1,0.3333,False,False,True,True,True,False,False,3.0,33.33333333333333,1
grid_scan_paper,Grid Scan Paper,Tile_r040_c049,E3_imggen_deterministic,ImgGen mask,2026-06-26T17:55:24.942521+00:00,/home/nielsbroekhuizen/projects/my-vscode-project/outputs/case_study_2/runs/Tile_r040_c049/20260626_175524,7,3,point,3,3,4,1.3333,False,False,False,False,False,False,False,3.0,133.33333333333331,4
grid_scan_paper,Grid Scan Paper,Tile_r040_c049,E4_sam2_overlay_vlm,SAM2 overlay,2026-06-26T17:55:24.942521+00:00,/home/nielsbroekhuizen/projects/my-vscode-project/outputs/case_study_2/runs/Tile_r040_c049/20260626_175524,9,3,point,3,3,6,2.0,False,False,False,False,False,False,False,3.0,200.0,6
grid_scan_paper,Grid Scan Paper,Tile_r040_c049,E5_imggen_overlay_vlm,ImgGen overlay,2026-06-26T17:55:24.942521+00:00,/home/nielsbroekhuizen/projects/my-vscode-project/outputs/case_study_2/runs/Tile_r040_c049/20260626_175524,9,3,point,3,3,6,2.0,False,False,False,False,False,False,False,3.0,200.0,6
grid_scan_paper,Grid Scan Paper,Tile_r040_c049,E6_sam3_deterministic,SAM3 mask,2026-06-26T17:55:24.942521+00:00,/home/nielsbroekhuizen/projects/my-vscode-project/outputs/case_study_2/runs/Tile_r040_c049/20260626_175524,3,3,point,3,3,0,0.0,True,True,True,True,True,True,True,3.0,0.0,0
grid_scan_paper,Grid Scan Paper,Tile_r040_c049,E7_sam3_overlay_vlm,SAM3 overlay,2026-06-26T17:55:24.942521+00:00,/home/nielsbroekhuizen/projects/my-vscode-project/outputs/case_study_2/runs/Tile_r040_c049/20260626_175524,3,3,point,3,3,0,0.0,True,True,True,True,True,True,True,3.0,0.0,0
grid_scan_paper,Grid Scan Paper,Tile_r041_c029,E1_raw_vlm,VLM,2026-06-26T17:59:19.683987+00:00,/home/nielsbroekhuizen/projects/my-vscode-project/outputs/case_study_2/runs/Tile_r041_c029/20260626_175919,1,1,point,1,1,0,0.0,True,True,True,True,True,True,True,1.0,0.0,0
grid_scan_paper,Grid Scan Paper,Tile_r041_c029,E2_sam2_deterministic,SAM2 mask,2026-06-26T17:59:19.683987+00:00,/home/nielsbroekhuizen/projects/my-vscode-project/outputs/case_study_2/runs/Tile_r041_c029/20260626_175919,1,1,point,1,1,0,0.0,True,True,True,True,True,True,True,1.0,0.0,0
grid_scan_paper,Grid Scan Paper,Tile_r041_c029,E3_imggen_deterministic,ImgGen mask,2026-06-26T17:59:19.683987+00:00,/home/nielsbroekhuizen/projects/my-vscode-project/outputs/case_study_2/runs/Tile_r041_c029/20260626_175919,1,1,point,1,1,0,0.0,True,True,True,True,True,True,True,1.0,0.0,0
grid_scan_paper,Grid Scan Paper,Tile_r041_c029,E4_sam2_overlay_vlm,SAM2 overlay,2026-06-26T17:59:19.683987+00:00,/home/nielsbroekhuizen/projects/my-vscode-project/outputs/case_study_2/runs/Tile_r041_c029/20260626_175919,2,1,point,1,1,1,1.0,False,False,True,True,True,False,False,1.0,100.0,1
grid_scan_paper,Grid Scan Paper,Tile_r041_c029,E5_imggen_overlay_vlm,ImgGen overlay,2026-06-26T17:59:19.683987+00:00,/home/nielsbroekhuizen/projects/my-vscode-project/outputs/case_study_2/runs/Tile_r041_c029/20260626_175919,2,1,point,1,1,1,1.0,False,False,True,True,True,False,False,1.0,100.0,1
grid_scan_paper,Grid Scan Paper,Tile_r041_c029,E6_sam3_deterministic,SAM3 mask,2026-06-26T17:59:19.683987+00:00,/home/nielsbroekhuizen/projects/my-vscode-project/outputs/case_study_2/runs/Tile_r041_c029/20260626_175919,1,1,point,1,1,0,0.0,True,True,True,True,True,True,True,1.0,0.0,0
grid_scan_paper,Grid Scan Paper,Tile_r041_c029,E7_sam3_overlay_vlm,SAM3 overlay,2026-06-26T17:59:19.683987+00:00,/home/nielsbroekhuizen/projects/my-vscode-project/outputs/case_study_2/runs/Tile_r041_c029/20260626_175919,2,1,point,1,1,1,1.0,False,False,True,True,True,False,False,1.0,100.0,1
grid_scan_paper,Grid Scan Paper,Tile_r041_c032,E1_raw_vlm,VLM,2026-06-26T18:02:47.857862+00:00,/home/nielsbroekhuizen/projects/my-vscode-project/outputs/case_study_2/runs/Tile_r041_c032/20260626_180247,7,7,point,7,7,0,0.0,True,True,True,True,True,True,True,7.0,0.0,0
grid_scan_paper,Grid Scan Paper,Tile_r041_c032,E2_sam2_deterministic,SAM2 mask,2026-06-26T18:02:47.857862+00:00,/home/nielsbroekhuizen/projects/my-vscode-project/outputs/case_study_2/runs/Tile_r041_c032/20260626_180247,1,7,point,7,7,6,0.8571,False,False,False,False,False,False,False,7.0,85.71428571428571,-6
grid_scan_paper,Grid Scan Paper,Tile_r041_c032,E3_imggen_deterministic,ImgGen mask,2026-06-26T18:02:47.857862+00:00,/home/nielsbroekhuizen/projects/my-vscode-project/outputs/case_study_2/runs/Tile_r041_c032/20260626_180247,6,7,point,7,7,1,0.1429,False,False,True,True,True,False,False,7.0,14.285714285714285,-1
grid_scan_paper,Grid Scan Paper,Tile_r041_c032,E4_sam2_overlay_vlm,SAM2 overlay,2026-06-26T18:02:47.857862+00:00,/home/nielsbroekhuizen/projects/my-vscode-project/outputs/case_study_2/runs/Tile_r041_c032/20260626_180247,8,7,point,7,7,1,0.1429,False,False,True,True,True,False,False,7.0,14.285714285714285,1
grid_scan_paper,Grid Scan Paper,Tile_r041_c032,E5_imggen_overlay_vlm,ImgGen overlay,2026-06-26T18:02:47.857862+00:00,/home/nielsbroekhuizen/projects/my-vscode-project/outputs/case_study_2/runs/Tile_r041_c032/20260626_180247,7,7,point,7,7,0,0.0,True,True,True,True,True,True,True,7.0,0.0,0
grid_scan_paper,Grid Scan Paper,Tile_r041_c032,E6_sam3_deterministic,SAM3 mask,2026-06-26T18:02:47.857862+00:00,/home/nielsbroekhuizen/projects/my-vscode-project/outputs/case_study_2/runs/Tile_r041_c032/20260626_180247,7,7,point,7,7,0,0.0,True,True,True,True,True,True,True,7.0,0.0,0
grid_scan_paper,Grid Scan Paper,Tile_r041_c032,E7_sam3_overlay_vlm,SAM3 overlay,2026-06-26T18:02:47.857862+00:00,/home/nielsbroekhuizen/projects/my-vscode-project/outputs/case_study_2/runs/Tile_r041_c032/20260626_180247,8,7,point,7,7,1,0.1429,False,False,True,True,True,False,False,7.0,14.285714285714285,1
grid_scan_paper,Grid Scan Paper,Tile_r041_c033,E1_raw_vlm,VLM,2026-06-26T18:06:36.316681+00:00,/home/nielsbroekhuizen/projects/my-vscode-project/outputs/case_study_2/runs/Tile_r041_c033/20260626_180636,3,3,point,3,3,0,0.0,True,True,True,True,True,True,True,3.0,0.0,0
grid_scan_paper,Grid Scan Paper,Tile_r041_c033,E2_sam2_deterministic,SAM2 mask,2026-06-26T18:06:36.316681+00:00,/home/nielsbroekhuizen/projects/my-vscode-project/outputs/case_study_2/runs/Tile_r041_c033/20260626_180636,7,3,point,3,3,4,1.3333,False,False,False,False,False,False,False,3.0,133.33333333333331,4
grid_scan_paper,Grid Scan Paper,Tile_r041_c033,E3_imggen_deterministic,ImgGen mask,2026-06-26T18:06:36.316681+00:00,/home/nielsbroekhuizen/projects/my-vscode-project/outputs/case_study_2/runs/Tile_r041_c033/20260626_180636,2,3,point,3,3,1,0.3333,False,False,True,True,True,False,False,3.0,33.33333333333333,-1
grid_scan_paper,Grid Scan Paper,Tile_r041_c033,E4_sam2_overlay_vlm,SAM2 overlay,2026-06-26T18:06:36.316681+00:00,/home/nielsbroekhuizen/projects/my-vscode-project/outputs/case_study_2/runs/Tile_r041_c033/20260626_180636,4,3,point,3,3,1,0.3333,False,False,True,True,True,False,False,3.0,33.33333333333333,1
grid_scan_paper,Grid Scan Paper,Tile_r041_c033,E5_imggen_overlay_vlm,ImgGen overlay,2026-06-26T18:06:36.316681+00:00,/home/nielsbroekhuizen/projects/my-vscode-project/outputs/case_study_2/runs/Tile_r041_c033/20260626_180636,3,3,point,3,3,0,0.0,True,True,True,True,True,True,True,3.0,0.0,0
grid_scan_paper,Grid Scan Paper,Tile_r041_c033,E6_sam3_deterministic,SAM3 mask,2026-06-26T18:06:36.316681+00:00,/home/nielsbroekhuizen/projects/my-vscode-project/outputs/case_study_2/runs/Tile_r041_c033/20260626_180636,0,3,point,3,3,3,1.0,False,False,False,False,True,False,False,3.0,100.0,-3
grid_scan_paper,Grid Scan Paper,Tile_r041_c033,E7_sam3_overlay_vlm,SAM3 overlay,2026-06-26T18:06:36.316681+00:00,/home/nielsbroekhuizen/projects/my-vscode-project/outputs/case_study_2/runs/Tile_r041_c033/20260626_180636,1,3,point,3,3,2,0.6667,False,False,False,True,True,False,False,3.0,66.66666666666666,-2
grid_scan_paper,Grid Scan Paper,Tile_r041_c034,E1_raw_vlm,VLM,2026-06-26T18:10:12.586685+00:00,/home/nielsbroekhuizen/projects/my-vscode-project/outputs/case_study_2/runs/Tile_r041_c034/20260626_181012,1,1,point,1,1,0,0.0,True,True,True,True,True,True,True,1.0,0.0,0
grid_scan_paper,Grid Scan Paper,Tile_r041_c034,E2_sam2_deterministic,SAM2 mask,2026-06-26T18:10:12.586685+00:00,/home/nielsbroekhuizen/projects/my-vscode-project/outputs/case_study_2/runs/Tile_r041_c034/20260626_181012,1,1,point,1,1,0,0.0,True,True,True,True,True,True,True,1.0,0.0,0
grid_scan_paper,Grid Scan Paper,Tile_r041_c034,E3_imggen_deterministic,ImgGen mask,2026-06-26T18:10:12.586685+00:00,/home/nielsbroekhuizen/projects/my-vscode-project/outputs/case_study_2/runs/Tile_r041_c034/20260626_181012,1,1,point,1,1,0,0.0,True,True,True,True,True,True,True,1.0,0.0,0
grid_scan_paper,Grid Scan Paper,Tile_r041_c034,E4_sam2_overlay_vlm,SAM2 overlay,2026-06-26T18:10:12.586685+00:00,/home/nielsbroekhuizen/projects/my-vscode-project/outputs/case_study_2/runs/Tile_r041_c034/20260626_181012,9,1,point,1,1,8,8.0,False,False,False,False,False,False,False,1.0,800.0,8
grid_scan_paper,Grid Scan Paper,Tile_r041_c034,E5_imggen_overlay_vlm,ImgGen overlay,2026-06-26T18:10:12.586685+00:00,/home/nielsbroekhuizen/projects/my-vscode-project/outputs/case_study_2/runs/Tile_r041_c034/20260626_181012,2,1,point,1,1,1,1.0,False,False,True,True,True,False,False,1.0,100.0,1
grid_scan_paper,Grid Scan Paper,Tile_r041_c034,E6_sam3_deterministic,SAM3 mask,2026-06-26T18:10:12.586685+00:00,/home/nielsbroekhuizen/projects/my-vscode-project/outputs/case_study_2/runs/Tile_r041_c034/20260626_181012,0,1,point,1,1,1,1.0,False,False,True,True,True,False,False,1.0,100.0,-1
grid_scan_paper,Grid Scan Paper,Tile_r041_c034,E7_sam3_overlay_vlm,SAM3 overlay,2026-06-26T18:10:12.586685+00:00,/home/nielsbroekhuizen/projects/my-vscode-project/outputs/case_study_2/runs/Tile_r041_c034/20260626_181012,1,1,point,1,1,0,0.0,True,True,True,True,True,True,True,1.0,0.0,0
grid_scan_paper,Grid Scan Paper,Tile_r041_c035,E1_raw_vlm,VLM,2026-06-26T18:13:40.603815+00:00,/home/nielsbroekhuizen/projects/my-vscode-project/outputs/case_study_2/runs/Tile_r041_c035/20260626_181340,5,4,point,4,4,1,0.25,False,False,True,True,True,False,False,4.0,25.0,1
grid_scan_paper,Grid Scan Paper,Tile_r041_c035,E2_sam2_deterministic,SAM2 mask,2026-06-26T18:13:40.603815+00:00,/home/nielsbroekhuizen/projects/my-vscode-project/outputs/case_study_2/runs/Tile_r041_c035/20260626_181340,4,4,point,4,4,0,0.0,True,True,True,True,True,True,True,4.0,0.0,0
grid_scan_paper,Grid Scan Paper,Tile_r041_c035,E3_imggen_deterministic,ImgGen mask,2026-06-26T18:13:40.603815+00:00,/home/nielsbroekhuizen/projects/my-vscode-project/outputs/case_study_2/runs/Tile_r041_c035/20260626_181340,6,4,point,4,4,2,0.5,False,False,False,True,True,False,False,4.0,50.0,2
grid_scan_paper,Grid Scan Paper,Tile_r041_c035,E4_sam2_overlay_vlm,SAM2 overlay,2026-06-26T18:13:40.603815+00:00,/home/nielsbroekhuizen/projects/my-vscode-project/outputs/case_study_2/runs/Tile_r041_c035/20260626_181340,13,4,point,4,4,9,2.25,False,False,False,False,False,False,False,4.0,225.0,9
grid_scan_paper,Grid Scan Paper,Tile_r041_c035,E5_imggen_overlay_vlm,ImgGen overlay,2026-06-26T18:13:40.603815+00:00,/home/nielsbroekhuizen/projects/my-vscode-project/outputs/case_study_2/runs/Tile_r041_c035/20260626_181340,6,4,point,4,4,2,0.5,False,False,False,True,True,False,False,4.0,50.0,2
grid_scan_paper,Grid Scan Paper,Tile_r041_c035,E6_sam3_deterministic,SAM3 mask,2026-06-26T18:13:40.603815+00:00,/home/nielsbroekhuizen/projects/my-vscode-project/outputs/case_study_2/runs/Tile_r041_c035/20260626_181340,2,4,point,4,4,2,0.5,False,False,False,True,True,False,False,4.0,50.0,-2
grid_scan_paper,Grid Scan Paper,Tile_r041_c035,E7_sam3_overlay_vlm,SAM3 overlay,2026-06-26T18:13:40.603815+00:00,/home/nielsbroekhuizen/projects/my-vscode-project/outputs/case_study_2/runs/Tile_r041_c035/20260626_181340,2,4,point,4,4,2,0.5,False,False,False,True,True,False,False,4.0,50.0,-2
grid_scan_paper,Grid Scan Paper,Tile_r041_c036,E1_raw_vlm,VLM,2026-06-26T18:17:15.180041+00:00,/home/nielsbroekhuizen/projects/my-vscode-project/outputs/case_study_2/runs/Tile_r041_c036/20260626_181715,2,2,point,2,2,0,0.0,True,True,True,True,True,True,True,2.0,0.0,0
grid_scan_paper,Grid Scan Paper,Tile_r041_c036,E2_sam2_deterministic,SAM2 mask,2026-06-26T18:17:15.180041+00:00,/home/nielsbroekhuizen/projects/my-vscode-project/outputs/case_study_2/runs/Tile_r041_c036/20260626_181715,1,2,point,2,2,1,0.5,False,False,True,True,True,False,False,2.0,50.0,-1
grid_scan_paper,Grid Scan Paper,Tile_r041_c036,E3_imggen_deterministic,ImgGen mask,2026-06-26T18:17:15.180041+00:00,/home/nielsbroekhuizen/projects/my-vscode-project/outputs/case_study_2/runs/Tile_r041_c036/20260626_181715,2,2,point,2,2,0,0.0,True,True,True,True,True,True,True,2.0,0.0,0
grid_scan_paper,Grid Scan Paper,Tile_r041_c036,E4_sam2_overlay_vlm,SAM2 overlay,2026-06-26T18:17:15.180041+00:00,/home/nielsbroekhuizen/projects/my-vscode-project/outputs/case_study_2/runs/Tile_r041_c036/20260626_181715,4,2,point,2,2,2,1.0,False,False,False,True,True,False,False,2.0,100.0,2
grid_scan_paper,Grid Scan Paper,Tile_r041_c036,E5_imggen_overlay_vlm,ImgGen overlay,2026-06-26T18:17:15.180041+00:00,/home/nielsbroekhuizen/projects/my-vscode-project/outputs/case_study_2/runs/Tile_r041_c036/20260626_181715,3,2,point,2,2,1,0.5,False,False,True,True,True,False,False,2.0,50.0,1
grid_scan_paper,Grid Scan Paper,Tile_r041_c036,E6_sam3_deterministic,SAM3 mask,2026-06-26T18:17:15.180041+00:00,/home/nielsbroekhuizen/projects/my-vscode-project/outputs/case_study_2/runs/Tile_r041_c036/20260626_181715,1,2,point,2,2,1,0.5,False,False,True,True,True,False,False,2.0,50.0,-1
grid_scan_paper,Grid Scan Paper,Tile_r041_c036,E7_sam3_overlay_vlm,SAM3 overlay,2026-06-26T18:17:15.180041+00:00,/home/nielsbroekhuizen/projects/my-vscode-project/outputs/case_study_2/runs/Tile_r041_c036/20260626_181715,3,2,point,2,2,1,0.5,False,False,True,True,True,False,False,2.0,50.0,1
grid_scan_paper,Grid Scan Paper,Tile_r041_c037,E1_raw_vlm,VLM,2026-06-26T18:21:06.443699+00:00,/home/nielsbroekhuizen/projects/my-vscode-project/outputs/case_study_2/runs/Tile_r041_c037/20260626_182106,6,6,point,6,6,0,0.0,True,True,True,True,True,True,True,6.0,0.0,0
grid_scan_paper,Grid Scan Paper,Tile_r041_c037,E2_sam2_deterministic,SAM2 mask,2026-06-26T18:21:06.443699+00:00,/home/nielsbroekhuizen/projects/my-vscode-project/outputs/case_study_2/runs/Tile_r041_c037/20260626_182106,7,6,point,6,6,1,0.1667,False,False,True,True,True,False,False,6.0,16.666666666666664,1
grid_scan_paper,Grid Scan Paper,Tile_r041_c037,E3_imggen_deterministic,ImgGen mask,2026-06-26T18:21:06.443699+00:00,/home/nielsbroekhuizen/projects/my-vscode-project/outputs/case_study_2/runs/Tile_r041_c037/20260626_182106,6,6,point,6,6,0,0.0,True,True,True,True,True,True,True,6.0,0.0,0
grid_scan_paper,Grid Scan Paper,Tile_r041_c037,E4_sam2_overlay_vlm,SAM2 overlay,2026-06-26T18:21:06.443699+00:00,/home/nielsbroekhuizen/projects/my-vscode-project/outputs/case_study_2/runs/Tile_r041_c037/20260626_182106,22,6,point,6,6,16,2.6667,False,False,False,False,False,False,False,6.0,266.66666666666663,16
grid_scan_paper,Grid Scan Paper,Tile_r041_c037,E5_imggen_overlay_vlm,ImgGen overlay,2026-06-26T18:21:06.443699+00:00,/home/nielsbroekhuizen/projects/my-vscode-project/outputs/case_study_2/runs/Tile_r041_c037/20260626_182106,7,6,point,6,6,1,0.1667,False,False,True,True,True,False,False,6.0,16.666666666666664,1
grid_scan_paper,Grid Scan Paper,Tile_r041_c037,E6_sam3_deterministic,SAM3 mask,2026-06-26T18:21:06.443699+00:00,/home/nielsbroekhuizen/projects/my-vscode-project/outputs/case_study_2/runs/Tile_r041_c037/20260626_182106,6,6,point,6,6,0,0.0,True,True,True,True,True,True,True,6.0,0.0,0
grid_scan_paper,Grid Scan Paper,Tile_r041_c037,E7_sam3_overlay_vlm,SAM3 overlay,2026-06-26T18:21:06.443699+00:00,/home/nielsbroekhuizen/projects/my-vscode-project/outputs/case_study_2/runs/Tile_r041_c037/20260626_182106,7,6,point,6,6,1,0.1667,False,False,True,True,True,False,False,6.0,16.666666666666664,1
grid_scan_paper,Grid Scan Paper,Tile_r041_c038,E1_raw_vlm,VLM,2026-06-26T18:27:17.916468+00:00,/home/nielsbroekhuizen/projects/my-vscode-project/outputs/case_study_2/runs/Tile_r041_c038/20260626_182717,3,3,point,3,3,0,0.0,True,True,True,True,True,True,True,3.0,0.0,0
grid_scan_paper,Grid Scan Paper,Tile_r041_c038,E2_sam2_deterministic,SAM2 mask,2026-06-26T18:27:17.916468+00:00,/home/nielsbroekhuizen/projects/my-vscode-project/outputs/case_study_2/runs/Tile_r041_c038/20260626_182717,1,3,point,3,3,2,0.6667,False,False,False,True,True,False,False,3.0,66.66666666666666,-2
grid_scan_paper,Grid Scan Paper,Tile_r041_c038,E3_imggen_deterministic,ImgGen mask,2026-06-26T18:27:17.916468+00:00,/home/nielsbroekhuizen/projects/my-vscode-project/outputs/case_study_2/runs/Tile_r041_c038/20260626_182717,3,3,point,3,3,0,0.0,True,True,True,True,True,True,True,3.0,0.0,0
grid_scan_paper,Grid Scan Paper,Tile_r041_c038,E4_sam2_overlay_vlm,SAM2 overlay,2026-06-26T18:27:17.916468+00:00,/home/nielsbroekhuizen/projects/my-vscode-project/outputs/case_study_2/runs/Tile_r041_c038/20260626_182717,4,3,point,3,3,1,0.3333,False,False,True,True,True,False,False,3.0,33.33333333333333,1
grid_scan_paper,Grid Scan Paper,Tile_r041_c038,E5_imggen_overlay_vlm,ImgGen overlay,2026-06-26T18:27:17.916468+00:00,/home/nielsbroekhuizen/projects/my-vscode-project/outputs/case_study_2/runs/Tile_r041_c038/20260626_182717,4,3,point,3,3,1,0.3333,False,False,True,True,True,False,False,3.0,33.33333333333333,1
grid_scan_paper,Grid Scan Paper,Tile_r041_c038,E6_sam3_deterministic,SAM3 mask,2026-06-26T18:27:17.916468+00:00,/home/nielsbroekhuizen/projects/my-vscode-project/outputs/case_study_2/runs/Tile_r041_c038/20260626_182717,3,3,point,3,3,0,0.0,True,True,True,True,True,True,True,3.0,0.0,0
grid_scan_paper,Grid Scan Paper,Tile_r041_c038,E7_sam3_overlay_vlm,SAM3 overlay,2026-06-26T18:27:17.916468+00:00,/home/nielsbroekhuizen/projects/my-vscode-project/outputs/case_study_2/runs/Tile_r041_c038/20260626_182717,4,3,point,3,3,1,0.3333,False,False,True,True,True,False,False,3.0,33.33333333333333,1
grid_scan_paper,Grid Scan Paper,Tile_r041_c039,E1_raw_vlm,VLM,2026-06-26T18:31:23.814089+00:00,/home/nielsbroekhuizen/projects/my-vscode-project/outputs/case_study_2/runs/Tile_r041_c039/20260626_183123,11,8,point,8,8,3,0.375,False,False,False,False,True,False,False,8.0,37.5,3
grid_scan_paper,Grid Scan Paper,Tile_r041_c039,E2_sam2_deterministic,SAM2 mask,2026-06-26T18:31:23.814089+00:00,/home/nielsbroekhuizen/projects/my-vscode-project/outputs/case_study_2/runs/Tile_r041_c039/20260626_183123,10,8,point,8,8,2,0.25,False,False,False,True,True,False,False,8.0,25.0,2
grid_scan_paper,Grid Scan Paper,Tile_r041_c039,E3_imggen_deterministic,ImgGen mask,2026-06-26T18:31:23.814089+00:00,/home/nielsbroekhuizen/projects/my-vscode-project/outputs/case_study_2/runs/Tile_r041_c039/20260626_183123,15,8,point,8,8,7,0.875,False,False,False,False,False,False,False,8.0,87.5,7
grid_scan_paper,Grid Scan Paper,Tile_r041_c039,E4_sam2_overlay_vlm,SAM2 overlay,2026-06-26T18:31:23.814089+00:00,/home/nielsbroekhuizen/projects/my-vscode-project/outputs/case_study_2/runs/Tile_r041_c039/20260626_183123,26,8,point,8,8,18,2.25,False,False,False,False,False,False,False,8.0,225.0,18
grid_scan_paper,Grid Scan Paper,Tile_r041_c039,E5_imggen_overlay_vlm,ImgGen overlay,2026-06-26T18:31:23.814089+00:00,/home/nielsbroekhuizen/projects/my-vscode-project/outputs/case_study_2/runs/Tile_r041_c039/20260626_183123,30,8,point,8,8,22,2.75,False,False,False,False,False,False,False,8.0,275.0,22
grid_scan_paper,Grid Scan Paper,Tile_r041_c039,E6_sam3_deterministic,SAM3 mask,2026-06-26T18:31:23.814089+00:00,/home/nielsbroekhuizen/projects/my-vscode-project/outputs/case_study_2/runs/Tile_r041_c039/20260626_183123,12,8,point,8,8,4,0.5,False,False,False,False,False,False,False,8.0,50.0,4
grid_scan_paper,Grid Scan Paper,Tile_r041_c039,E7_sam3_overlay_vlm,SAM3 overlay,2026-06-26T18:31:23.814089+00:00,/home/nielsbroekhuizen/projects/my-vscode-project/outputs/case_study_2/runs/Tile_r041_c039/20260626_183123,20,8,point,8,8,12,1.5,False,False,False,False,False,False,False,8.0,150.0,12
grid_scan_paper,Grid Scan Paper,Tile_r041_c040,E1_raw_vlm,VLM,2026-06-26T18:40:30.488644+00:00,/home/nielsbroekhuizen/projects/my-vscode-project/outputs/case_study_2/runs/Tile_r041_c040/20260626_184030,28,11,point,11,11,17,1.5455,False,False,False,False,False,False,False,11.0,154.54545454545453,17
grid_scan_paper,Grid Scan Paper,Tile_r041_c040,E2_sam2_deterministic,SAM2 mask,2026-06-26T18:40:30.488644+00:00,/home/nielsbroekhuizen/projects/my-vscode-project/outputs/case_study_2/runs/Tile_r041_c040/20260626_184030,3,11,point,11,11,8,0.7273,False,False,False,False,False,False,False,11.0,72.72727272727273,-8
grid_scan_paper,Grid Scan Paper,Tile_r041_c040,E3_imggen_deterministic,ImgGen mask,2026-06-26T18:40:30.488644+00:00,/home/nielsbroekhuizen/projects/my-vscode-project/outputs/case_study_2/runs/Tile_r041_c040/20260626_184030,22,11,point,11,11,11,1.0,False,False,False,False,False,False,False,11.0,100.0,11
grid_scan_paper,Grid Scan Paper,Tile_r041_c040,E4_sam2_overlay_vlm,SAM2 overlay,2026-06-26T18:40:30.488644+00:00,/home/nielsbroekhuizen/projects/my-vscode-project/outputs/case_study_2/runs/Tile_r041_c040/20260626_184030,28,11,point,11,11,17,1.5455,False,False,False,False,False,False,False,11.0,154.54545454545453,17
grid_scan_paper,Grid Scan Paper,Tile_r041_c040,E5_imggen_overlay_vlm,ImgGen overlay,2026-06-26T18:40:30.488644+00:00,/home/nielsbroekhuizen/projects/my-vscode-project/outputs/case_study_2/runs/Tile_r041_c040/20260626_184030,43,11,point,11,11,32,2.9091,False,False,False,False,False,False,False,11.0,290.90909090909093,32
grid_scan_paper,Grid Scan Paper,Tile_r041_c040,E6_sam3_deterministic,SAM3 mask,2026-06-26T18:40:30.488644+00:00,/home/nielsbroekhuizen/projects/my-vscode-project/outputs/case_study_2/runs/Tile_r041_c040/20260626_184030,15,11,point,11,11,4,0.3636,False,False,False,False,False,False,False,11.0,36.36363636363637,4
grid_scan_paper,Grid Scan Paper,Tile_r041_c040,E7_sam3_overlay_vlm,SAM3 overlay,2026-06-26T18:40:30.488644+00:00,/home/nielsbroekhuizen/projects/my-vscode-project/outputs/case_study_2/runs/Tile_r041_c040/20260626_184030,24,11,point,11,11,13,1.1818,False,False,False,False,False,False,False,11.0,118.18181818181819,13
grid_scan_paper,Grid Scan Paper,Tile_r041_c041,E1_raw_vlm,VLM,2026-06-26T18:51:59.419380+00:00,/home/nielsbroekhuizen/projects/my-vscode-project/outputs/case_study_2/runs/Tile_r041_c041/20260626_185159,6,5,point,5,5,1,0.2,False,False,True,True,True,False,False,5.0,20.0,1
grid_scan_paper,Grid Scan Paper,Tile_r041_c041,E2_sam2_deterministic,SAM2 mask,2026-06-26T18:51:59.419380+00:00,/home/nielsbroekhuizen/projects/my-vscode-project/outputs/case_study_2/runs/Tile_r041_c041/20260626_185159,6,5,point,5,5,1,0.2,False,False,True,True,True,False,False,5.0,20.0,1
grid_scan_paper,Grid Scan Paper,Tile_r041_c041,E3_imggen_deterministic,ImgGen mask,2026-06-26T18:51:59.419380+00:00,/home/nielsbroekhuizen/projects/my-vscode-project/outputs/case_study_2/runs/Tile_r041_c041/20260626_185159,6,5,point,5,5,1,0.2,False,False,True,True,True,False,False,5.0,20.0,1
grid_scan_paper,Grid Scan Paper,Tile_r041_c041,E4_sam2_overlay_vlm,SAM2 overlay,2026-06-26T18:51:59.419380+00:00,/home/nielsbroekhuizen/projects/my-vscode-project/outputs/case_study_2/runs/Tile_r041_c041/20260626_185159,9,5,point,5,5,4,0.8,False,False,False,False,False,False,False,5.0,80.0,4
grid_scan_paper,Grid Scan Paper,Tile_r041_c041,E5_imggen_overlay_vlm,ImgGen overlay,2026-06-26T18:51:59.419380+00:00,/home/nielsbroekhuizen/projects/my-vscode-project/outputs/case_study_2/runs/Tile_r041_c041/20260626_185159,6,5,point,5,5,1,0.2,False,False,True,True,True,False,False,5.0,20.0,1
grid_scan_paper,Grid Scan Paper,Tile_r041_c041,E6_sam3_deterministic,SAM3 mask,2026-06-26T18:51:59.419380+00:00,/home/nielsbroekhuizen/projects/my-vscode-project/outputs/case_study_2/runs/Tile_r041_c041/20260626_185159,6,5,point,5,5,1,0.2,False,False,True,True,True,False,False,5.0,20.0,1
grid_scan_paper,Grid Scan Paper,Tile_r041_c041,E7_sam3_overlay_vlm,SAM3 overlay,2026-06-26T18:51:59.419380+00:00,/home/nielsbroekhuizen/projects/my-vscode-project/outputs/case_study_2/runs/Tile_r041_c041/20260626_185159,5,5,point,5,5,0,0.0,True,True,True,True,True,True,True,5.0,0.0,0
grid_scan_paper,Grid Scan Paper,Tile_r041_c042,E1_raw_vlm,VLM,2026-06-26T18:55:39.704640+00:00,/home/nielsbroekhuizen/projects/my-vscode-project/outputs/case_study_2/runs/Tile_r041_c042/20260626_185539,2,2,point,2,2,0,0.0,True,True,True,True,True,True,True,2.0,0.0,0
grid_scan_paper,Grid Scan Paper,Tile_r041_c042,E2_sam2_deterministic,SAM2 mask,2026-06-26T18:55:39.704640+00:00,/home/nielsbroekhuizen/projects/my-vscode-project/outputs/case_study_2/runs/Tile_r041_c042/20260626_185539,1,2,point,2,2,1,0.5,False,False,True,True,True,False,False,2.0,50.0,-1
grid_scan_paper,Grid Scan Paper,Tile_r041_c042,E3_imggen_deterministic,ImgGen mask,2026-06-26T18:55:39.704640+00:00,/home/nielsbroekhuizen/projects/my-vscode-project/outputs/case_study_2/runs/Tile_r041_c042/20260626_185539,2,2,point,2,2,0,0.0,True,True,True,True,True,True,True,2.0,0.0,0
grid_scan_paper,Grid Scan Paper,Tile_r041_c042,E4_sam2_overlay_vlm,SAM2 overlay,2026-06-26T18:55:39.704640+00:00,/home/nielsbroekhuizen/projects/my-vscode-project/outputs/case_study_2/runs/Tile_r041_c042/20260626_185539,5,2,point,2,2,3,1.5,False,False,False,False,True,False,False,2.0,150.0,3
grid_scan_paper,Grid Scan Paper,Tile_r041_c042,E5_imggen_overlay_vlm,ImgGen overlay,2026-06-26T18:55:39.704640+00:00,/home/nielsbroekhuizen/projects/my-vscode-project/outputs/case_study_2/runs/Tile_r041_c042/20260626_185539,2,2,point,2,2,0,0.0,True,True,True,True,True,True,True,2.0,0.0,0
grid_scan_paper,Grid Scan Paper,Tile_r041_c042,E6_sam3_deterministic,SAM3 mask,2026-06-26T18:55:39.704640+00:00,/home/nielsbroekhuizen/projects/my-vscode-project/outputs/case_study_2/runs/Tile_r041_c042/20260626_185539,0,2,point,2,2,2,1.0,False,False,False,True,True,False,False,2.0,100.0,-2
grid_scan_paper,Grid Scan Paper,Tile_r041_c042,E7_sam3_overlay_vlm,SAM3 overlay,2026-06-26T18:55:39.704640+00:00,/home/nielsbroekhuizen/projects/my-vscode-project/outputs/case_study_2/runs/Tile_r041_c042/20260626_185539,2,2,point,2,2,0,0.0,True,True,True,True,True,True,True,2.0,0.0,0
grid_scan_paper,Grid Scan Paper,Tile_r041_c044,E1_raw_vlm,VLM,2026-06-26T18:58:58.090556+00:00,/home/nielsbroekhuizen/projects/my-vscode-project/outputs/case_study_2/runs/Tile_r041_c044/20260626_185858,2,2,point,2,2,0,0.0,True,True,True,True,True,True,True,2.0,0.0,0
grid_scan_paper,Grid Scan Paper,Tile_r041_c044,E2_sam2_deterministic,SAM2 mask,2026-06-26T18:58:58.090556+00:00,/home/nielsbroekhuizen/projects/my-vscode-project/outputs/case_study_2/runs/Tile_r041_c044/20260626_185858,1,2,point,2,2,1,0.5,False,False,True,True,True,False,False,2.0,50.0,-1
grid_scan_paper,Grid Scan Paper,Tile_r041_c044,E3_imggen_deterministic,ImgGen mask,2026-06-26T18:58:58.090556+00:00,/home/nielsbroekhuizen/projects/my-vscode-project/outputs/case_study_2/runs/Tile_r041_c044/20260626_185858,2,2,point,2,2,0,0.0,True,True,True,True,True,True,True,2.0,0.0,0
grid_scan_paper,Grid Scan Paper,Tile_r041_c044,E4_sam2_overlay_vlm,SAM2 overlay,2026-06-26T18:58:58.090556+00:00,/home/nielsbroekhuizen/projects/my-vscode-project/outputs/case_study_2/runs/Tile_r041_c044/20260626_185858,2,2,point,2,2,0,0.0,True,True,True,True,True,True,True,2.0,0.0,0
grid_scan_paper,Grid Scan Paper,Tile_r041_c044,E5_imggen_overlay_vlm,ImgGen overlay,2026-06-26T18:58:58.090556+00:00,/home/nielsbroekhuizen/projects/my-vscode-project/outputs/case_study_2/runs/Tile_r041_c044/20260626_185858,2,2,point,2,2,0,0.0,True,True,True,True,True,True,True,2.0,0.0,0
grid_scan_paper,Grid Scan Paper,Tile_r041_c044,E6_sam3_deterministic,SAM3 mask,2026-06-26T18:58:58.090556+00:00,/home/nielsbroekhuizen/projects/my-vscode-project/outputs/case_study_2/runs/Tile_r041_c044/20260626_185858,0,2,point,2,2,2,1.0,False,False,False,True,True,False,False,2.0,100.0,-2
grid_scan_paper,Grid Scan Paper,Tile_r041_c044,E7_sam3_overlay_vlm,SAM3 overlay,2026-06-26T18:58:58.090556+00:00,/home/nielsbroekhuizen/projects/my-vscode-project/outputs/case_study_2/runs/Tile_r041_c044/20260626_185858,2,2,point,2,2,0,0.0,True,True,True,True,True,True,True,2.0,0.0,0
grid_scan_paper,Grid Scan Paper,Tile_r041_c045,E1_raw_vlm,VLM,2026-06-26T19:02:34.939360+00:00,/home/nielsbroekhuizen/projects/my-vscode-project/outputs/case_study_2/runs/Tile_r041_c045/20260626_190234,2,2,point,2,2,0,0.0,True,True,True,True,True,True,True,2.0,0.0,0
grid_scan_paper,Grid Scan Paper,Tile_r041_c045,E2_sam2_deterministic,SAM2 mask,2026-06-26T19:02:34.939360+00:00,/home/nielsbroekhuizen/projects/my-vscode-project/outputs/case_study_2/runs/Tile_r041_c045/20260626_190234,1,2,point,2,2,1,0.5,False,False,True,True,True,False,False,2.0,50.0,-1
grid_scan_paper,Grid Scan Paper,Tile_r041_c045,E3_imggen_deterministic,ImgGen mask,2026-06-26T19:02:34.939360+00:00,/home/nielsbroekhuizen/projects/my-vscode-project/outputs/case_study_2/runs/Tile_r041_c045/20260626_190234,2,2,point,2,2,0,0.0,True,True,True,True,True,True,True,2.0,0.0,0
grid_scan_paper,Grid Scan Paper,Tile_r041_c045,E4_sam2_overlay_vlm,SAM2 overlay,2026-06-26T19:02:34.939360+00:00,/home/nielsbroekhuizen/projects/my-vscode-project/outputs/case_study_2/runs/Tile_r041_c045/20260626_190234,2,2,point,2,2,0,0.0,True,True,True,True,True,True,True,2.0,0.0,0
grid_scan_paper,Grid Scan Paper,Tile_r041_c045,E5_imggen_overlay_vlm,ImgGen overlay,2026-06-26T19:02:34.939360+00:00,/home/nielsbroekhuizen/projects/my-vscode-project/outputs/case_study_2/runs/Tile_r041_c045/20260626_190234,2,2,point,2,2,0,0.0,True,True,True,True,True,True,True,2.0,0.0,0
grid_scan_paper,Grid Scan Paper,Tile_r041_c045,E6_sam3_deterministic,SAM3 mask,2026-06-26T19:02:34.939360+00:00,/home/nielsbroekhuizen/projects/my-vscode-project/outputs/case_study_2/runs/Tile_r041_c045/20260626_190234,0,2,point,2,2,2,1.0,False,False,False,True,True,False,False,2.0,100.0,-2
grid_scan_paper,Grid Scan Paper,Tile_r041_c045,E7_sam3_overlay_vlm,SAM3 overlay,2026-06-26T19:02:34.939360+00:00,/home/nielsbroekhuizen/projects/my-vscode-project/outputs/case_study_2/runs/Tile_r041_c045/20260626_190234,2,2,point,2,2,0,0.0,True,True,True,True,True,True,True,2.0,0.0,0
grid_scan_paper,Grid Scan Paper,Tile_r041_c046,E1_raw_vlm,VLM,2026-06-26T19:06:07.571467+00:00,/home/nielsbroekhuizen/projects/my-vscode-project/outputs/case_study_2/runs/Tile_r041_c046/20260626_190607,7,4,point,4,4,3,0.75,False,False,False,False,True,False,False,4.0,75.0,3
grid_scan_paper,Grid Scan Paper,Tile_r041_c046,E2_sam2_deterministic,SAM2 mask,2026-06-26T19:06:07.571467+00:00,/home/nielsbroekhuizen/projects/my-vscode-project/outputs/case_study_2/runs/Tile_r041_c046/20260626_190607,2,4,point,4,4,2,0.5,False,False,False,True,True,False,False,4.0,50.0,-2
grid_scan_paper,Grid Scan Paper,Tile_r041_c046,E3_imggen_deterministic,ImgGen mask,2026-06-26T19:06:07.571467+00:00,/home/nielsbroekhuizen/projects/my-vscode-project/outputs/case_study_2/runs/Tile_r041_c046/20260626_190607,4,4,point,4,4,0,0.0,True,True,True,True,True,True,True,4.0,0.0,0
grid_scan_paper,Grid Scan Paper,Tile_r041_c046,E4_sam2_overlay_vlm,SAM2 overlay,2026-06-26T19:06:07.571467+00:00,/home/nielsbroekhuizen/projects/my-vscode-project/outputs/case_study_2/runs/Tile_r041_c046/20260626_190607,6,4,point,4,4,2,0.5,False,False,False,True,True,False,False,4.0,50.0,2
grid_scan_paper,Grid Scan Paper,Tile_r041_c046,E5_imggen_overlay_vlm,ImgGen overlay,2026-06-26T19:06:07.571467+00:00,/home/nielsbroekhuizen/projects/my-vscode-project/outputs/case_study_2/runs/Tile_r041_c046/20260626_190607,6,4,point,4,4,2,0.5,False,False,False,True,True,False,False,4.0,50.0,2
grid_scan_paper,Grid Scan Paper,Tile_r041_c046,E6_sam3_deterministic,SAM3 mask,2026-06-26T19:06:07.571467+00:00,/home/nielsbroekhuizen/projects/my-vscode-project/outputs/case_study_2/runs/Tile_r041_c046/20260626_190607,6,4,point,4,4,2,0.5,False,False,False,True,True,False,False,4.0,50.0,2
grid_scan_paper,Grid Scan Paper,Tile_r041_c046,E7_sam3_overlay_vlm,SAM3 overlay,2026-06-26T19:06:07.571467+00:00,/home/nielsbroekhuizen/projects/my-vscode-project/outputs/case_study_2/runs/Tile_r041_c046/20260626_190607,6,4,point,4,4,2,0.5,False,False,False,True,True,False,False,4.0,50.0,2
grid_scan_paper,Grid Scan Paper,Tile_r041_c047,E1_raw_vlm,VLM,2026-06-26T19:10:23.664055+00:00,/home/nielsbroekhuizen/projects/my-vscode-project/outputs/case_study_2/runs/Tile_r041_c047/20260626_191023,11,8,point,8,8,3,0.375,False,False,False,False,True,False,False,8.0,37.5,3
grid_scan_paper,Grid Scan Paper,Tile_r041_c047,E2_sam2_deterministic,SAM2 mask,2026-06-26T19:10:23.664055+00:00,/home/nielsbroekhuizen/projects/my-vscode-project/outputs/case_study_2/runs/Tile_r041_c047/20260626_191023,9,8,point,8,8,1,0.125,False,False,True,True,True,False,False,8.0,12.5,1
grid_scan_paper,Grid Scan Paper,Tile_r041_c047,E3_imggen_deterministic,ImgGen mask,2026-06-26T19:10:23.664055+00:00,/home/nielsbroekhuizen/projects/my-vscode-project/outputs/case_study_2/runs/Tile_r041_c047/20260626_191023,8,8,point,8,8,0,0.0,True,True,True,True,True,True,True,8.0,0.0,0
grid_scan_paper,Grid Scan Paper,Tile_r041_c047,E4_sam2_overlay_vlm,SAM2 overlay,2026-06-26T19:10:23.664055+00:00,/home/nielsbroekhuizen/projects/my-vscode-project/outputs/case_study_2/runs/Tile_r041_c047/20260626_191023,15,8,point,8,8,7,0.875,False,False,False,False,False,False,False,8.0,87.5,7
grid_scan_paper,Grid Scan Paper,Tile_r041_c047,E5_imggen_overlay_vlm,ImgGen overlay,2026-06-26T19:10:23.664055+00:00,/home/nielsbroekhuizen/projects/my-vscode-project/outputs/case_study_2/runs/Tile_r041_c047/20260626_191023,8,8,point,8,8,0,0.0,True,True,True,True,True,True,True,8.0,0.0,0
grid_scan_paper,Grid Scan Paper,Tile_r041_c047,E6_sam3_deterministic,SAM3 mask,2026-06-26T19:10:23.664055+00:00,/home/nielsbroekhuizen/projects/my-vscode-project/outputs/case_study_2/runs/Tile_r041_c047/20260626_191023,9,8,point,8,8,1,0.125,False,False,True,True,True,False,False,8.0,12.5,1
grid_scan_paper,Grid Scan Paper,Tile_r041_c047,E7_sam3_overlay_vlm,SAM3 overlay,2026-06-26T19:10:23.664055+00:00,/home/nielsbroekhuizen/projects/my-vscode-project/outputs/case_study_2/runs/Tile_r041_c047/20260626_191023,8,8,point,8,8,0,0.0,True,True,True,True,True,True,True,8.0,0.0,0
grid_scan_paper,Grid Scan Paper,Tile_r041_c048,E1_raw_vlm,VLM,2026-06-26T19:16:56.782719+00:00,/home/nielsbroekhuizen/projects/my-vscode-project/outputs/case_study_2/runs/Tile_r041_c048/20260626_191656,7,6,point,6,6,1,0.1667,False,False,True,True,True,False,False,6.0,16.666666666666664,1
grid_scan_paper,Grid Scan Paper,Tile_r041_c048,E2_sam2_deterministic,SAM2 mask,2026-06-26T19:16:56.782719+00:00,/home/nielsbroekhuizen/projects/my-vscode-project/outputs/case_study_2/runs/Tile_r041_c048/20260626_191656,1,6,point,6,6,5,0.8333,False,False,False,False,False,False,False,6.0,83.33333333333334,-5
grid_scan_paper,Grid Scan Paper,Tile_r041_c048,E3_imggen_deterministic,ImgGen mask,2026-06-26T19:16:56.782719+00:00,/home/nielsbroekhuizen/projects/my-vscode-project/outputs/case_study_2/runs/Tile_r041_c048/20260626_191656,6,6,point,6,6,0,0.0,True,True,True,True,True,True,True,6.0,0.0,0
grid_scan_paper,Grid Scan Paper,Tile_r041_c048,E4_sam2_overlay_vlm,SAM2 overlay,2026-06-26T19:16:56.782719+00:00,/home/nielsbroekhuizen/projects/my-vscode-project/outputs/case_study_2/runs/Tile_r041_c048/20260626_191656,8,6,point,6,6,2,0.3333,False,False,False,True,True,False,False,6.0,33.33333333333333,2
grid_scan_paper,Grid Scan Paper,Tile_r041_c048,E5_imggen_overlay_vlm,ImgGen overlay,2026-06-26T19:16:56.782719+00:00,/home/nielsbroekhuizen/projects/my-vscode-project/outputs/case_study_2/runs/Tile_r041_c048/20260626_191656,6,6,point,6,6,0,0.0,True,True,True,True,True,True,True,6.0,0.0,0
grid_scan_paper,Grid Scan Paper,Tile_r041_c048,E6_sam3_deterministic,SAM3 mask,2026-06-26T19:16:56.782719+00:00,/home/nielsbroekhuizen/projects/my-vscode-project/outputs/case_study_2/runs/Tile_r041_c048/20260626_191656,6,6,point,6,6,0,0.0,True,True,True,True,True,True,True,6.0,0.0,0
grid_scan_paper,Grid Scan Paper,Tile_r041_c048,E7_sam3_overlay_vlm,SAM3 overlay,2026-06-26T19:16:56.782719+00:00,/home/nielsbroekhuizen/projects/my-vscode-project/outputs/case_study_2/runs/Tile_r041_c048/20260626_191656,7,6,point,6,6,1,0.1667,False,False,True,True,True,False,False,6.0,16.666666666666664,1
grid_scan_paper,Grid Scan Paper,Tile_r042_c026,E1_raw_vlm,VLM,2026-06-26T19:21:37.583916+00:00,/home/nielsbroekhuizen/projects/my-vscode-project/outputs/case_study_2/runs/Tile_r042_c026/20260626_192137,1,1,point,1,1,0,0.0,True,True,True,True,True,True,True,1.0,0.0,0
grid_scan_paper,Grid Scan Paper,Tile_r042_c026,E2_sam2_deterministic,SAM2 mask,2026-06-26T19:21:37.583916+00:00,/home/nielsbroekhuizen/projects/my-vscode-project/outputs/case_study_2/runs/Tile_r042_c026/20260626_192137,2,1,point,1,1,1,1.0,False,False,True,True,True,False,False,1.0,100.0,1
grid_scan_paper,Grid Scan Paper,Tile_r042_c026,E3_imggen_deterministic,ImgGen mask,2026-06-26T19:21:37.583916+00:00,/home/nielsbroekhuizen/projects/my-vscode-project/outputs/case_study_2/runs/Tile_r042_c026/20260626_192137,1,1,point,1,1,0,0.0,True,True,True,True,True,True,True,1.0,0.0,0
grid_scan_paper,Grid Scan Paper,Tile_r042_c026,E4_sam2_overlay_vlm,SAM2 overlay,2026-06-26T19:21:37.583916+00:00,/home/nielsbroekhuizen/projects/my-vscode-project/outputs/case_study_2/runs/Tile_r042_c026/20260626_192137,2,1,point,1,1,1,1.0,False,False,True,True,True,False,False,1.0,100.0,1
grid_scan_paper,Grid Scan Paper,Tile_r042_c026,E5_imggen_overlay_vlm,ImgGen overlay,2026-06-26T19:21:37.583916+00:00,/home/nielsbroekhuizen/projects/my-vscode-project/outputs/case_study_2/runs/Tile_r042_c026/20260626_192137,1,1,point,1,1,0,0.0,True,True,True,True,True,True,True,1.0,0.0,0
grid_scan_paper,Grid Scan Paper,Tile_r042_c026,E6_sam3_deterministic,SAM3 mask,2026-06-26T19:21:37.583916+00:00,/home/nielsbroekhuizen/projects/my-vscode-project/outputs/case_study_2/runs/Tile_r042_c026/20260626_192137,0,1,point,1,1,1,1.0,False,False,True,True,True,False,False,1.0,100.0,-1
grid_scan_paper,Grid Scan Paper,Tile_r042_c026,E7_sam3_overlay_vlm,SAM3 overlay,2026-06-26T19:21:37.583916+00:00,/home/nielsbroekhuizen/projects/my-vscode-project/outputs/case_study_2/runs/Tile_r042_c026/20260626_192137,1,1,point,1,1,0,0.0,True,True,True,True,True,True,True,1.0,0.0,0
grid_scan_paper,Grid Scan Paper,Tile_r042_c029,E1_raw_vlm,VLM,2026-06-26T19:25:06.862214+00:00,/home/nielsbroekhuizen/projects/my-vscode-project/outputs/case_study_2/runs/Tile_r042_c029/20260626_192506,1,1,point,1,1,0,0.0,True,True,True,True,True,True,True,1.0,0.0,0
grid_scan_paper,Grid Scan Paper,Tile_r042_c029,E2_sam2_deterministic,SAM2 mask,2026-06-26T19:25:06.862214+00:00,/home/nielsbroekhuizen/projects/my-vscode-project/outputs/case_study_2/runs/Tile_r042_c029/20260626_192506,5,1,point,1,1,4,4.0,False,False,False,False,False,False,False,1.0,400.0,4
grid_scan_paper,Grid Scan Paper,Tile_r042_c029,E3_imggen_deterministic,ImgGen mask,2026-06-26T19:25:06.862214+00:00,/home/nielsbroekhuizen/projects/my-vscode-project/outputs/case_study_2/runs/Tile_r042_c029/20260626_192506,1,1,point,1,1,0,0.0,True,True,True,True,True,True,True,1.0,0.0,0
grid_scan_paper,Grid Scan Paper,Tile_r042_c029,E4_sam2_overlay_vlm,SAM2 overlay,2026-06-26T19:25:06.862214+00:00,/home/nielsbroekhuizen/projects/my-vscode-project/outputs/case_study_2/runs/Tile_r042_c029/20260626_192506,1,1,point,1,1,0,0.0,True,True,True,True,True,True,True,1.0,0.0,0
grid_scan_paper,Grid Scan Paper,Tile_r042_c029,E5_imggen_overlay_vlm,ImgGen overlay,2026-06-26T19:25:06.862214+00:00,/home/nielsbroekhuizen/projects/my-vscode-project/outputs/case_study_2/runs/Tile_r042_c029/20260626_192506,1,1,point,1,1,0,0.0,True,True,True,True,True,True,True,1.0,0.0,0
grid_scan_paper,Grid Scan Paper,Tile_r042_c029,E6_sam3_deterministic,SAM3 mask,2026-06-26T19:25:06.862214+00:00,/home/nielsbroekhuizen/projects/my-vscode-project/outputs/case_study_2/runs/Tile_r042_c029/20260626_192506,1,1,point,1,1,0,0.0,True,True,True,True,True,True,True,1.0,0.0,0
grid_scan_paper,Grid Scan Paper,Tile_r042_c029,E7_sam3_overlay_vlm,SAM3 overlay,2026-06-26T19:25:06.862214+00:00,/home/nielsbroekhuizen/projects/my-vscode-project/outputs/case_study_2/runs/Tile_r042_c029/20260626_192506,1,1,point,1,1,0,0.0,True,True,True,True,True,True,True,1.0,0.0,0
grid_scan_paper,Grid Scan Paper,Tile_r042_c030,E1_raw_vlm,VLM,2026-06-26T19:28:51.796385+00:00,/home/nielsbroekhuizen/projects/my-vscode-project/outputs/case_study_2/runs/Tile_r042_c030/20260626_192851,2,2,point,2,2,0,0.0,True,True,True,True,True,True,True,2.0,0.0,0
grid_scan_paper,Grid Scan Paper,Tile_r042_c030,E2_sam2_deterministic,SAM2 mask,2026-06-26T19:28:51.796385+00:00,/home/nielsbroekhuizen/projects/my-vscode-project/outputs/case_study_2/runs/Tile_r042_c030/20260626_192851,1,2,point,2,2,1,0.5,False,False,True,True,True,False,False,2.0,50.0,-1
grid_scan_paper,Grid Scan Paper,Tile_r042_c030,E3_imggen_deterministic,ImgGen mask,2026-06-26T19:28:51.796385+00:00,/home/nielsbroekhuizen/projects/my-vscode-project/outputs/case_study_2/runs/Tile_r042_c030/20260626_192851,5,2,point,2,2,3,1.5,False,False,False,False,True,False,False,2.0,150.0,3
grid_scan_paper,Grid Scan Paper,Tile_r042_c030,E4_sam2_overlay_vlm,SAM2 overlay,2026-06-26T19:28:51.796385+00:00,/home/nielsbroekhuizen/projects/my-vscode-project/outputs/case_study_2/runs/Tile_r042_c030/20260626_192851,5,2,point,2,2,3,1.5,False,False,False,False,True,False,False,2.0,150.0,3
grid_scan_paper,Grid Scan Paper,Tile_r042_c030,E5_imggen_overlay_vlm,ImgGen overlay,2026-06-26T19:28:51.796385+00:00,/home/nielsbroekhuizen/projects/my-vscode-project/outputs/case_study_2/runs/Tile_r042_c030/20260626_192851,2,2,point,2,2,0,0.0,True,True,True,True,True,True,True,2.0,0.0,0
grid_scan_paper,Grid Scan Paper,Tile_r042_c030,E6_sam3_deterministic,SAM3 mask,2026-06-26T19:28:51.796385+00:00,/home/nielsbroekhuizen/projects/my-vscode-project/outputs/case_study_2/runs/Tile_r042_c030/20260626_192851,4,2,point,2,2,2,1.0,False,False,False,True,True,False,False,2.0,100.0,2
grid_scan_paper,Grid Scan Paper,Tile_r042_c030,E7_sam3_overlay_vlm,SAM3 overlay,2026-06-26T19:28:51.796385+00:00,/home/nielsbroekhuizen/projects/my-vscode-project/outputs/case_study_2/runs/Tile_r042_c030/20260626_192851,3,2,point,2,2,1,0.5,False,False,True,True,True,False,False,2.0,50.0,1
grid_scan_paper,Grid Scan Paper,Tile_r042_c031,E1_raw_vlm,VLM,2026-06-26T19:32:45.168482+00:00,/home/nielsbroekhuizen/projects/my-vscode-project/outputs/case_study_2/runs/Tile_r042_c031/20260626_193245,2,2,point,2,2,0,0.0,True,True,True,True,True,True,True,2.0,0.0,0
grid_scan_paper,Grid Scan Paper,Tile_r042_c031,E2_sam2_deterministic,SAM2 mask,2026-06-26T19:32:45.168482+00:00,/home/nielsbroekhuizen/projects/my-vscode-project/outputs/case_study_2/runs/Tile_r042_c031/20260626_193245,1,2,point,2,2,1,0.5,False,False,True,True,True,False,False,2.0,50.0,-1
grid_scan_paper,Grid Scan Paper,Tile_r042_c031,E3_imggen_deterministic,ImgGen mask,2026-06-26T19:32:45.168482+00:00,/home/nielsbroekhuizen/projects/my-vscode-project/outputs/case_study_2/runs/Tile_r042_c031/20260626_193245,2,2,point,2,2,0,0.0,True,True,True,True,True,True,True,2.0,0.0,0
grid_scan_paper,Grid Scan Paper,Tile_r042_c031,E4_sam2_overlay_vlm,SAM2 overlay,2026-06-26T19:32:45.168482+00:00,/home/nielsbroekhuizen/projects/my-vscode-project/outputs/case_study_2/runs/Tile_r042_c031/20260626_193245,3,2,point,2,2,1,0.5,False,False,True,True,True,False,False,2.0,50.0,1
grid_scan_paper,Grid Scan Paper,Tile_r042_c031,E5_imggen_overlay_vlm,ImgGen overlay,2026-06-26T19:32:45.168482+00:00,/home/nielsbroekhuizen/projects/my-vscode-project/outputs/case_study_2/runs/Tile_r042_c031/20260626_193245,2,2,point,2,2,0,0.0,True,True,True,True,True,True,True,2.0,0.0,0
grid_scan_paper,Grid Scan Paper,Tile_r042_c031,E6_sam3_deterministic,SAM3 mask,2026-06-26T19:32:45.168482+00:00,/home/nielsbroekhuizen/projects/my-vscode-project/outputs/case_study_2/runs/Tile_r042_c031/20260626_193245,0,2,point,2,2,2,1.0,False,False,False,True,True,False,False,2.0,100.0,-2
grid_scan_paper,Grid Scan Paper,Tile_r042_c031,E7_sam3_overlay_vlm,SAM3 overlay,2026-06-26T19:32:45.168482+00:00,/home/nielsbroekhuizen/projects/my-vscode-project/outputs/case_study_2/runs/Tile_r042_c031/20260626_193245,2,2,point,2,2,0,0.0,True,True,True,True,True,True,True,2.0,0.0,0
grid_scan_paper,Grid Scan Paper,Tile_r042_c032,E1_raw_vlm,VLM,2026-06-26T19:36:40.377956+00:00,/home/nielsbroekhuizen/projects/my-vscode-project/outputs/case_study_2/runs/Tile_r042_c032/20260626_193640,20,9,point,9,9,11,1.2222,False,False,False,False,False,False,False,9.0,122.22222222222223,11
grid_scan_paper,Grid Scan Paper,Tile_r042_c032,E2_sam2_deterministic,SAM2 mask,2026-06-26T19:36:40.377956+00:00,/home/nielsbroekhuizen/projects/my-vscode-project/outputs/case_study_2/runs/Tile_r042_c032/20260626_193640,6,9,point,9,9,3,0.3333,False,False,False,False,True,False,False,9.0,33.33333333333333,-3
grid_scan_paper,Grid Scan Paper,Tile_r042_c032,E3_imggen_deterministic,ImgGen mask,2026-06-26T19:36:40.377956+00:00,/home/nielsbroekhuizen/projects/my-vscode-project/outputs/case_study_2/runs/Tile_r042_c032/20260626_193640,13,9,point,9,9,4,0.4444,False,False,False,False,False,False,False,9.0,44.44444444444444,4
grid_scan_paper,Grid Scan Paper,Tile_r042_c032,E4_sam2_overlay_vlm,SAM2 overlay,2026-06-26T19:36:40.377956+00:00,/home/nielsbroekhuizen/projects/my-vscode-project/outputs/case_study_2/runs/Tile_r042_c032/20260626_193640,30,9,point,9,9,21,2.3333,False,False,False,False,False,False,False,9.0,233.33333333333334,21
grid_scan_paper,Grid Scan Paper,Tile_r042_c032,E5_imggen_overlay_vlm,ImgGen overlay,2026-06-26T19:36:40.377956+00:00,/home/nielsbroekhuizen/projects/my-vscode-project/outputs/case_study_2/runs/Tile_r042_c032/20260626_193640,23,9,point,9,9,14,1.5556,False,False,False,False,False,False,False,9.0,155.55555555555557,14
grid_scan_paper,Grid Scan Paper,Tile_r042_c032,E6_sam3_deterministic,SAM3 mask,2026-06-26T19:36:40.377956+00:00,/home/nielsbroekhuizen/projects/my-vscode-project/outputs/case_study_2/runs/Tile_r042_c032/20260626_193640,13,9,point,9,9,4,0.4444,False,False,False,False,False,False,False,9.0,44.44444444444444,4
grid_scan_paper,Grid Scan Paper,Tile_r042_c032,E7_sam3_overlay_vlm,SAM3 overlay,2026-06-26T19:36:40.377956+00:00,/home/nielsbroekhuizen/projects/my-vscode-project/outputs/case_study_2/runs/Tile_r042_c032/20260626_193640,15,9,point,9,9,6,0.6667,False,False,False,False,False,False,False,9.0,66.66666666666666,6
grid_scan_paper,Grid Scan Paper,Tile_r042_c033,E1_raw_vlm,VLM,2026-06-26T19:44:44.259629+00:00,/home/nielsbroekhuizen/projects/my-vscode-project/outputs/case_study_2/runs/Tile_r042_c033/20260626_194444,7,6,point,6,6,1,0.1667,False,False,True,True,True,False,False,6.0,16.666666666666664,1
grid_scan_paper,Grid Scan Paper,Tile_r042_c033,E2_sam2_deterministic,SAM2 mask,2026-06-26T19:44:44.259629+00:00,/home/nielsbroekhuizen/projects/my-vscode-project/outputs/case_study_2/runs/Tile_r042_c033/20260626_194444,5,6,point,6,6,1,0.1667,False,False,True,True,True,False,False,6.0,16.666666666666664,-1
grid_scan_paper,Grid Scan Paper,Tile_r042_c033,E3_imggen_deterministic,ImgGen mask,2026-06-26T19:44:44.259629+00:00,/home/nielsbroekhuizen/projects/my-vscode-project/outputs/case_study_2/runs/Tile_r042_c033/20260626_194444,7,6,point,6,6,1,0.1667,False,False,True,True,True,False,False,6.0,16.666666666666664,1
grid_scan_paper,Grid Scan Paper,Tile_r042_c033,E4_sam2_overlay_vlm,SAM2 overlay,2026-06-26T19:44:44.259629+00:00,/home/nielsbroekhuizen/projects/my-vscode-project/outputs/case_study_2/runs/Tile_r042_c033/20260626_194444,10,6,point,6,6,4,0.6667,False,False,False,False,False,False,False,6.0,66.66666666666666,4
grid_scan_paper,Grid Scan Paper,Tile_r042_c033,E5_imggen_overlay_vlm,ImgGen overlay,2026-06-26T19:44:44.259629+00:00,/home/nielsbroekhuizen/projects/my-vscode-project/outputs/case_study_2/runs/Tile_r042_c033/20260626_194444,8,6,point,6,6,2,0.3333,False,False,False,True,True,False,False,6.0,33.33333333333333,2
grid_scan_paper,Grid Scan Paper,Tile_r042_c033,E6_sam3_deterministic,SAM3 mask,2026-06-26T19:44:44.259629+00:00,/home/nielsbroekhuizen/projects/my-vscode-project/outputs/case_study_2/runs/Tile_r042_c033/20260626_194444,0,6,point,6,6,6,1.0,False,False,False,False,False,False,False,6.0,100.0,-6
grid_scan_paper,Grid Scan Paper,Tile_r042_c033,E7_sam3_overlay_vlm,SAM3 overlay,2026-06-26T19:44:44.259629+00:00,/home/nielsbroekhuizen/projects/my-vscode-project/outputs/case_study_2/runs/Tile_r042_c033/20260626_194444,6,6,point,6,6,0,0.0,True,True,True,True,True,True,True,6.0,0.0,0
grid_scan_paper,Grid Scan Paper,Tile_r042_c034,E1_raw_vlm,VLM,2026-06-26T19:50:22.433025+00:00,/home/nielsbroekhuizen/projects/my-vscode-project/outputs/case_study_2/runs/Tile_r042_c034/20260626_195022,1,1,point,1,1,0,0.0,True,True,True,True,True,True,True,1.0,0.0,0
grid_scan_paper,Grid Scan Paper,Tile_r042_c034,E2_sam2_deterministic,SAM2 mask,2026-06-26T19:50:22.433025+00:00,/home/nielsbroekhuizen/projects/my-vscode-project/outputs/case_study_2/runs/Tile_r042_c034/20260626_195022,2,1,point,1,1,1,1.0,False,False,True,True,True,False,False,1.0,100.0,1
grid_scan_paper,Grid Scan Paper,Tile_r042_c034,E3_imggen_deterministic,ImgGen mask,2026-06-26T19:50:22.433025+00:00,/home/nielsbroekhuizen/projects/my-vscode-project/outputs/case_study_2/runs/Tile_r042_c034/20260626_195022,1,1,point,1,1,0,0.0,True,True,True,True,True,True,True,1.0,0.0,0
grid_scan_paper,Grid Scan Paper,Tile_r042_c034,E4_sam2_overlay_vlm,SAM2 overlay,2026-06-26T19:50:22.433025+00:00,/home/nielsbroekhuizen/projects/my-vscode-project/outputs/case_study_2/runs/Tile_r042_c034/20260626_195022,2,1,point,1,1,1,1.0,False,False,True,True,True,False,False,1.0,100.0,1
grid_scan_paper,Grid Scan Paper,Tile_r042_c034,E5_imggen_overlay_vlm,ImgGen overlay,2026-06-26T19:50:22.433025+00:00,/home/nielsbroekhuizen/projects/my-vscode-project/outputs/case_study_2/runs/Tile_r042_c034/20260626_195022,1,1,point,1,1,0,0.0,True,True,True,True,True,True,True,1.0,0.0,0
grid_scan_paper,Grid Scan Paper,Tile_r042_c034,E6_sam3_deterministic,SAM3 mask,2026-06-26T19:50:22.433025+00:00,/home/nielsbroekhuizen/projects/my-vscode-project/outputs/case_study_2/runs/Tile_r042_c034/20260626_195022,0,1,point,1,1,1,1.0,False,False,True,True,True,False,False,1.0,100.0,-1
grid_scan_paper,Grid Scan Paper,Tile_r042_c034,E7_sam3_overlay_vlm,SAM3 overlay,2026-06-26T19:50:22.433025+00:00,/home/nielsbroekhuizen/projects/my-vscode-project/outputs/case_study_2/runs/Tile_r042_c034/20260626_195022,1,1,point,1,1,0,0.0,True,True,True,True,True,True,True,1.0,0.0,0
grid_scan_paper,Grid Scan Paper,Tile_r042_c035,E1_raw_vlm,VLM,2026-06-26T19:53:54.924538+00:00,/home/nielsbroekhuizen/projects/my-vscode-project/outputs/case_study_2/runs/Tile_r042_c035/20260626_195354,7,6,point,6,6,1,0.1667,False,False,True,True,True,False,False,6.0,16.666666666666664,1
grid_scan_paper,Grid Scan Paper,Tile_r042_c035,E2_sam2_deterministic,SAM2 mask,2026-06-26T19:53:54.924538+00:00,/home/nielsbroekhuizen/projects/my-vscode-project/outputs/case_study_2/runs/Tile_r042_c035/20260626_195354,5,6,point,6,6,1,0.1667,False,False,True,True,True,False,False,6.0,16.666666666666664,-1
grid_scan_paper,Grid Scan Paper,Tile_r042_c035,E3_imggen_deterministic,ImgGen mask,2026-06-26T19:53:54.924538+00:00,/home/nielsbroekhuizen/projects/my-vscode-project/outputs/case_study_2/runs/Tile_r042_c035/20260626_195354,8,6,point,6,6,2,0.3333,False,False,False,True,True,False,False,6.0,33.33333333333333,2
grid_scan_paper,Grid Scan Paper,Tile_r042_c035,E4_sam2_overlay_vlm,SAM2 overlay,2026-06-26T19:53:54.924538+00:00,/home/nielsbroekhuizen/projects/my-vscode-project/outputs/case_study_2/runs/Tile_r042_c035/20260626_195354,12,6,point,6,6,6,1.0,False,False,False,False,False,False,False,6.0,100.0,6
grid_scan_paper,Grid Scan Paper,Tile_r042_c035,E5_imggen_overlay_vlm,ImgGen overlay,2026-06-26T19:53:54.924538+00:00,/home/nielsbroekhuizen/projects/my-vscode-project/outputs/case_study_2/runs/Tile_r042_c035/20260626_195354,8,6,point,6,6,2,0.3333,False,False,False,True,True,False,False,6.0,33.33333333333333,2
grid_scan_paper,Grid Scan Paper,Tile_r042_c035,E6_sam3_deterministic,SAM3 mask,2026-06-26T19:53:54.924538+00:00,/home/nielsbroekhuizen/projects/my-vscode-project/outputs/case_study_2/runs/Tile_r042_c035/20260626_195354,6,6,point,6,6,0,0.0,True,True,True,True,True,True,True,6.0,0.0,0
grid_scan_paper,Grid Scan Paper,Tile_r042_c035,E7_sam3_overlay_vlm,SAM3 overlay,2026-06-26T19:53:54.924538+00:00,/home/nielsbroekhuizen/projects/my-vscode-project/outputs/case_study_2/runs/Tile_r042_c035/20260626_195354,6,6,point,6,6,0,0.0,True,True,True,True,True,True,True,6.0,0.0,0
grid_scan_paper,Grid Scan Paper,Tile_r042_c036,E1_raw_vlm,VLM,2026-06-26T20:00:39.727792+00:00,/home/nielsbroekhuizen/projects/my-vscode-project/outputs/case_study_2/runs/Tile_r042_c036/20260626_200039,2,2,point,2,2,0,0.0,True,True,True,True,True,True,True,2.0,0.0,0
grid_scan_paper,Grid Scan Paper,Tile_r042_c036,E2_sam2_deterministic,SAM2 mask,2026-06-26T20:00:39.727792+00:00,/home/nielsbroekhuizen/projects/my-vscode-project/outputs/case_study_2/runs/Tile_r042_c036/20260626_200039,1,2,point,2,2,1,0.5,False,False,True,True,True,False,False,2.0,50.0,-1
grid_scan_paper,Grid Scan Paper,Tile_r042_c036,E3_imggen_deterministic,ImgGen mask,2026-06-26T20:00:39.727792+00:00,/home/nielsbroekhuizen/projects/my-vscode-project/outputs/case_study_2/runs/Tile_r042_c036/20260626_200039,2,2,point,2,2,0,0.0,True,True,True,True,True,True,True,2.0,0.0,0
grid_scan_paper,Grid Scan Paper,Tile_r042_c036,E4_sam2_overlay_vlm,SAM2 overlay,2026-06-26T20:00:39.727792+00:00,/home/nielsbroekhuizen/projects/my-vscode-project/outputs/case_study_2/runs/Tile_r042_c036/20260626_200039,4,2,point,2,2,2,1.0,False,False,False,True,True,False,False,2.0,100.0,2
grid_scan_paper,Grid Scan Paper,Tile_r042_c036,E5_imggen_overlay_vlm,ImgGen overlay,2026-06-26T20:00:39.727792+00:00,/home/nielsbroekhuizen/projects/my-vscode-project/outputs/case_study_2/runs/Tile_r042_c036/20260626_200039,2,2,point,2,2,0,0.0,True,True,True,True,True,True,True,2.0,0.0,0
grid_scan_paper,Grid Scan Paper,Tile_r042_c036,E6_sam3_deterministic,SAM3 mask,2026-06-26T20:00:39.727792+00:00,/home/nielsbroekhuizen/projects/my-vscode-project/outputs/case_study_2/runs/Tile_r042_c036/20260626_200039,0,2,point,2,2,2,1.0,False,False,False,True,True,False,False,2.0,100.0,-2
grid_scan_paper,Grid Scan Paper,Tile_r042_c036,E7_sam3_overlay_vlm,SAM3 overlay,2026-06-26T20:00:39.727792+00:00,/home/nielsbroekhuizen/projects/my-vscode-project/outputs/case_study_2/runs/Tile_r042_c036/20260626_200039,2,2,point,2,2,0,0.0,True,True,True,True,True,True,True,2.0,0.0,0
grid_scan_paper,Grid Scan Paper,Tile_r042_c038,E1_raw_vlm,VLM,2026-06-26T20:04:22.338994+00:00,/home/nielsbroekhuizen/projects/my-vscode-project/outputs/case_study_2/runs/Tile_r042_c038/20260626_200422,6,4,point,4,4,2,0.5,False,False,False,True,True,False,False,4.0,50.0,2
grid_scan_paper,Grid Scan Paper,Tile_r042_c038,E2_sam2_deterministic,SAM2 mask,2026-06-26T20:04:22.338994+00:00,/home/nielsbroekhuizen/projects/my-vscode-project/outputs/case_study_2/runs/Tile_r042_c038/20260626_200422,3,4,point,4,4,1,0.25,False,False,True,True,True,False,False,4.0,25.0,-1
grid_scan_paper,Grid Scan Paper,Tile_r042_c038,E3_imggen_deterministic,ImgGen mask,2026-06-26T20:04:22.338994+00:00,/home/nielsbroekhuizen/projects/my-vscode-project/outputs/case_study_2/runs/Tile_r042_c038/20260626_200422,6,4,point,4,4,2,0.5,False,False,False,True,True,False,False,4.0,50.0,2
grid_scan_paper,Grid Scan Paper,Tile_r042_c038,E4_sam2_overlay_vlm,SAM2 overlay,2026-06-26T20:04:22.338994+00:00,/home/nielsbroekhuizen/projects/my-vscode-project/outputs/case_study_2/runs/Tile_r042_c038/20260626_200422,10,4,point,4,4,6,1.5,False,False,False,False,False,False,False,4.0,150.0,6
grid_scan_paper,Grid Scan Paper,Tile_r042_c038,E5_imggen_overlay_vlm,ImgGen overlay,2026-06-26T20:04:22.338994+00:00,/home/nielsbroekhuizen/projects/my-vscode-project/outputs/case_study_2/runs/Tile_r042_c038/20260626_200422,7,4,point,4,4,3,0.75,False,False,False,False,True,False,False,4.0,75.0,3
grid_scan_paper,Grid Scan Paper,Tile_r042_c038,E6_sam3_deterministic,SAM3 mask,2026-06-26T20:04:22.338994+00:00,/home/nielsbroekhuizen/projects/my-vscode-project/outputs/case_study_2/runs/Tile_r042_c038/20260626_200422,6,4,point,4,4,2,0.5,False,False,False,True,True,False,False,4.0,50.0,2
grid_scan_paper,Grid Scan Paper,Tile_r042_c038,E7_sam3_overlay_vlm,SAM3 overlay,2026-06-26T20:04:22.338994+00:00,/home/nielsbroekhuizen/projects/my-vscode-project/outputs/case_study_2/runs/Tile_r042_c038/20260626_200422,7,4,point,4,4,3,0.75,False,False,False,False,True,False,False,4.0,75.0,3
grid_scan_paper,Grid Scan Paper,Tile_r042_c039,E1_raw_vlm,VLM,2026-06-26T20:08:15.716061+00:00,/home/nielsbroekhuizen/projects/my-vscode-project/outputs/case_study_2/runs/Tile_r042_c039/20260626_200815,24,11,point,11,11,13,1.1818,False,False,False,False,False,False,False,11.0,118.18181818181819,13
grid_scan_paper,Grid Scan Paper,Tile_r042_c039,E2_sam2_deterministic,SAM2 mask,2026-06-26T20:08:15.716061+00:00,/home/nielsbroekhuizen/projects/my-vscode-project/outputs/case_study_2/runs/Tile_r042_c039/20260626_200815,10,11,point,11,11,1,0.0909,False,False,True,True,True,False,True,11.0,9.090909090909092,-1
grid_scan_paper,Grid Scan Paper,Tile_r042_c039,E3_imggen_deterministic,ImgGen mask,2026-06-26T20:08:15.716061+00:00,/home/nielsbroekhuizen/projects/my-vscode-project/outputs/case_study_2/runs/Tile_r042_c039/20260626_200815,14,11,point,11,11,3,0.2727,False,False,False,False,True,False,False,11.0,27.27272727272727,3
grid_scan_paper,Grid Scan Paper,Tile_r042_c039,E4_sam2_overlay_vlm,SAM2 overlay,2026-06-26T20:08:15.716061+00:00,/home/nielsbroekhuizen/projects/my-vscode-project/outputs/case_study_2/runs/Tile_r042_c039/20260626_200815,37,11,point,11,11,26,2.3636,False,False,False,False,False,False,False,11.0,236.36363636363637,26
grid_scan_paper,Grid Scan Paper,Tile_r042_c039,E5_imggen_overlay_vlm,ImgGen overlay,2026-06-26T20:08:15.716061+00:00,/home/nielsbroekhuizen/projects/my-vscode-project/outputs/case_study_2/runs/Tile_r042_c039/20260626_200815,19,11,point,11,11,8,0.7273,False,False,False,False,False,False,False,11.0,72.72727272727273,8
grid_scan_paper,Grid Scan Paper,Tile_r042_c039,E6_sam3_deterministic,SAM3 mask,2026-06-26T20:08:15.716061+00:00,/home/nielsbroekhuizen/projects/my-vscode-project/outputs/case_study_2/runs/Tile_r042_c039/20260626_200815,16,11,point,11,11,5,0.4545,False,False,False,False,False,False,False,11.0,45.45454545454545,5
grid_scan_paper,Grid Scan Paper,Tile_r042_c039,E7_sam3_overlay_vlm,SAM3 overlay,2026-06-26T20:08:15.716061+00:00,/home/nielsbroekhuizen/projects/my-vscode-project/outputs/case_study_2/runs/Tile_r042_c039/20260626_200815,23,11,point,11,11,12,1.0909,False,False,False,False,False,False,False,11.0,109.09090909090908,12
grid_scan_paper,Grid Scan Paper,Tile_r042_c040,E1_raw_vlm,VLM,2026-06-26T20:19:15.214835+00:00,/home/nielsbroekhuizen/projects/my-vscode-project/outputs/case_study_2/runs/Tile_r042_c040/20260626_201915,7,3,point,3,3,4,1.3333,False,False,False,False,False,False,False,3.0,133.33333333333331,4
grid_scan_paper,Grid Scan Paper,Tile_r042_c040,E2_sam2_deterministic,SAM2 mask,2026-06-26T20:19:15.214835+00:00,/home/nielsbroekhuizen/projects/my-vscode-project/outputs/case_study_2/runs/Tile_r042_c040/20260626_201915,4,3,point,3,3,1,0.3333,False,False,True,True,True,False,False,3.0,33.33333333333333,1
grid_scan_paper,Grid Scan Paper,Tile_r042_c040,E3_imggen_deterministic,ImgGen mask,2026-06-26T20:19:15.214835+00:00,/home/nielsbroekhuizen/projects/my-vscode-project/outputs/case_study_2/runs/Tile_r042_c040/20260626_201915,6,3,point,3,3,3,1.0,False,False,False,False,True,False,False,3.0,100.0,3
grid_scan_paper,Grid Scan Paper,Tile_r042_c040,E4_sam2_overlay_vlm,SAM2 overlay,2026-06-26T20:19:15.214835+00:00,/home/nielsbroekhuizen/projects/my-vscode-project/outputs/case_study_2/runs/Tile_r042_c040/20260626_201915,7,3,point,3,3,4,1.3333,False,False,False,False,False,False,False,3.0,133.33333333333331,4
grid_scan_paper,Grid Scan Paper,Tile_r042_c040,E5_imggen_overlay_vlm,ImgGen overlay,2026-06-26T20:19:15.214835+00:00,/home/nielsbroekhuizen/projects/my-vscode-project/outputs/case_study_2/runs/Tile_r042_c040/20260626_201915,7,3,point,3,3,4,1.3333,False,False,False,False,False,False,False,3.0,133.33333333333331,4
grid_scan_paper,Grid Scan Paper,Tile_r042_c040,E6_sam3_deterministic,SAM3 mask,2026-06-26T20:19:15.214835+00:00,/home/nielsbroekhuizen/projects/my-vscode-project/outputs/case_study_2/runs/Tile_r042_c040/20260626_201915,5,3,point,3,3,2,0.6667,False,False,False,True,True,False,False,3.0,66.66666666666666,2
grid_scan_paper,Grid Scan Paper,Tile_r042_c040,E7_sam3_overlay_vlm,SAM3 overlay,2026-06-26T20:19:15.214835+00:00,/home/nielsbroekhuizen/projects/my-vscode-project/outputs/case_study_2/runs/Tile_r042_c040/20260626_201915,6,3,point,3,3,3,1.0,False,False,False,False,True,False,False,3.0,100.0,3
grid_scan_paper,Grid Scan Paper,Tile_r042_c042,E1_raw_vlm,VLM,2026-06-26T20:23:34.670649+00:00,/home/nielsbroekhuizen/projects/my-vscode-project/outputs/case_study_2/runs/Tile_r042_c042/20260626_202334,6,6,point,6,6,0,0.0,True,True,True,True,True,True,True,6.0,0.0,0
grid_scan_paper,Grid Scan Paper,Tile_r042_c042,E2_sam2_deterministic,SAM2 mask,2026-06-26T20:23:34.670649+00:00,/home/nielsbroekhuizen/projects/my-vscode-project/outputs/case_study_2/runs/Tile_r042_c042/20260626_202334,3,6,point,6,6,3,0.5,False,False,False,False,True,False,False,6.0,50.0,-3
grid_scan_paper,Grid Scan Paper,Tile_r042_c042,E3_imggen_deterministic,ImgGen mask,2026-06-26T20:23:34.670649+00:00,/home/nielsbroekhuizen/projects/my-vscode-project/outputs/case_study_2/runs/Tile_r042_c042/20260626_202334,5,6,point,6,6,1,0.1667,False,False,True,True,True,False,False,6.0,16.666666666666664,-1
grid_scan_paper,Grid Scan Paper,Tile_r042_c042,E4_sam2_overlay_vlm,SAM2 overlay,2026-06-26T20:23:34.670649+00:00,/home/nielsbroekhuizen/projects/my-vscode-project/outputs/case_study_2/runs/Tile_r042_c042/20260626_202334,5,6,point,6,6,1,0.1667,False,False,True,True,True,False,False,6.0,16.666666666666664,-1
grid_scan_paper,Grid Scan Paper,Tile_r042_c042,E5_imggen_overlay_vlm,ImgGen overlay,2026-06-26T20:23:34.670649+00:00,/home/nielsbroekhuizen/projects/my-vscode-project/outputs/case_study_2/runs/Tile_r042_c042/20260626_202334,5,6,point,6,6,1,0.1667,False,False,True,True,True,False,False,6.0,16.666666666666664,-1
grid_scan_paper,Grid Scan Paper,Tile_r042_c042,E6_sam3_deterministic,SAM3 mask,2026-06-26T20:23:34.670649+00:00,/home/nielsbroekhuizen/projects/my-vscode-project/outputs/case_study_2/runs/Tile_r042_c042/20260626_202334,5,6,point,6,6,1,0.1667,False,False,True,True,True,False,False,6.0,16.666666666666664,-1
grid_scan_paper,Grid Scan Paper,Tile_r042_c042,E7_sam3_overlay_vlm,SAM3 overlay,2026-06-26T20:23:34.670649+00:00,/home/nielsbroekhuizen/projects/my-vscode-project/outputs/case_study_2/runs/Tile_r042_c042/20260626_202334,5,6,point,6,6,1,0.1667,False,False,True,True,True,False,False,6.0,16.666666666666664,-1
grid_scan_paper,Grid Scan Paper,Tile_r042_c045,E1_raw_vlm,VLM,2026-06-26T20:27:15.102831+00:00,/home/nielsbroekhuizen/projects/my-vscode-project/outputs/case_study_2/runs/Tile_r042_c045/20260626_202715,5,5,point,5,5,0,0.0,True,True,True,True,True,True,True,5.0,0.0,0
grid_scan_paper,Grid Scan Paper,Tile_r042_c045,E2_sam2_deterministic,SAM2 mask,2026-06-26T20:27:15.102831+00:00,/home/nielsbroekhuizen/projects/my-vscode-project/outputs/case_study_2/runs/Tile_r042_c045/20260626_202715,2,5,point,5,5,3,0.6,False,False,False,False,True,False,False,5.0,60.0,-3
grid_scan_paper,Grid Scan Paper,Tile_r042_c045,E3_imggen_deterministic,ImgGen mask,2026-06-26T20:27:15.102831+00:00,/home/nielsbroekhuizen/projects/my-vscode-project/outputs/case_study_2/runs/Tile_r042_c045/20260626_202715,4,5,point,5,5,1,0.2,False,False,True,True,True,False,False,5.0,20.0,-1
grid_scan_paper,Grid Scan Paper,Tile_r042_c045,E4_sam2_overlay_vlm,SAM2 overlay,2026-06-26T20:27:15.102831+00:00,/home/nielsbroekhuizen/projects/my-vscode-project/outputs/case_study_2/runs/Tile_r042_c045/20260626_202715,8,5,point,5,5,3,0.6,False,False,False,False,True,False,False,5.0,60.0,3
grid_scan_paper,Grid Scan Paper,Tile_r042_c045,E5_imggen_overlay_vlm,ImgGen overlay,2026-06-26T20:27:15.102831+00:00,/home/nielsbroekhuizen/projects/my-vscode-project/outputs/case_study_2/runs/Tile_r042_c045/20260626_202715,4,5,point,5,5,1,0.2,False,False,True,True,True,False,False,5.0,20.0,-1
grid_scan_paper,Grid Scan Paper,Tile_r042_c045,E6_sam3_deterministic,SAM3 mask,2026-06-26T20:27:15.102831+00:00,/home/nielsbroekhuizen/projects/my-vscode-project/outputs/case_study_2/runs/Tile_r042_c045/20260626_202715,1,5,point,5,5,4,0.8,False,False,False,False,False,False,False,5.0,80.0,-4
grid_scan_paper,Grid Scan Paper,Tile_r042_c045,E7_sam3_overlay_vlm,SAM3 overlay,2026-06-26T20:27:15.102831+00:00,/home/nielsbroekhuizen/projects/my-vscode-project/outputs/case_study_2/runs/Tile_r042_c045/20260626_202715,1,5,point,5,5,4,0.8,False,False,False,False,False,False,False,5.0,80.0,-4
grid_scan_paper,Grid Scan Paper,Tile_r042_c046,E1_raw_vlm,VLM,2026-06-26T20:30:38.682915+00:00,/home/nielsbroekhuizen/projects/my-vscode-project/outputs/case_study_2/runs/Tile_r042_c046/20260626_203038,8,3,point,3,3,5,1.6667,False,False,False,False,False,False,False,3.0,166.66666666666669,5
grid_scan_paper,Grid Scan Paper,Tile_r042_c046,E2_sam2_deterministic,SAM2 mask,2026-06-26T20:30:38.682915+00:00,/home/nielsbroekhuizen/projects/my-vscode-project/outputs/case_study_2/runs/Tile_r042_c046/20260626_203038,2,3,point,3,3,1,0.3333,False,False,True,True,True,False,False,3.0,33.33333333333333,-1
grid_scan_paper,Grid Scan Paper,Tile_r042_c046,E3_imggen_deterministic,ImgGen mask,2026-06-26T20:30:38.682915+00:00,/home/nielsbroekhuizen/projects/my-vscode-project/outputs/case_study_2/runs/Tile_r042_c046/20260626_203038,4,3,point,3,3,1,0.3333,False,False,True,True,True,False,False,3.0,33.33333333333333,1
grid_scan_paper,Grid Scan Paper,Tile_r042_c046,E4_sam2_overlay_vlm,SAM2 overlay,2026-06-26T20:30:38.682915+00:00,/home/nielsbroekhuizen/projects/my-vscode-project/outputs/case_study_2/runs/Tile_r042_c046/20260626_203038,8,3,point,3,3,5,1.6667,False,False,False,False,False,False,False,3.0,166.66666666666669,5
grid_scan_paper,Grid Scan Paper,Tile_r042_c046,E5_imggen_overlay_vlm,ImgGen overlay,2026-06-26T20:30:38.682915+00:00,/home/nielsbroekhuizen/projects/my-vscode-project/outputs/case_study_2/runs/Tile_r042_c046/20260626_203038,7,3,point,3,3,4,1.3333,False,False,False,False,False,False,False,3.0,133.33333333333331,4
grid_scan_paper,Grid Scan Paper,Tile_r042_c046,E6_sam3_deterministic,SAM3 mask,2026-06-26T20:30:38.682915+00:00,/home/nielsbroekhuizen/projects/my-vscode-project/outputs/case_study_2/runs/Tile_r042_c046/20260626_203038,0,3,point,3,3,3,1.0,False,False,False,False,True,False,False,3.0,100.0,-3
grid_scan_paper,Grid Scan Paper,Tile_r042_c046,E7_sam3_overlay_vlm,SAM3 overlay,2026-06-26T20:30:38.682915+00:00,/home/nielsbroekhuizen/projects/my-vscode-project/outputs/case_study_2/runs/Tile_r042_c046/20260626_203038,10,3,point,3,3,7,2.3333,False,False,False,False,False,False,False,3.0,233.33333333333334,7
grid_scan_paper,Grid Scan Paper,Tile_r042_c047,E1_raw_vlm,VLM,2026-06-26T20:36:47.350202+00:00,/home/nielsbroekhuizen/projects/my-vscode-project/outputs/case_study_2/runs/Tile_r042_c047/20260626_203647,7,5,point,5,5,2,0.4,False,False,False,True,True,False,False,5.0,40.0,2
grid_scan_paper,Grid Scan Paper,Tile_r042_c047,E2_sam2_deterministic,SAM2 mask,2026-06-26T20:36:47.350202+00:00,/home/nielsbroekhuizen/projects/my-vscode-project/outputs/case_study_2/runs/Tile_r042_c047/20260626_203647,2,5,point,5,5,3,0.6,False,False,False,False,True,False,False,5.0,60.0,-3
grid_scan_paper,Grid Scan Paper,Tile_r042_c047,E3_imggen_deterministic,ImgGen mask,2026-06-26T20:36:47.350202+00:00,/home/nielsbroekhuizen/projects/my-vscode-project/outputs/case_study_2/runs/Tile_r042_c047/20260626_203647,7,5,point,5,5,2,0.4,False,False,False,True,True,False,False,5.0,40.0,2
grid_scan_paper,Grid Scan Paper,Tile_r042_c047,E4_sam2_overlay_vlm,SAM2 overlay,2026-06-26T20:36:47.350202+00:00,/home/nielsbroekhuizen/projects/my-vscode-project/outputs/case_study_2/runs/Tile_r042_c047/20260626_203647,6,5,point,5,5,1,0.2,False,False,True,True,True,False,False,5.0,20.0,1
grid_scan_paper,Grid Scan Paper,Tile_r042_c047,E5_imggen_overlay_vlm,ImgGen overlay,2026-06-26T20:36:47.350202+00:00,/home/nielsbroekhuizen/projects/my-vscode-project/outputs/case_study_2/runs/Tile_r042_c047/20260626_203647,7,5,point,5,5,2,0.4,False,False,False,True,True,False,False,5.0,40.0,2
grid_scan_paper,Grid Scan Paper,Tile_r042_c047,E6_sam3_deterministic,SAM3 mask,2026-06-26T20:36:47.350202+00:00,/home/nielsbroekhuizen/projects/my-vscode-project/outputs/case_study_2/runs/Tile_r042_c047/20260626_203647,0,5,point,5,5,5,1.0,False,False,False,False,False,False,False,5.0,100.0,-5
grid_scan_paper,Grid Scan Paper,Tile_r042_c047,E7_sam3_overlay_vlm,SAM3 overlay,2026-06-26T20:36:47.350202+00:00,/home/nielsbroekhuizen/projects/my-vscode-project/outputs/case_study_2/runs/Tile_r042_c047/20260626_203647,7,5,point,5,5,2,0.4,False,False,False,True,True,False,False,5.0,40.0,2
grid_scan_paper,Grid Scan Paper,Tile_r042_c048,E1_raw_vlm,VLM,2026-06-26T20:40:53.781212+00:00,/home/nielsbroekhuizen/projects/my-vscode-project/outputs/case_study_2/runs/Tile_r042_c048/20260626_204053,6,4,point,4,4,2,0.5,False,False,False,True,True,False,False,4.0,50.0,2
grid_scan_paper,Grid Scan Paper,Tile_r042_c048,E2_sam2_deterministic,SAM2 mask,2026-06-26T20:40:53.781212+00:00,/home/nielsbroekhuizen/projects/my-vscode-project/outputs/case_study_2/runs/Tile_r042_c048/20260626_204053,7,4,point,4,4,3,0.75,False,False,False,False,True,False,False,4.0,75.0,3
grid_scan_paper,Grid Scan Paper,Tile_r042_c048,E3_imggen_deterministic,ImgGen mask,2026-06-26T20:40:53.781212+00:00,/home/nielsbroekhuizen/projects/my-vscode-project/outputs/case_study_2/runs/Tile_r042_c048/20260626_204053,5,4,point,4,4,1,0.25,False,False,True,True,True,False,False,4.0,25.0,1
grid_scan_paper,Grid Scan Paper,Tile_r042_c048,E4_sam2_overlay_vlm,SAM2 overlay,2026-06-26T20:40:53.781212+00:00,/home/nielsbroekhuizen/projects/my-vscode-project/outputs/case_study_2/runs/Tile_r042_c048/20260626_204053,4,4,point,4,4,0,0.0,True,True,True,True,True,True,True,4.0,0.0,0
grid_scan_paper,Grid Scan Paper,Tile_r042_c048,E5_imggen_overlay_vlm,ImgGen overlay,2026-06-26T20:40:53.781212+00:00,/home/nielsbroekhuizen/projects/my-vscode-project/outputs/case_study_2/runs/Tile_r042_c048/20260626_204053,5,4,point,4,4,1,0.25,False,False,True,True,True,False,False,4.0,25.0,1
grid_scan_paper,Grid Scan Paper,Tile_r042_c048,E6_sam3_deterministic,SAM3 mask,2026-06-26T20:40:53.781212+00:00,/home/nielsbroekhuizen/projects/my-vscode-project/outputs/case_study_2/runs/Tile_r042_c048/20260626_204053,0,4,point,4,4,4,1.0,False,False,False,False,False,False,False,4.0,100.0,-4
grid_scan_paper,Grid Scan Paper,Tile_r042_c048,E7_sam3_overlay_vlm,SAM3 overlay,2026-06-26T20:40:53.781212+00:00,/home/nielsbroekhuizen/projects/my-vscode-project/outputs/case_study_2/runs/Tile_r042_c048/20260626_204053,9,4,point,4,4,5,1.25,False,False,False,False,False,False,False,4.0,125.0,5
grid_scan_paper,Grid Scan Paper,Tile_r042_c049,E1_raw_vlm,VLM,2026-06-26T20:45:59.539301+00:00,/home/nielsbroekhuizen/projects/my-vscode-project/outputs/case_study_2/runs/Tile_r042_c049/20260626_204559,5,3,point,3,3,2,0.6667,False,False,False,True,True,False,False,3.0,66.66666666666666,2
grid_scan_paper,Grid Scan Paper,Tile_r042_c049,E2_sam2_deterministic,SAM2 mask,2026-06-26T20:45:59.539301+00:00,/home/nielsbroekhuizen/projects/my-vscode-project/outputs/case_study_2/runs/Tile_r042_c049/20260626_204559,2,3,point,3,3,1,0.3333,False,False,True,True,True,False,False,3.0,33.33333333333333,-1
grid_scan_paper,Grid Scan Paper,Tile_r042_c049,E3_imggen_deterministic,ImgGen mask,2026-06-26T20:45:59.539301+00:00,/home/nielsbroekhuizen/projects/my-vscode-project/outputs/case_study_2/runs/Tile_r042_c049/20260626_204559,5,3,point,3,3,2,0.6667,False,False,False,True,True,False,False,3.0,66.66666666666666,2
grid_scan_paper,Grid Scan Paper,Tile_r042_c049,E4_sam2_overlay_vlm,SAM2 overlay,2026-06-26T20:45:59.539301+00:00,/home/nielsbroekhuizen/projects/my-vscode-project/outputs/case_study_2/runs/Tile_r042_c049/20260626_204559,6,3,point,3,3,3,1.0,False,False,False,False,True,False,False,3.0,100.0,3
grid_scan_paper,Grid Scan Paper,Tile_r042_c049,E5_imggen_overlay_vlm,ImgGen overlay,2026-06-26T20:45:59.539301+00:00,/home/nielsbroekhuizen/projects/my-vscode-project/outputs/case_study_2/runs/Tile_r042_c049/20260626_204559,5,3,point,3,3,2,0.6667,False,False,False,True,True,False,False,3.0,66.66666666666666,2
grid_scan_paper,Grid Scan Paper,Tile_r042_c049,E6_sam3_deterministic,SAM3 mask,2026-06-26T20:45:59.539301+00:00,/home/nielsbroekhuizen/projects/my-vscode-project/outputs/case_study_2/runs/Tile_r042_c049/20260626_204559,4,3,point,3,3,1,0.3333,False,False,True,True,True,False,False,3.0,33.33333333333333,1
grid_scan_paper,Grid Scan Paper,Tile_r042_c049,E7_sam3_overlay_vlm,SAM3 overlay,2026-06-26T20:45:59.539301+00:00,/home/nielsbroekhuizen/projects/my-vscode-project/outputs/case_study_2/runs/Tile_r042_c049/20260626_204559,4,3,point,3,3,1,0.3333,False,False,True,True,True,False,False,3.0,33.33333333333333,1
grid_scan_paper,Grid Scan Paper,Tile_r043_c027,E1_raw_vlm,VLM,2026-06-26T20:50:56.120629+00:00,/home/nielsbroekhuizen/projects/my-vscode-project/outputs/case_study_2/runs/Tile_r043_c027/20260626_205056,2,2,point,2,2,0,0.0,True,True,True,True,True,True,True,2.0,0.0,0
grid_scan_paper,Grid Scan Paper,Tile_r043_c027,E2_sam2_deterministic,SAM2 mask,2026-06-26T20:50:56.120629+00:00,/home/nielsbroekhuizen/projects/my-vscode-project/outputs/case_study_2/runs/Tile_r043_c027/20260626_205056,3,2,point,2,2,1,0.5,False,False,True,True,True,False,False,2.0,50.0,1
grid_scan_paper,Grid Scan Paper,Tile_r043_c027,E3_imggen_deterministic,ImgGen mask,2026-06-26T20:50:56.120629+00:00,/home/nielsbroekhuizen/projects/my-vscode-project/outputs/case_study_2/runs/Tile_r043_c027/20260626_205056,3,2,point,2,2,1,0.5,False,False,True,True,True,False,False,2.0,50.0,1
grid_scan_paper,Grid Scan Paper,Tile_r043_c027,E4_sam2_overlay_vlm,SAM2 overlay,2026-06-26T20:50:56.120629+00:00,/home/nielsbroekhuizen/projects/my-vscode-project/outputs/case_study_2/runs/Tile_r043_c027/20260626_205056,5,2,point,2,2,3,1.5,False,False,False,False,True,False,False,2.0,150.0,3
grid_scan_paper,Grid Scan Paper,Tile_r043_c027,E5_imggen_overlay_vlm,ImgGen overlay,2026-06-26T20:50:56.120629+00:00,/home/nielsbroekhuizen/projects/my-vscode-project/outputs/case_study_2/runs/Tile_r043_c027/20260626_205056,3,2,point,2,2,1,0.5,False,False,True,True,True,False,False,2.0,50.0,1
grid_scan_paper,Grid Scan Paper,Tile_r043_c027,E6_sam3_deterministic,SAM3 mask,2026-06-26T20:50:56.120629+00:00,/home/nielsbroekhuizen/projects/my-vscode-project/outputs/case_study_2/runs/Tile_r043_c027/20260626_205056,2,2,point,2,2,0,0.0,True,True,True,True,True,True,True,2.0,0.0,0
grid_scan_paper,Grid Scan Paper,Tile_r043_c027,E7_sam3_overlay_vlm,SAM3 overlay,2026-06-26T20:50:56.120629+00:00,/home/nielsbroekhuizen/projects/my-vscode-project/outputs/case_study_2/runs/Tile_r043_c027/20260626_205056,2,2,point,2,2,0,0.0,True,True,True,True,True,True,True,2.0,0.0,0
grid_scan_paper,Grid Scan Paper,Tile_r043_c028,E1_raw_vlm,VLM,2026-06-26T20:54:30.946795+00:00,/home/nielsbroekhuizen/projects/my-vscode-project/outputs/case_study_2/runs/Tile_r043_c028/20260626_205430,2,2,point,2,2,0,0.0,True,True,True,True,True,True,True,2.0,0.0,0
grid_scan_paper,Grid Scan Paper,Tile_r043_c028,E2_sam2_deterministic,SAM2 mask,2026-06-26T20:54:30.946795+00:00,/home/nielsbroekhuizen/projects/my-vscode-project/outputs/case_study_2/runs/Tile_r043_c028/20260626_205430,1,2,point,2,2,1,0.5,False,False,True,True,True,False,False,2.0,50.0,-1
grid_scan_paper,Grid Scan Paper,Tile_r043_c028,E3_imggen_deterministic,ImgGen mask,2026-06-26T20:54:30.946795+00:00,/home/nielsbroekhuizen/projects/my-vscode-project/outputs/case_study_2/runs/Tile_r043_c028/20260626_205430,2,2,point,2,2,0,0.0,True,True,True,True,True,True,True,2.0,0.0,0
grid_scan_paper,Grid Scan Paper,Tile_r043_c028,E4_sam2_overlay_vlm,SAM2 overlay,2026-06-26T20:54:30.946795+00:00,/home/nielsbroekhuizen/projects/my-vscode-project/outputs/case_study_2/runs/Tile_r043_c028/20260626_205430,2,2,point,2,2,0,0.0,True,True,True,True,True,True,True,2.0,0.0,0
grid_scan_paper,Grid Scan Paper,Tile_r043_c028,E5_imggen_overlay_vlm,ImgGen overlay,2026-06-26T20:54:30.946795+00:00,/home/nielsbroekhuizen/projects/my-vscode-project/outputs/case_study_2/runs/Tile_r043_c028/20260626_205430,2,2,point,2,2,0,0.0,True,True,True,True,True,True,True,2.0,0.0,0
grid_scan_paper,Grid Scan Paper,Tile_r043_c028,E6_sam3_deterministic,SAM3 mask,2026-06-26T20:54:30.946795+00:00,/home/nielsbroekhuizen/projects/my-vscode-project/outputs/case_study_2/runs/Tile_r043_c028/20260626_205430,1,2,point,2,2,1,0.5,False,False,True,True,True,False,False,2.0,50.0,-1
grid_scan_paper,Grid Scan Paper,Tile_r043_c028,E7_sam3_overlay_vlm,SAM3 overlay,2026-06-26T20:54:30.946795+00:00,/home/nielsbroekhuizen/projects/my-vscode-project/outputs/case_study_2/runs/Tile_r043_c028/20260626_205430,1,2,point,2,2,1,0.5,False,False,True,True,True,False,False,2.0,50.0,-1
grid_scan_paper,Grid Scan Paper,Tile_r043_c029,E1_raw_vlm,VLM,2026-06-26T20:57:44.003036+00:00,/home/nielsbroekhuizen/projects/my-vscode-project/outputs/case_study_2/runs/Tile_r043_c029/20260626_205744,6,3,point,3,3,3,1.0,False,False,False,False,True,False,False,3.0,100.0,3
grid_scan_paper,Grid Scan Paper,Tile_r043_c029,E2_sam2_deterministic,SAM2 mask,2026-06-26T20:57:44.003036+00:00,/home/nielsbroekhuizen/projects/my-vscode-project/outputs/case_study_2/runs/Tile_r043_c029/20260626_205744,3,3,point,3,3,0,0.0,True,True,True,True,True,True,True,3.0,0.0,0
grid_scan_paper,Grid Scan Paper,Tile_r043_c029,E3_imggen_deterministic,ImgGen mask,2026-06-26T20:57:44.003036+00:00,/home/nielsbroekhuizen/projects/my-vscode-project/outputs/case_study_2/runs/Tile_r043_c029/20260626_205744,4,3,point,3,3,1,0.3333,False,False,True,True,True,False,False,3.0,33.33333333333333,1
grid_scan_paper,Grid Scan Paper,Tile_r043_c029,E4_sam2_overlay_vlm,SAM2 overlay,2026-06-26T20:57:44.003036+00:00,/home/nielsbroekhuizen/projects/my-vscode-project/outputs/case_study_2/runs/Tile_r043_c029/20260626_205744,6,3,point,3,3,3,1.0,False,False,False,False,True,False,False,3.0,100.0,3
grid_scan_paper,Grid Scan Paper,Tile_r043_c029,E5_imggen_overlay_vlm,ImgGen overlay,2026-06-26T20:57:44.003036+00:00,/home/nielsbroekhuizen/projects/my-vscode-project/outputs/case_study_2/runs/Tile_r043_c029/20260626_205744,5,3,point,3,3,2,0.6667,False,False,False,True,True,False,False,3.0,66.66666666666666,2
grid_scan_paper,Grid Scan Paper,Tile_r043_c029,E6_sam3_deterministic,SAM3 mask,2026-06-26T20:57:44.003036+00:00,/home/nielsbroekhuizen/projects/my-vscode-project/outputs/case_study_2/runs/Tile_r043_c029/20260626_205744,3,3,point,3,3,0,0.0,True,True,True,True,True,True,True,3.0,0.0,0
grid_scan_paper,Grid Scan Paper,Tile_r043_c029,E7_sam3_overlay_vlm,SAM3 overlay,2026-06-26T20:57:44.003036+00:00,/home/nielsbroekhuizen/projects/my-vscode-project/outputs/case_study_2/runs/Tile_r043_c029/20260626_205744,3,3,point,3,3,0,0.0,True,True,True,True,True,True,True,3.0,0.0,0
grid_scan_paper,Grid Scan Paper,Tile_r043_c030,E1_raw_vlm,VLM,2026-06-26T21:01:10.228260+00:00,/home/nielsbroekhuizen/projects/my-vscode-project/outputs/case_study_2/runs/Tile_r043_c030/20260626_210110,5,5,point,5,5,0,0.0,True,True,True,True,True,True,True,5.0,0.0,0
grid_scan_paper,Grid Scan Paper,Tile_r043_c030,E2_sam2_deterministic,SAM2 mask,2026-06-26T21:01:10.228260+00:00,/home/nielsbroekhuizen/projects/my-vscode-project/outputs/case_study_2/runs/Tile_r043_c030/20260626_210110,4,5,point,5,5,1,0.2,False,False,True,True,True,False,False,5.0,20.0,-1
grid_scan_paper,Grid Scan Paper,Tile_r043_c030,E3_imggen_deterministic,ImgGen mask,2026-06-26T21:01:10.228260+00:00,/home/nielsbroekhuizen/projects/my-vscode-project/outputs/case_study_2/runs/Tile_r043_c030/20260626_210110,6,5,point,5,5,1,0.2,False,False,True,True,True,False,False,5.0,20.0,1
grid_scan_paper,Grid Scan Paper,Tile_r043_c030,E4_sam2_overlay_vlm,SAM2 overlay,2026-06-26T21:01:10.228260+00:00,/home/nielsbroekhuizen/projects/my-vscode-project/outputs/case_study_2/runs/Tile_r043_c030/20260626_210110,7,5,point,5,5,2,0.4,False,False,False,True,True,False,False,5.0,40.0,2
grid_scan_paper,Grid Scan Paper,Tile_r043_c030,E5_imggen_overlay_vlm,ImgGen overlay,2026-06-26T21:01:10.228260+00:00,/home/nielsbroekhuizen/projects/my-vscode-project/outputs/case_study_2/runs/Tile_r043_c030/20260626_210110,6,5,point,5,5,1,0.2,False,False,True,True,True,False,False,5.0,20.0,1
grid_scan_paper,Grid Scan Paper,Tile_r043_c030,E6_sam3_deterministic,SAM3 mask,2026-06-26T21:01:10.228260+00:00,/home/nielsbroekhuizen/projects/my-vscode-project/outputs/case_study_2/runs/Tile_r043_c030/20260626_210110,5,5,point,5,5,0,0.0,True,True,True,True,True,True,True,5.0,0.0,0
grid_scan_paper,Grid Scan Paper,Tile_r043_c030,E7_sam3_overlay_vlm,SAM3 overlay,2026-06-26T21:01:10.228260+00:00,/home/nielsbroekhuizen/projects/my-vscode-project/outputs/case_study_2/runs/Tile_r043_c030/20260626_210110,5,5,point,5,5,0,0.0,True,True,True,True,True,True,True,5.0,0.0,0
grid_scan_paper,Grid Scan Paper,Tile_r043_c031,E1_raw_vlm,VLM,2026-06-26T21:05:15.870028+00:00,/home/nielsbroekhuizen/projects/my-vscode-project/outputs/case_study_2/runs/Tile_r043_c031/20260626_210515,5,4,point,4,4,1,0.25,False,False,True,True,True,False,False,4.0,25.0,1
grid_scan_paper,Grid Scan Paper,Tile_r043_c031,E2_sam2_deterministic,SAM2 mask,2026-06-26T21:05:15.870028+00:00,/home/nielsbroekhuizen/projects/my-vscode-project/outputs/case_study_2/runs/Tile_r043_c031/20260626_210515,8,4,point,4,4,4,1.0,False,False,False,False,False,False,False,4.0,100.0,4
grid_scan_paper,Grid Scan Paper,Tile_r043_c031,E3_imggen_deterministic,ImgGen mask,2026-06-26T21:05:15.870028+00:00,/home/nielsbroekhuizen/projects/my-vscode-project/outputs/case_study_2/runs/Tile_r043_c031/20260626_210515,7,4,point,4,4,3,0.75,False,False,False,False,True,False,False,4.0,75.0,3
grid_scan_paper,Grid Scan Paper,Tile_r043_c031,E4_sam2_overlay_vlm,SAM2 overlay,2026-06-26T21:05:15.870028+00:00,/home/nielsbroekhuizen/projects/my-vscode-project/outputs/case_study_2/runs/Tile_r043_c031/20260626_210515,10,4,point,4,4,6,1.5,False,False,False,False,False,False,False,4.0,150.0,6
grid_scan_paper,Grid Scan Paper,Tile_r043_c031,E5_imggen_overlay_vlm,ImgGen overlay,2026-06-26T21:05:15.870028+00:00,/home/nielsbroekhuizen/projects/my-vscode-project/outputs/case_study_2/runs/Tile_r043_c031/20260626_210515,6,4,point,4,4,2,0.5,False,False,False,True,True,False,False,4.0,50.0,2
grid_scan_paper,Grid Scan Paper,Tile_r043_c031,E6_sam3_deterministic,SAM3 mask,2026-06-26T21:05:15.870028+00:00,/home/nielsbroekhuizen/projects/my-vscode-project/outputs/case_study_2/runs/Tile_r043_c031/20260626_210515,4,4,point,4,4,0,0.0,True,True,True,True,True,True,True,4.0,0.0,0
grid_scan_paper,Grid Scan Paper,Tile_r043_c031,E7_sam3_overlay_vlm,SAM3 overlay,2026-06-26T21:05:15.870028+00:00,/home/nielsbroekhuizen/projects/my-vscode-project/outputs/case_study_2/runs/Tile_r043_c031/20260626_210515,4,4,point,4,4,0,0.0,True,True,True,True,True,True,True,4.0,0.0,0
grid_scan_paper,Grid Scan Paper,Tile_r043_c032,E1_raw_vlm,VLM,2026-06-26T21:10:07.925044+00:00,/home/nielsbroekhuizen/projects/my-vscode-project/outputs/case_study_2/runs/Tile_r043_c032/20260626_211007,11,7,point,7,7,4,0.5714,False,False,False,False,False,False,False,7.0,57.14285714285714,4
grid_scan_paper,Grid Scan Paper,Tile_r043_c032,E2_sam2_deterministic,SAM2 mask,2026-06-26T21:10:07.925044+00:00,/home/nielsbroekhuizen/projects/my-vscode-project/outputs/case_study_2/runs/Tile_r043_c032/20260626_211007,3,7,point,7,7,4,0.5714,False,False,False,False,False,False,False,7.0,57.14285714285714,-4
grid_scan_paper,Grid Scan Paper,Tile_r043_c032,E3_imggen_deterministic,ImgGen mask,2026-06-26T21:10:07.925044+00:00,/home/nielsbroekhuizen/projects/my-vscode-project/outputs/case_study_2/runs/Tile_r043_c032/20260626_211007,12,7,point,7,7,5,0.7143,False,False,False,False,False,False,False,7.0,71.42857142857143,5
grid_scan_paper,Grid Scan Paper,Tile_r043_c032,E4_sam2_overlay_vlm,SAM2 overlay,2026-06-26T21:10:07.925044+00:00,/home/nielsbroekhuizen/projects/my-vscode-project/outputs/case_study_2/runs/Tile_r043_c032/20260626_211007,22,7,point,7,7,15,2.1429,False,False,False,False,False,False,False,7.0,214.28571428571428,15
grid_scan_paper,Grid Scan Paper,Tile_r043_c032,E5_imggen_overlay_vlm,ImgGen overlay,2026-06-26T21:10:07.925044+00:00,/home/nielsbroekhuizen/projects/my-vscode-project/outputs/case_study_2/runs/Tile_r043_c032/20260626_211007,13,7,point,7,7,6,0.8571,False,False,False,False,False,False,False,7.0,85.71428571428571,6
grid_scan_paper,Grid Scan Paper,Tile_r043_c032,E6_sam3_deterministic,SAM3 mask,2026-06-26T21:10:07.925044+00:00,/home/nielsbroekhuizen/projects/my-vscode-project/outputs/case_study_2/runs/Tile_r043_c032/20260626_211007,10,7,point,7,7,3,0.4286,False,False,False,False,True,False,False,7.0,42.857142857142854,3
grid_scan_paper,Grid Scan Paper,Tile_r043_c032,E7_sam3_overlay_vlm,SAM3 overlay,2026-06-26T21:10:07.925044+00:00,/home/nielsbroekhuizen/projects/my-vscode-project/outputs/case_study_2/runs/Tile_r043_c032/20260626_211007,15,7,point,7,7,8,1.1429,False,False,False,False,False,False,False,7.0,114.28571428571428,8
grid_scan_paper,Grid Scan Paper,Tile_r043_c033,E1_raw_vlm,VLM,2026-06-26T21:16:31.260813+00:00,/home/nielsbroekhuizen/projects/my-vscode-project/outputs/case_study_2/runs/Tile_r043_c033/20260626_211631,15,8,point,8,8,7,0.875,False,False,False,False,False,False,False,8.0,87.5,7
grid_scan_paper,Grid Scan Paper,Tile_r043_c033,E2_sam2_deterministic,SAM2 mask,2026-06-26T21:16:31.260813+00:00,/home/nielsbroekhuizen/projects/my-vscode-project/outputs/case_study_2/runs/Tile_r043_c033/20260626_211631,19,8,point,8,8,11,1.375,False,False,False,False,False,False,False,8.0,137.5,11
grid_scan_paper,Grid Scan Paper,Tile_r043_c033,E3_imggen_deterministic,ImgGen mask,2026-06-26T21:16:31.260813+00:00,/home/nielsbroekhuizen/projects/my-vscode-project/outputs/case_study_2/runs/Tile_r043_c033/20260626_211631,11,8,point,8,8,3,0.375,False,False,False,False,True,False,False,8.0,37.5,3
grid_scan_paper,Grid Scan Paper,Tile_r043_c033,E4_sam2_overlay_vlm,SAM2 overlay,2026-06-26T21:16:31.260813+00:00,/home/nielsbroekhuizen/projects/my-vscode-project/outputs/case_study_2/runs/Tile_r043_c033/20260626_211631,27,8,point,8,8,19,2.375,False,False,False,False,False,False,False,8.0,237.5,19
grid_scan_paper,Grid Scan Paper,Tile_r043_c033,E5_imggen_overlay_vlm,ImgGen overlay,2026-06-26T21:16:31.260813+00:00,/home/nielsbroekhuizen/projects/my-vscode-project/outputs/case_study_2/runs/Tile_r043_c033/20260626_211631,12,8,point,8,8,4,0.5,False,False,False,False,False,False,False,8.0,50.0,4
grid_scan_paper,Grid Scan Paper,Tile_r043_c033,E6_sam3_deterministic,SAM3 mask,2026-06-26T21:16:31.260813+00:00,/home/nielsbroekhuizen/projects/my-vscode-project/outputs/case_study_2/runs/Tile_r043_c033/20260626_211631,11,8,point,8,8,3,0.375,False,False,False,False,True,False,False,8.0,37.5,3
grid_scan_paper,Grid Scan Paper,Tile_r043_c033,E7_sam3_overlay_vlm,SAM3 overlay,2026-06-26T21:16:31.260813+00:00,/home/nielsbroekhuizen/projects/my-vscode-project/outputs/case_study_2/runs/Tile_r043_c033/20260626_211631,15,8,point,8,8,7,0.875,False,False,False,False,False,False,False,8.0,87.5,7
grid_scan_paper,Grid Scan Paper,Tile_r043_c034,E1_raw_vlm,VLM,2026-06-26T21:30:28.138512+00:00,/home/nielsbroekhuizen/projects/my-vscode-project/outputs/case_study_2/runs/Tile_r043_c034/20260626_213028,2,2,point,2,2,0,0.0,True,True,True,True,True,True,True,2.0,0.0,0
grid_scan_paper,Grid Scan Paper,Tile_r043_c034,E2_sam2_deterministic,SAM2 mask,2026-06-26T21:30:28.138512+00:00,/home/nielsbroekhuizen/projects/my-vscode-project/outputs/case_study_2/runs/Tile_r043_c034/20260626_213028,1,2,point,2,2,1,0.5,False,False,True,True,True,False,False,2.0,50.0,-1
grid_scan_paper,Grid Scan Paper,Tile_r043_c034,E3_imggen_deterministic,ImgGen mask,2026-06-26T21:30:28.138512+00:00,/home/nielsbroekhuizen/projects/my-vscode-project/outputs/case_study_2/runs/Tile_r043_c034/20260626_213028,2,2,point,2,2,0,0.0,True,True,True,True,True,True,True,2.0,0.0,0
grid_scan_paper,Grid Scan Paper,Tile_r043_c034,E4_sam2_overlay_vlm,SAM2 overlay,2026-06-26T21:30:28.138512+00:00,/home/nielsbroekhuizen/projects/my-vscode-project/outputs/case_study_2/runs/Tile_r043_c034/20260626_213028,2,2,point,2,2,0,0.0,True,True,True,True,True,True,True,2.0,0.0,0
grid_scan_paper,Grid Scan Paper,Tile_r043_c034,E5_imggen_overlay_vlm,ImgGen overlay,2026-06-26T21:30:28.138512+00:00,/home/nielsbroekhuizen/projects/my-vscode-project/outputs/case_study_2/runs/Tile_r043_c034/20260626_213028,2,2,point,2,2,0,0.0,True,True,True,True,True,True,True,2.0,0.0,0
grid_scan_paper,Grid Scan Paper,Tile_r043_c034,E6_sam3_deterministic,SAM3 mask,2026-06-26T21:30:28.138512+00:00,/home/nielsbroekhuizen/projects/my-vscode-project/outputs/case_study_2/runs/Tile_r043_c034/20260626_213028,0,2,point,2,2,2,1.0,False,False,False,True,True,False,False,2.0,100.0,-2
grid_scan_paper,Grid Scan Paper,Tile_r043_c034,E7_sam3_overlay_vlm,SAM3 overlay,2026-06-26T21:30:28.138512+00:00,/home/nielsbroekhuizen/projects/my-vscode-project/outputs/case_study_2/runs/Tile_r043_c034/20260626_213028,2,2,point,2,2,0,0.0,True,True,True,True,True,True,True,2.0,0.0,0
grid_scan_paper,Grid Scan Paper,Tile_r043_c035,E1_raw_vlm,VLM,2026-06-26T21:33:44.074455+00:00,/home/nielsbroekhuizen/projects/my-vscode-project/outputs/case_study_2/runs/Tile_r043_c035/20260626_213344,3,3,point,3,3,0,0.0,True,True,True,True,True,True,True,3.0,0.0,0
grid_scan_paper,Grid Scan Paper,Tile_r043_c035,E2_sam2_deterministic,SAM2 mask,2026-06-26T21:33:44.074455+00:00,/home/nielsbroekhuizen/projects/my-vscode-project/outputs/case_study_2/runs/Tile_r043_c035/20260626_213344,1,3,point,3,3,2,0.6667,False,False,False,True,True,False,False,3.0,66.66666666666666,-2
grid_scan_paper,Grid Scan Paper,Tile_r043_c035,E3_imggen_deterministic,ImgGen mask,2026-06-26T21:33:44.074455+00:00,/home/nielsbroekhuizen/projects/my-vscode-project/outputs/case_study_2/runs/Tile_r043_c035/20260626_213344,3,3,point,3,3,0,0.0,True,True,True,True,True,True,True,3.0,0.0,0
grid_scan_paper,Grid Scan Paper,Tile_r043_c035,E4_sam2_overlay_vlm,SAM2 overlay,2026-06-26T21:33:44.074455+00:00,/home/nielsbroekhuizen/projects/my-vscode-project/outputs/case_study_2/runs/Tile_r043_c035/20260626_213344,4,3,point,3,3,1,0.3333,False,False,True,True,True,False,False,3.0,33.33333333333333,1
grid_scan_paper,Grid Scan Paper,Tile_r043_c035,E5_imggen_overlay_vlm,ImgGen overlay,2026-06-26T21:33:44.074455+00:00,/home/nielsbroekhuizen/projects/my-vscode-project/outputs/case_study_2/runs/Tile_r043_c035/20260626_213344,3,3,point,3,3,0,0.0,True,True,True,True,True,True,True,3.0,0.0,0
grid_scan_paper,Grid Scan Paper,Tile_r043_c035,E6_sam3_deterministic,SAM3 mask,2026-06-26T21:33:44.074455+00:00,/home/nielsbroekhuizen/projects/my-vscode-project/outputs/case_study_2/runs/Tile_r043_c035/20260626_213344,3,3,point,3,3,0,0.0,True,True,True,True,True,True,True,3.0,0.0,0
grid_scan_paper,Grid Scan Paper,Tile_r043_c035,E7_sam3_overlay_vlm,SAM3 overlay,2026-06-26T21:33:44.074455+00:00,/home/nielsbroekhuizen/projects/my-vscode-project/outputs/case_study_2/runs/Tile_r043_c035/20260626_213344,3,3,point,3,3,0,0.0,True,True,True,True,True,True,True,3.0,0.0,0
grid_scan_paper,Grid Scan Paper,Tile_r043_c037,E1_raw_vlm,VLM,2026-06-26T21:37:28.500112+00:00,/home/nielsbroekhuizen/projects/my-vscode-project/outputs/case_study_2/runs/Tile_r043_c037/20260626_213728,1,1,point,1,1,0,0.0,True,True,True,True,True,True,True,1.0,0.0,0
grid_scan_paper,Grid Scan Paper,Tile_r043_c037,E2_sam2_deterministic,SAM2 mask,2026-06-26T21:37:28.500112+00:00,/home/nielsbroekhuizen/projects/my-vscode-project/outputs/case_study_2/runs/Tile_r043_c037/20260626_213728,3,1,point,1,1,2,2.0,False,False,False,True,True,False,False,1.0,200.0,2
grid_scan_paper,Grid Scan Paper,Tile_r043_c037,E3_imggen_deterministic,ImgGen mask,2026-06-26T21:37:28.500112+00:00,/home/nielsbroekhuizen/projects/my-vscode-project/outputs/case_study_2/runs/Tile_r043_c037/20260626_213728,1,1,point,1,1,0,0.0,True,True,True,True,True,True,True,1.0,0.0,0
grid_scan_paper,Grid Scan Paper,Tile_r043_c037,E4_sam2_overlay_vlm,SAM2 overlay,2026-06-26T21:37:28.500112+00:00,/home/nielsbroekhuizen/projects/my-vscode-project/outputs/case_study_2/runs/Tile_r043_c037/20260626_213728,1,1,point,1,1,0,0.0,True,True,True,True,True,True,True,1.0,0.0,0
grid_scan_paper,Grid Scan Paper,Tile_r043_c037,E5_imggen_overlay_vlm,ImgGen overlay,2026-06-26T21:37:28.500112+00:00,/home/nielsbroekhuizen/projects/my-vscode-project/outputs/case_study_2/runs/Tile_r043_c037/20260626_213728,1,1,point,1,1,0,0.0,True,True,True,True,True,True,True,1.0,0.0,0
grid_scan_paper,Grid Scan Paper,Tile_r043_c037,E6_sam3_deterministic,SAM3 mask,2026-06-26T21:37:28.500112+00:00,/home/nielsbroekhuizen/projects/my-vscode-project/outputs/case_study_2/runs/Tile_r043_c037/20260626_213728,0,1,point,1,1,1,1.0,False,False,True,True,True,False,False,1.0,100.0,-1
grid_scan_paper,Grid Scan Paper,Tile_r043_c037,E7_sam3_overlay_vlm,SAM3 overlay,2026-06-26T21:37:28.500112+00:00,/home/nielsbroekhuizen/projects/my-vscode-project/outputs/case_study_2/runs/Tile_r043_c037/20260626_213728,1,1,point,1,1,0,0.0,True,True,True,True,True,True,True,1.0,0.0,0
grid_scan_paper,Grid Scan Paper,Tile_r043_c038,E1_raw_vlm,VLM,2026-06-26T21:40:45.509070+00:00,/home/nielsbroekhuizen/projects/my-vscode-project/outputs/case_study_2/runs/Tile_r043_c038/20260626_214045,9,7,point,7,7,2,0.2857,False,False,False,True,True,False,False,7.0,28.57142857142857,2
grid_scan_paper,Grid Scan Paper,Tile_r043_c038,E2_sam2_deterministic,SAM2 mask,2026-06-26T21:40:45.509070+00:00,/home/nielsbroekhuizen/projects/my-vscode-project/outputs/case_study_2/runs/Tile_r043_c038/20260626_214045,4,7,point,7,7,3,0.4286,False,False,False,False,True,False,False,7.0,42.857142857142854,-3
grid_scan_paper,Grid Scan Paper,Tile_r043_c038,E3_imggen_deterministic,ImgGen mask,2026-06-26T21:40:45.509070+00:00,/home/nielsbroekhuizen/projects/my-vscode-project/outputs/case_study_2/runs/Tile_r043_c038/20260626_214045,7,7,point,7,7,0,0.0,True,True,True,True,True,True,True,7.0,0.0,0
grid_scan_paper,Grid Scan Paper,Tile_r043_c038,E4_sam2_overlay_vlm,SAM2 overlay,2026-06-26T21:40:45.509070+00:00,/home/nielsbroekhuizen/projects/my-vscode-project/outputs/case_study_2/runs/Tile_r043_c038/20260626_214045,9,7,point,7,7,2,0.2857,False,False,False,True,True,False,False,7.0,28.57142857142857,2
grid_scan_paper,Grid Scan Paper,Tile_r043_c038,E5_imggen_overlay_vlm,ImgGen overlay,2026-06-26T21:40:45.509070+00:00,/home/nielsbroekhuizen/projects/my-vscode-project/outputs/case_study_2/runs/Tile_r043_c038/20260626_214045,9,7,point,7,7,2,0.2857,False,False,False,True,True,False,False,7.0,28.57142857142857,2
grid_scan_paper,Grid Scan Paper,Tile_r043_c038,E6_sam3_deterministic,SAM3 mask,2026-06-26T21:40:45.509070+00:00,/home/nielsbroekhuizen/projects/my-vscode-project/outputs/case_study_2/runs/Tile_r043_c038/20260626_214045,6,7,point,7,7,1,0.1429,False,False,True,True,True,False,False,7.0,14.285714285714285,-1
grid_scan_paper,Grid Scan Paper,Tile_r043_c038,E7_sam3_overlay_vlm,SAM3 overlay,2026-06-26T21:40:45.509070+00:00,/home/nielsbroekhuizen/projects/my-vscode-project/outputs/case_study_2/runs/Tile_r043_c038/20260626_214045,6,7,point,7,7,1,0.1429,False,False,True,True,True,False,False,7.0,14.285714285714285,-1
grid_scan_paper,Grid Scan Paper,Tile_r043_c040,E1_raw_vlm,VLM,2026-06-26T21:46:36.873012+00:00,/home/nielsbroekhuizen/projects/my-vscode-project/outputs/case_study_2/runs/Tile_r043_c040/20260626_214636,4,3,point,3,3,1,0.3333,False,False,True,True,True,False,False,3.0,33.33333333333333,1
grid_scan_paper,Grid Scan Paper,Tile_r043_c040,E2_sam2_deterministic,SAM2 mask,2026-06-26T21:46:36.873012+00:00,/home/nielsbroekhuizen/projects/my-vscode-project/outputs/case_study_2/runs/Tile_r043_c040/20260626_214636,1,3,point,3,3,2,0.6667,False,False,False,True,True,False,False,3.0,66.66666666666666,-2
grid_scan_paper,Grid Scan Paper,Tile_r043_c040,E3_imggen_deterministic,ImgGen mask,2026-06-26T21:46:36.873012+00:00,/home/nielsbroekhuizen/projects/my-vscode-project/outputs/case_study_2/runs/Tile_r043_c040/20260626_214636,3,3,point,3,3,0,0.0,True,True,True,True,True,True,True,3.0,0.0,0
grid_scan_paper,Grid Scan Paper,Tile_r043_c040,E4_sam2_overlay_vlm,SAM2 overlay,2026-06-26T21:46:36.873012+00:00,/home/nielsbroekhuizen/projects/my-vscode-project/outputs/case_study_2/runs/Tile_r043_c040/20260626_214636,4,3,point,3,3,1,0.3333,False,False,True,True,True,False,False,3.0,33.33333333333333,1
grid_scan_paper,Grid Scan Paper,Tile_r043_c040,E5_imggen_overlay_vlm,ImgGen overlay,2026-06-26T21:46:36.873012+00:00,/home/nielsbroekhuizen/projects/my-vscode-project/outputs/case_study_2/runs/Tile_r043_c040/20260626_214636,3,3,point,3,3,0,0.0,True,True,True,True,True,True,True,3.0,0.0,0
grid_scan_paper,Grid Scan Paper,Tile_r043_c040,E6_sam3_deterministic,SAM3 mask,2026-06-26T21:46:36.873012+00:00,/home/nielsbroekhuizen/projects/my-vscode-project/outputs/case_study_2/runs/Tile_r043_c040/20260626_214636,0,3,point,3,3,3,1.0,False,False,False,False,True,False,False,3.0,100.0,-3
grid_scan_paper,Grid Scan Paper,Tile_r043_c040,E7_sam3_overlay_vlm,SAM3 overlay,2026-06-26T21:46:36.873012+00:00,/home/nielsbroekhuizen/projects/my-vscode-project/outputs/case_study_2/runs/Tile_r043_c040/20260626_214636,3,3,point,3,3,0,0.0,True,True,True,True,True,True,True,3.0,0.0,0
grid_scan_paper,Grid Scan Paper,Tile_r043_c041,E1_raw_vlm,VLM,2026-06-26T21:55:09.455078+00:00,/home/nielsbroekhuizen/projects/my-vscode-project/outputs/case_study_2/runs/Tile_r043_c041/20260626_215509,4,3,point,3,3,1,0.3333,False,False,True,True,True,False,False,3.0,33.33333333333333,1
grid_scan_paper,Grid Scan Paper,Tile_r043_c041,E2_sam2_deterministic,SAM2 mask,2026-06-26T21:55:09.455078+00:00,/home/nielsbroekhuizen/projects/my-vscode-project/outputs/case_study_2/runs/Tile_r043_c041/20260626_215509,1,3,point,3,3,2,0.6667,False,False,False,True,True,False,False,3.0,66.66666666666666,-2
grid_scan_paper,Grid Scan Paper,Tile_r043_c041,E3_imggen_deterministic,ImgGen mask,2026-06-26T21:55:09.455078+00:00,/home/nielsbroekhuizen/projects/my-vscode-project/outputs/case_study_2/runs/Tile_r043_c041/20260626_215509,3,3,point,3,3,0,0.0,True,True,True,True,True,True,True,3.0,0.0,0
grid_scan_paper,Grid Scan Paper,Tile_r043_c041,E4_sam2_overlay_vlm,SAM2 overlay,2026-06-26T21:55:09.455078+00:00,/home/nielsbroekhuizen/projects/my-vscode-project/outputs/case_study_2/runs/Tile_r043_c041/20260626_215509,5,3,point,3,3,2,0.6667,False,False,False,True,True,False,False,3.0,66.66666666666666,2
grid_scan_paper,Grid Scan Paper,Tile_r043_c041,E5_imggen_overlay_vlm,ImgGen overlay,2026-06-26T21:55:09.455078+00:00,/home/nielsbroekhuizen/projects/my-vscode-project/outputs/case_study_2/runs/Tile_r043_c041/20260626_215509,3,3,point,3,3,0,0.0,True,True,True,True,True,True,True,3.0,0.0,0
grid_scan_paper,Grid Scan Paper,Tile_r043_c041,E6_sam3_deterministic,SAM3 mask,2026-06-26T21:55:09.455078+00:00,/home/nielsbroekhuizen/projects/my-vscode-project/outputs/case_study_2/runs/Tile_r043_c041/20260626_215509,0,3,point,3,3,3,1.0,False,False,False,False,True,False,False,3.0,100.0,-3
grid_scan_paper,Grid Scan Paper,Tile_r043_c041,E7_sam3_overlay_vlm,SAM3 overlay,2026-06-26T21:55:09.455078+00:00,/home/nielsbroekhuizen/projects/my-vscode-project/outputs/case_study_2/runs/Tile_r043_c041/20260626_215509,5,3,point,3,3,2,0.6667,False,False,False,True,True,False,False,3.0,66.66666666666666,2
grid_scan_paper,Grid Scan Paper,Tile_r043_c042,E1_raw_vlm,VLM,2026-06-26T21:59:06.455843+00:00,/home/nielsbroekhuizen/projects/my-vscode-project/outputs/case_study_2/runs/Tile_r043_c042/20260626_215906,5,5,point,5,5,0,0.0,True,True,True,True,True,True,True,5.0,0.0,0
grid_scan_paper,Grid Scan Paper,Tile_r043_c042,E2_sam2_deterministic,SAM2 mask,2026-06-26T21:59:06.455843+00:00,/home/nielsbroekhuizen/projects/my-vscode-project/outputs/case_study_2/runs/Tile_r043_c042/20260626_215906,4,5,point,5,5,1,0.2,False,False,True,True,True,False,False,5.0,20.0,-1
grid_scan_paper,Grid Scan Paper,Tile_r043_c042,E3_imggen_deterministic,ImgGen mask,2026-06-26T21:59:06.455843+00:00,/home/nielsbroekhuizen/projects/my-vscode-project/outputs/case_study_2/runs/Tile_r043_c042/20260626_215906,5,5,point,5,5,0,0.0,True,True,True,True,True,True,True,5.0,0.0,0
grid_scan_paper,Grid Scan Paper,Tile_r043_c042,E4_sam2_overlay_vlm,SAM2 overlay,2026-06-26T21:59:06.455843+00:00,/home/nielsbroekhuizen/projects/my-vscode-project/outputs/case_study_2/runs/Tile_r043_c042/20260626_215906,5,5,point,5,5,0,0.0,True,True,True,True,True,True,True,5.0,0.0,0
grid_scan_paper,Grid Scan Paper,Tile_r043_c042,E5_imggen_overlay_vlm,ImgGen overlay,2026-06-26T21:59:06.455843+00:00,/home/nielsbroekhuizen/projects/my-vscode-project/outputs/case_study_2/runs/Tile_r043_c042/20260626_215906,5,5,point,5,5,0,0.0,True,True,True,True,True,True,True,5.0,0.0,0
grid_scan_paper,Grid Scan Paper,Tile_r043_c042,E6_sam3_deterministic,SAM3 mask,2026-06-26T21:59:06.455843+00:00,/home/nielsbroekhuizen/projects/my-vscode-project/outputs/case_study_2/runs/Tile_r043_c042/20260626_215906,3,5,point,5,5,2,0.4,False,False,False,True,True,False,False,5.0,40.0,-2
grid_scan_paper,Grid Scan Paper,Tile_r043_c042,E7_sam3_overlay_vlm,SAM3 overlay,2026-06-26T21:59:06.455843+00:00,/home/nielsbroekhuizen/projects/my-vscode-project/outputs/case_study_2/runs/Tile_r043_c042/20260626_215906,2,5,point,5,5,3,0.6,False,False,False,False,True,False,False,5.0,60.0,-3
grid_scan_paper,Grid Scan Paper,Tile_r043_c043,E1_raw_vlm,VLM,2026-06-26T22:02:57.259722+00:00,/home/nielsbroekhuizen/projects/my-vscode-project/outputs/case_study_2/runs/Tile_r043_c043/20260626_220257,5,3,point,3,3,2,0.6667,False,False,False,True,True,False,False,3.0,66.66666666666666,2
grid_scan_paper,Grid Scan Paper,Tile_r043_c043,E2_sam2_deterministic,SAM2 mask,2026-06-26T22:02:57.259722+00:00,/home/nielsbroekhuizen/projects/my-vscode-project/outputs/case_study_2/runs/Tile_r043_c043/20260626_220257,2,3,point,3,3,1,0.3333,False,False,True,True,True,False,False,3.0,33.33333333333333,-1
grid_scan_paper,Grid Scan Paper,Tile_r043_c043,E3_imggen_deterministic,ImgGen mask,2026-06-26T22:02:57.259722+00:00,/home/nielsbroekhuizen/projects/my-vscode-project/outputs/case_study_2/runs/Tile_r043_c043/20260626_220257,3,3,point,3,3,0,0.0,True,True,True,True,True,True,True,3.0,0.0,0
grid_scan_paper,Grid Scan Paper,Tile_r043_c043,E4_sam2_overlay_vlm,SAM2 overlay,2026-06-26T22:02:57.259722+00:00,/home/nielsbroekhuizen/projects/my-vscode-project/outputs/case_study_2/runs/Tile_r043_c043/20260626_220257,5,3,point,3,3,2,0.6667,False,False,False,True,True,False,False,3.0,66.66666666666666,2
grid_scan_paper,Grid Scan Paper,Tile_r043_c043,E5_imggen_overlay_vlm,ImgGen overlay,2026-06-26T22:02:57.259722+00:00,/home/nielsbroekhuizen/projects/my-vscode-project/outputs/case_study_2/runs/Tile_r043_c043/20260626_220257,3,3,point,3,3,0,0.0,True,True,True,True,True,True,True,3.0,0.0,0
grid_scan_paper,Grid Scan Paper,Tile_r043_c043,E6_sam3_deterministic,SAM3 mask,2026-06-26T22:02:57.259722+00:00,/home/nielsbroekhuizen/projects/my-vscode-project/outputs/case_study_2/runs/Tile_r043_c043/20260626_220257,4,3,point,3,3,1,0.3333,False,False,True,True,True,False,False,3.0,33.33333333333333,1
grid_scan_paper,Grid Scan Paper,Tile_r043_c043,E7_sam3_overlay_vlm,SAM3 overlay,2026-06-26T22:02:57.259722+00:00,/home/nielsbroekhuizen/projects/my-vscode-project/outputs/case_study_2/runs/Tile_r043_c043/20260626_220257,4,3,point,3,3,1,0.3333,False,False,True,True,True,False,False,3.0,33.33333333333333,1
grid_scan_paper,Grid Scan Paper,Tile_r043_c044,E1_raw_vlm,VLM,2026-06-26T22:06:41.489960+00:00,/home/nielsbroekhuizen/projects/my-vscode-project/outputs/case_study_2/runs/Tile_r043_c044/20260626_220641,6,6,point,6,6,0,0.0,True,True,True,True,True,True,True,6.0,0.0,0
grid_scan_paper,Grid Scan Paper,Tile_r043_c044,E2_sam2_deterministic,SAM2 mask,2026-06-26T22:06:41.489960+00:00,/home/nielsbroekhuizen/projects/my-vscode-project/outputs/case_study_2/runs/Tile_r043_c044/20260626_220641,1,6,point,6,6,5,0.8333,False,False,False,False,False,False,False,6.0,83.33333333333334,-5
grid_scan_paper,Grid Scan Paper,Tile_r043_c044,E3_imggen_deterministic,ImgGen mask,2026-06-26T22:06:41.489960+00:00,/home/nielsbroekhuizen/projects/my-vscode-project/outputs/case_study_2/runs/Tile_r043_c044/20260626_220641,5,6,point,6,6,1,0.1667,False,False,True,True,True,False,False,6.0,16.666666666666664,-1
grid_scan_paper,Grid Scan Paper,Tile_r043_c044,E4_sam2_overlay_vlm,SAM2 overlay,2026-06-26T22:06:41.489960+00:00,/home/nielsbroekhuizen/projects/my-vscode-project/outputs/case_study_2/runs/Tile_r043_c044/20260626_220641,6,6,point,6,6,0,0.0,True,True,True,True,True,True,True,6.0,0.0,0
grid_scan_paper,Grid Scan Paper,Tile_r043_c044,E5_imggen_overlay_vlm,ImgGen overlay,2026-06-26T22:06:41.489960+00:00,/home/nielsbroekhuizen/projects/my-vscode-project/outputs/case_study_2/runs/Tile_r043_c044/20260626_220641,5,6,point,6,6,1,0.1667,False,False,True,True,True,False,False,6.0,16.666666666666664,-1
grid_scan_paper,Grid Scan Paper,Tile_r043_c044,E6_sam3_deterministic,SAM3 mask,2026-06-26T22:06:41.489960+00:00,/home/nielsbroekhuizen/projects/my-vscode-project/outputs/case_study_2/runs/Tile_r043_c044/20260626_220641,6,6,point,6,6,0,0.0,True,True,True,True,True,True,True,6.0,0.0,0
grid_scan_paper,Grid Scan Paper,Tile_r043_c044,E7_sam3_overlay_vlm,SAM3 overlay,2026-06-26T22:06:41.489960+00:00,/home/nielsbroekhuizen/projects/my-vscode-project/outputs/case_study_2/runs/Tile_r043_c044/20260626_220641,6,6,point,6,6,0,0.0,True,True,True,True,True,True,True,6.0,0.0,0
grid_scan_paper,Grid Scan Paper,Tile_r043_c045,E1_raw_vlm,VLM,2026-06-26T22:09:50.109415+00:00,/home/nielsbroekhuizen/projects/my-vscode-project/outputs/case_study_2/runs/Tile_r043_c045/20260626_220950,8,6,point,6,6,2,0.3333,False,False,False,True,True,False,False,6.0,33.33333333333333,2
grid_scan_paper,Grid Scan Paper,Tile_r043_c045,E2_sam2_deterministic,SAM2 mask,2026-06-26T22:09:50.109415+00:00,/home/nielsbroekhuizen/projects/my-vscode-project/outputs/case_study_2/runs/Tile_r043_c045/20260626_220950,2,6,point,6,6,4,0.6667,False,False,False,False,False,False,False,6.0,66.66666666666666,-4
grid_scan_paper,Grid Scan Paper,Tile_r043_c045,E3_imggen_deterministic,ImgGen mask,2026-06-26T22:09:50.109415+00:00,/home/nielsbroekhuizen/projects/my-vscode-project/outputs/case_study_2/runs/Tile_r043_c045/20260626_220950,7,6,point,6,6,1,0.1667,False,False,True,True,True,False,False,6.0,16.666666666666664,1
grid_scan_paper,Grid Scan Paper,Tile_r043_c045,E4_sam2_overlay_vlm,SAM2 overlay,2026-06-26T22:09:50.109415+00:00,/home/nielsbroekhuizen/projects/my-vscode-project/outputs/case_study_2/runs/Tile_r043_c045/20260626_220950,7,6,point,6,6,1,0.1667,False,False,True,True,True,False,False,6.0,16.666666666666664,1
grid_scan_paper,Grid Scan Paper,Tile_r043_c045,E5_imggen_overlay_vlm,ImgGen overlay,2026-06-26T22:09:50.109415+00:00,/home/nielsbroekhuizen/projects/my-vscode-project/outputs/case_study_2/runs/Tile_r043_c045/20260626_220950,7,6,point,6,6,1,0.1667,False,False,True,True,True,False,False,6.0,16.666666666666664,1
grid_scan_paper,Grid Scan Paper,Tile_r043_c045,E6_sam3_deterministic,SAM3 mask,2026-06-26T22:09:50.109415+00:00,/home/nielsbroekhuizen/projects/my-vscode-project/outputs/case_study_2/runs/Tile_r043_c045/20260626_220950,5,6,point,6,6,1,0.1667,False,False,True,True,True,False,False,6.0,16.666666666666664,-1
grid_scan_paper,Grid Scan Paper,Tile_r043_c045,E7_sam3_overlay_vlm,SAM3 overlay,2026-06-26T22:09:50.109415+00:00,/home/nielsbroekhuizen/projects/my-vscode-project/outputs/case_study_2/runs/Tile_r043_c045/20260626_220950,7,6,point,6,6,1,0.1667,False,False,True,True,True,False,False,6.0,16.666666666666664,1
grid_scan_paper,Grid Scan Paper,Tile_r043_c046,E1_raw_vlm,VLM,2026-06-26T22:14:14.685217+00:00,/home/nielsbroekhuizen/projects/my-vscode-project/outputs/case_study_2/runs/Tile_r043_c046/20260626_221414,5,3,point,3,3,2,0.6667,False,False,False,True,True,False,False,3.0,66.66666666666666,2
grid_scan_paper,Grid Scan Paper,Tile_r043_c046,E2_sam2_deterministic,SAM2 mask,2026-06-26T22:14:14.685217+00:00,/home/nielsbroekhuizen/projects/my-vscode-project/outputs/case_study_2/runs/Tile_r043_c046/20260626_221414,2,3,point,3,3,1,0.3333,False,False,True,True,True,False,False,3.0,33.33333333333333,-1
grid_scan_paper,Grid Scan Paper,Tile_r043_c046,E3_imggen_deterministic,ImgGen mask,2026-06-26T22:14:14.685217+00:00,/home/nielsbroekhuizen/projects/my-vscode-project/outputs/case_study_2/runs/Tile_r043_c046/20260626_221414,4,3,point,3,3,1,0.3333,False,False,True,True,True,False,False,3.0,33.33333333333333,1
grid_scan_paper,Grid Scan Paper,Tile_r043_c046,E4_sam2_overlay_vlm,SAM2 overlay,2026-06-26T22:14:14.685217+00:00,/home/nielsbroekhuizen/projects/my-vscode-project/outputs/case_study_2/runs/Tile_r043_c046/20260626_221414,4,3,point,3,3,1,0.3333,False,False,True,True,True,False,False,3.0,33.33333333333333,1
grid_scan_paper,Grid Scan Paper,Tile_r043_c046,E5_imggen_overlay_vlm,ImgGen overlay,2026-06-26T22:14:14.685217+00:00,/home/nielsbroekhuizen/projects/my-vscode-project/outputs/case_study_2/runs/Tile_r043_c046/20260626_221414,7,3,point,3,3,4,1.3333,False,False,False,False,False,False,False,3.0,133.33333333333331,4
grid_scan_paper,Grid Scan Paper,Tile_r043_c046,E6_sam3_deterministic,SAM3 mask,2026-06-26T22:14:14.685217+00:00,/home/nielsbroekhuizen/projects/my-vscode-project/outputs/case_study_2/runs/Tile_r043_c046/20260626_221414,4,3,point,3,3,1,0.3333,False,False,True,True,True,False,False,3.0,33.33333333333333,1
grid_scan_paper,Grid Scan Paper,Tile_r043_c046,E7_sam3_overlay_vlm,SAM3 overlay,2026-06-26T22:14:14.685217+00:00,/home/nielsbroekhuizen/projects/my-vscode-project/outputs/case_study_2/runs/Tile_r043_c046/20260626_221414,6,3,point,3,3,3,1.0,False,False,False,False,True,False,False,3.0,100.0,3
grid_scan_paper,Grid Scan Paper,Tile_r043_c047,E1_raw_vlm,VLM,2026-06-26T22:18:50.377839+00:00,/home/nielsbroekhuizen/projects/my-vscode-project/outputs/case_study_2/runs/Tile_r043_c047/20260626_221850,4,2,point,2,2,2,1.0,False,False,False,True,True,False,False,2.0,100.0,2
grid_scan_paper,Grid Scan Paper,Tile_r043_c047,E2_sam2_deterministic,SAM2 mask,2026-06-26T22:18:50.377839+00:00,/home/nielsbroekhuizen/projects/my-vscode-project/outputs/case_study_2/runs/Tile_r043_c047/20260626_221850,1,2,point,2,2,1,0.5,False,False,True,True,True,False,False,2.0,50.0,-1
grid_scan_paper,Grid Scan Paper,Tile_r043_c047,E3_imggen_deterministic,ImgGen mask,2026-06-26T22:18:50.377839+00:00,/home/nielsbroekhuizen/projects/my-vscode-project/outputs/case_study_2/runs/Tile_r043_c047/20260626_221850,2,2,point,2,2,0,0.0,True,True,True,True,True,True,True,2.0,0.0,0
grid_scan_paper,Grid Scan Paper,Tile_r043_c047,E4_sam2_overlay_vlm,SAM2 overlay,2026-06-26T22:18:50.377839+00:00,/home/nielsbroekhuizen/projects/my-vscode-project/outputs/case_study_2/runs/Tile_r043_c047/20260626_221850,4,2,point,2,2,2,1.0,False,False,False,True,True,False,False,2.0,100.0,2
grid_scan_paper,Grid Scan Paper,Tile_r043_c047,E5_imggen_overlay_vlm,ImgGen overlay,2026-06-26T22:18:50.377839+00:00,/home/nielsbroekhuizen/projects/my-vscode-project/outputs/case_study_2/runs/Tile_r043_c047/20260626_221850,2,2,point,2,2,0,0.0,True,True,True,True,True,True,True,2.0,0.0,0
grid_scan_paper,Grid Scan Paper,Tile_r043_c047,E6_sam3_deterministic,SAM3 mask,2026-06-26T22:18:50.377839+00:00,/home/nielsbroekhuizen/projects/my-vscode-project/outputs/case_study_2/runs/Tile_r043_c047/20260626_221850,0,2,point,2,2,2,1.0,False,False,False,True,True,False,False,2.0,100.0,-2
grid_scan_paper,Grid Scan Paper,Tile_r043_c047,E7_sam3_overlay_vlm,SAM3 overlay,2026-06-26T22:18:50.377839+00:00,/home/nielsbroekhuizen/projects/my-vscode-project/outputs/case_study_2/runs/Tile_r043_c047/20260626_221850,2,2,point,2,2,0,0.0,True,True,True,True,True,True,True,2.0,0.0,0
grid_scan_paper,Grid Scan Paper,Tile_r043_c048,E1_raw_vlm,VLM,2026-06-26T22:22:30.668266+00:00,/home/nielsbroekhuizen/projects/my-vscode-project/outputs/case_study_2/runs/Tile_r043_c048/20260626_222230,6,4,point,4,4,2,0.5,False,False,False,True,True,False,False,4.0,50.0,2
grid_scan_paper,Grid Scan Paper,Tile_r043_c048,E2_sam2_deterministic,SAM2 mask,2026-06-26T22:22:30.668266+00:00,/home/nielsbroekhuizen/projects/my-vscode-project/outputs/case_study_2/runs/Tile_r043_c048/20260626_222230,3,4,point,4,4,1,0.25,False,False,True,True,True,False,False,4.0,25.0,-1
grid_scan_paper,Grid Scan Paper,Tile_r043_c048,E3_imggen_deterministic,ImgGen mask,2026-06-26T22:22:30.668266+00:00,/home/nielsbroekhuizen/projects/my-vscode-project/outputs/case_study_2/runs/Tile_r043_c048/20260626_222230,4,4,point,4,4,0,0.0,True,True,True,True,True,True,True,4.0,0.0,0
grid_scan_paper,Grid Scan Paper,Tile_r043_c048,E4_sam2_overlay_vlm,SAM2 overlay,2026-06-26T22:22:30.668266+00:00,/home/nielsbroekhuizen/projects/my-vscode-project/outputs/case_study_2/runs/Tile_r043_c048/20260626_222230,8,4,point,4,4,4,1.0,False,False,False,False,False,False,False,4.0,100.0,4
grid_scan_paper,Grid Scan Paper,Tile_r043_c048,E5_imggen_overlay_vlm,ImgGen overlay,2026-06-26T22:22:30.668266+00:00,/home/nielsbroekhuizen/projects/my-vscode-project/outputs/case_study_2/runs/Tile_r043_c048/20260626_222230,4,4,point,4,4,0,0.0,True,True,True,True,True,True,True,4.0,0.0,0
grid_scan_paper,Grid Scan Paper,Tile_r043_c048,E6_sam3_deterministic,SAM3 mask,2026-06-26T22:22:30.668266+00:00,/home/nielsbroekhuizen/projects/my-vscode-project/outputs/case_study_2/runs/Tile_r043_c048/20260626_222230,4,4,point,4,4,0,0.0,True,True,True,True,True,True,True,4.0,0.0,0
grid_scan_paper,Grid Scan Paper,Tile_r043_c048,E7_sam3_overlay_vlm,SAM3 overlay,2026-06-26T22:22:30.668266+00:00,/home/nielsbroekhuizen/projects/my-vscode-project/outputs/case_study_2/runs/Tile_r043_c048/20260626_222230,5,4,point,4,4,1,0.25,False,False,True,True,True,False,False,4.0,25.0,1
grid_scan_paper,Grid Scan Paper,Tile_r043_c049,E1_raw_vlm,VLM,2026-06-26T22:27:24.421370+00:00,/home/nielsbroekhuizen/projects/my-vscode-project/outputs/case_study_2/runs/Tile_r043_c049/20260626_222724,8,5,point,5,5,3,0.6,False,False,False,False,True,False,False,5.0,60.0,3
grid_scan_paper,Grid Scan Paper,Tile_r043_c049,E2_sam2_deterministic,SAM2 mask,2026-06-26T22:27:24.421370+00:00,/home/nielsbroekhuizen/projects/my-vscode-project/outputs/case_study_2/runs/Tile_r043_c049/20260626_222724,5,5,point,5,5,0,0.0,True,True,True,True,True,True,True,5.0,0.0,0
grid_scan_paper,Grid Scan Paper,Tile_r043_c049,E3_imggen_deterministic,ImgGen mask,2026-06-26T22:27:24.421370+00:00,/home/nielsbroekhuizen/projects/my-vscode-project/outputs/case_study_2/runs/Tile_r043_c049/20260626_222724,7,5,point,5,5,2,0.4,False,False,False,True,True,False,False,5.0,40.0,2
grid_scan_paper,Grid Scan Paper,Tile_r043_c049,E4_sam2_overlay_vlm,SAM2 overlay,2026-06-26T22:27:24.421370+00:00,/home/nielsbroekhuizen/projects/my-vscode-project/outputs/case_study_2/runs/Tile_r043_c049/20260626_222724,8,5,point,5,5,3,0.6,False,False,False,False,True,False,False,5.0,60.0,3
grid_scan_paper,Grid Scan Paper,Tile_r043_c049,E5_imggen_overlay_vlm,ImgGen overlay,2026-06-26T22:27:24.421370+00:00,/home/nielsbroekhuizen/projects/my-vscode-project/outputs/case_study_2/runs/Tile_r043_c049/20260626_222724,6,5,point,5,5,1,0.2,False,False,True,True,True,False,False,5.0,20.0,1
grid_scan_paper,Grid Scan Paper,Tile_r043_c049,E6_sam3_deterministic,SAM3 mask,2026-06-26T22:27:24.421370+00:00,/home/nielsbroekhuizen/projects/my-vscode-project/outputs/case_study_2/runs/Tile_r043_c049/20260626_222724,4,5,point,5,5,1,0.2,False,False,True,True,True,False,False,5.0,20.0,-1
grid_scan_paper,Grid Scan Paper,Tile_r043_c049,E7_sam3_overlay_vlm,SAM3 overlay,2026-06-26T22:27:24.421370+00:00,/home/nielsbroekhuizen/projects/my-vscode-project/outputs/case_study_2/runs/Tile_r043_c049/20260626_222724,6,5,point,5,5,1,0.2,False,False,True,True,True,False,False,5.0,20.0,1
grid_scan_paper,Grid Scan Paper,Tile_r044_c028,E1_raw_vlm,VLM,2026-06-26T22:31:50.324488+00:00,/home/nielsbroekhuizen/projects/my-vscode-project/outputs/case_study_2/runs/Tile_r044_c028/20260626_223150,3,2,point,2,2,1,0.5,False,False,True,True,True,False,False,2.0,50.0,1
grid_scan_paper,Grid Scan Paper,Tile_r044_c028,E2_sam2_deterministic,SAM2 mask,2026-06-26T22:31:50.324488+00:00,/home/nielsbroekhuizen/projects/my-vscode-project/outputs/case_study_2/runs/Tile_r044_c028/20260626_223150,2,2,point,2,2,0,0.0,True,True,True,True,True,True,True,2.0,0.0,0
grid_scan_paper,Grid Scan Paper,Tile_r044_c028,E3_imggen_deterministic,ImgGen mask,2026-06-26T22:31:50.324488+00:00,/home/nielsbroekhuizen/projects/my-vscode-project/outputs/case_study_2/runs/Tile_r044_c028/20260626_223150,2,2,point,2,2,0,0.0,True,True,True,True,True,True,True,2.0,0.0,0
grid_scan_paper,Grid Scan Paper,Tile_r044_c028,E4_sam2_overlay_vlm,SAM2 overlay,2026-06-26T22:31:50.324488+00:00,/home/nielsbroekhuizen/projects/my-vscode-project/outputs/case_study_2/runs/Tile_r044_c028/20260626_223150,5,2,point,2,2,3,1.5,False,False,False,False,True,False,False,2.0,150.0,3
grid_scan_paper,Grid Scan Paper,Tile_r044_c028,E5_imggen_overlay_vlm,ImgGen overlay,2026-06-26T22:31:50.324488+00:00,/home/nielsbroekhuizen/projects/my-vscode-project/outputs/case_study_2/runs/Tile_r044_c028/20260626_223150,2,2,point,2,2,0,0.0,True,True,True,True,True,True,True,2.0,0.0,0
grid_scan_paper,Grid Scan Paper,Tile_r044_c028,E6_sam3_deterministic,SAM3 mask,2026-06-26T22:31:50.324488+00:00,/home/nielsbroekhuizen/projects/my-vscode-project/outputs/case_study_2/runs/Tile_r044_c028/20260626_223150,2,2,point,2,2,0,0.0,True,True,True,True,True,True,True,2.0,0.0,0
grid_scan_paper,Grid Scan Paper,Tile_r044_c028,E7_sam3_overlay_vlm,SAM3 overlay,2026-06-26T22:31:50.324488+00:00,/home/nielsbroekhuizen/projects/my-vscode-project/outputs/case_study_2/runs/Tile_r044_c028/20260626_223150,1,2,point,2,2,1,0.5,False,False,True,True,True,False,False,2.0,50.0,-1
grid_scan_paper,Grid Scan Paper,Tile_r044_c029,E1_raw_vlm,VLM,2026-06-26T22:35:35.686962+00:00,/home/nielsbroekhuizen/projects/my-vscode-project/outputs/case_study_2/runs/Tile_r044_c029/20260626_223535,2,2,point,2,2,0,0.0,True,True,True,True,True,True,True,2.0,0.0,0
grid_scan_paper,Grid Scan Paper,Tile_r044_c029,E2_sam2_deterministic,SAM2 mask,2026-06-26T22:35:35.686962+00:00,/home/nielsbroekhuizen/projects/my-vscode-project/outputs/case_study_2/runs/Tile_r044_c029/20260626_223535,2,2,point,2,2,0,0.0,True,True,True,True,True,True,True,2.0,0.0,0
grid_scan_paper,Grid Scan Paper,Tile_r044_c029,E3_imggen_deterministic,ImgGen mask,2026-06-26T22:35:35.686962+00:00,/home/nielsbroekhuizen/projects/my-vscode-project/outputs/case_study_2/runs/Tile_r044_c029/20260626_223535,2,2,point,2,2,0,0.0,True,True,True,True,True,True,True,2.0,0.0,0
grid_scan_paper,Grid Scan Paper,Tile_r044_c029,E4_sam2_overlay_vlm,SAM2 overlay,2026-06-26T22:35:35.686962+00:00,/home/nielsbroekhuizen/projects/my-vscode-project/outputs/case_study_2/runs/Tile_r044_c029/20260626_223535,5,2,point,2,2,3,1.5,False,False,False,False,True,False,False,2.0,150.0,3
grid_scan_paper,Grid Scan Paper,Tile_r044_c029,E5_imggen_overlay_vlm,ImgGen overlay,2026-06-26T22:35:35.686962+00:00,/home/nielsbroekhuizen/projects/my-vscode-project/outputs/case_study_2/runs/Tile_r044_c029/20260626_223535,2,2,point,2,2,0,0.0,True,True,True,True,True,True,True,2.0,0.0,0
grid_scan_paper,Grid Scan Paper,Tile_r044_c029,E6_sam3_deterministic,SAM3 mask,2026-06-26T22:35:35.686962+00:00,/home/nielsbroekhuizen/projects/my-vscode-project/outputs/case_study_2/runs/Tile_r044_c029/20260626_223535,2,2,point,2,2,0,0.0,True,True,True,True,True,True,True,2.0,0.0,0
grid_scan_paper,Grid Scan Paper,Tile_r044_c029,E7_sam3_overlay_vlm,SAM3 overlay,2026-06-26T22:35:35.686962+00:00,/home/nielsbroekhuizen/projects/my-vscode-project/outputs/case_study_2/runs/Tile_r044_c029/20260626_223535,2,2,point,2,2,0,0.0,True,True,True,True,True,True,True,2.0,0.0,0
grid_scan_paper,Grid Scan Paper,Tile_r044_c030,E1_raw_vlm,VLM,2026-06-26T22:38:58.499968+00:00,/home/nielsbroekhuizen/projects/my-vscode-project/outputs/case_study_2/runs/Tile_r044_c030/20260626_223858,16,7,point,7,7,9,1.2857,False,False,False,False,False,False,False,7.0,128.57142857142858,9
grid_scan_paper,Grid Scan Paper,Tile_r044_c030,E2_sam2_deterministic,SAM2 mask,2026-06-26T22:38:58.499968+00:00,/home/nielsbroekhuizen/projects/my-vscode-project/outputs/case_study_2/runs/Tile_r044_c030/20260626_223858,4,7,point,7,7,3,0.4286,False,False,False,False,True,False,False,7.0,42.857142857142854,-3
grid_scan_paper,Grid Scan Paper,Tile_r044_c030,E3_imggen_deterministic,ImgGen mask,2026-06-26T22:38:58.499968+00:00,/home/nielsbroekhuizen/projects/my-vscode-project/outputs/case_study_2/runs/Tile_r044_c030/20260626_223858,6,7,point,7,7,1,0.1429,False,False,True,True,True,False,False,7.0,14.285714285714285,-1
grid_scan_paper,Grid Scan Paper,Tile_r044_c030,E4_sam2_overlay_vlm,SAM2 overlay,2026-06-26T22:38:58.499968+00:00,/home/nielsbroekhuizen/projects/my-vscode-project/outputs/case_study_2/runs/Tile_r044_c030/20260626_223858,18,7,point,7,7,11,1.5714,False,False,False,False,False,False,False,7.0,157.14285714285714,11
grid_scan_paper,Grid Scan Paper,Tile_r044_c030,E5_imggen_overlay_vlm,ImgGen overlay,2026-06-26T22:38:58.499968+00:00,/home/nielsbroekhuizen/projects/my-vscode-project/outputs/case_study_2/runs/Tile_r044_c030/20260626_223858,15,7,point,7,7,8,1.1429,False,False,False,False,False,False,False,7.0,114.28571428571428,8
grid_scan_paper,Grid Scan Paper,Tile_r044_c030,E6_sam3_deterministic,SAM3 mask,2026-06-26T22:38:58.499968+00:00,/home/nielsbroekhuizen/projects/my-vscode-project/outputs/case_study_2/runs/Tile_r044_c030/20260626_223858,8,7,point,7,7,1,0.1429,False,False,True,True,True,False,False,7.0,14.285714285714285,1
grid_scan_paper,Grid Scan Paper,Tile_r044_c030,E7_sam3_overlay_vlm,SAM3 overlay,2026-06-26T22:38:58.499968+00:00,/home/nielsbroekhuizen/projects/my-vscode-project/outputs/case_study_2/runs/Tile_r044_c030/20260626_223858,12,7,point,7,7,5,0.7143,False,False,False,False,False,False,False,7.0,71.42857142857143,5
grid_scan_paper,Grid Scan Paper,Tile_r044_c031,E1_raw_vlm,VLM,2026-06-26T22:45:13.720438+00:00,/home/nielsbroekhuizen/projects/my-vscode-project/outputs/case_study_2/runs/Tile_r044_c031/20260626_224513,13,11,point,11,11,2,0.1818,False,False,False,True,True,False,False,11.0,18.181818181818183,2
grid_scan_paper,Grid Scan Paper,Tile_r044_c031,E2_sam2_deterministic,SAM2 mask,2026-06-26T22:45:13.720438+00:00,/home/nielsbroekhuizen/projects/my-vscode-project/outputs/case_study_2/runs/Tile_r044_c031/20260626_224513,3,11,point,11,11,8,0.7273,False,False,False,False,False,False,False,11.0,72.72727272727273,-8
grid_scan_paper,Grid Scan Paper,Tile_r044_c031,E3_imggen_deterministic,ImgGen mask,2026-06-26T22:45:13.720438+00:00,/home/nielsbroekhuizen/projects/my-vscode-project/outputs/case_study_2/runs/Tile_r044_c031/20260626_224513,19,11,point,11,11,8,0.7273,False,False,False,False,False,False,False,11.0,72.72727272727273,8
grid_scan_paper,Grid Scan Paper,Tile_r044_c031,E4_sam2_overlay_vlm,SAM2 overlay,2026-06-26T22:45:13.720438+00:00,/home/nielsbroekhuizen/projects/my-vscode-project/outputs/case_study_2/runs/Tile_r044_c031/20260626_224513,15,11,point,11,11,4,0.3636,False,False,False,False,False,False,False,11.0,36.36363636363637,4
grid_scan_paper,Grid Scan Paper,Tile_r044_c031,E5_imggen_overlay_vlm,ImgGen overlay,2026-06-26T22:45:13.720438+00:00,/home/nielsbroekhuizen/projects/my-vscode-project/outputs/case_study_2/runs/Tile_r044_c031/20260626_224513,21,11,point,11,11,10,0.9091,False,False,False,False,False,False,False,11.0,90.9090909090909,10
grid_scan_paper,Grid Scan Paper,Tile_r044_c031,E6_sam3_deterministic,SAM3 mask,2026-06-26T22:45:13.720438+00:00,/home/nielsbroekhuizen/projects/my-vscode-project/outputs/case_study_2/runs/Tile_r044_c031/20260626_224513,12,11,point,11,11,1,0.0909,False,False,True,True,True,False,True,11.0,9.090909090909092,1
grid_scan_paper,Grid Scan Paper,Tile_r044_c031,E7_sam3_overlay_vlm,SAM3 overlay,2026-06-26T22:45:13.720438+00:00,/home/nielsbroekhuizen/projects/my-vscode-project/outputs/case_study_2/runs/Tile_r044_c031/20260626_224513,16,11,point,11,11,5,0.4545,False,False,False,False,False,False,False,11.0,45.45454545454545,5
grid_scan_paper,Grid Scan Paper,Tile_r044_c032,E1_raw_vlm,VLM,2026-06-26T22:52:18.874070+00:00,/home/nielsbroekhuizen/projects/my-vscode-project/outputs/case_study_2/runs/Tile_r044_c032/20260626_225218,7,6,point,6,6,1,0.1667,False,False,True,True,True,False,False,6.0,16.666666666666664,1
grid_scan_paper,Grid Scan Paper,Tile_r044_c032,E2_sam2_deterministic,SAM2 mask,2026-06-26T22:52:18.874070+00:00,/home/nielsbroekhuizen/projects/my-vscode-project/outputs/case_study_2/runs/Tile_r044_c032/20260626_225218,6,6,point,6,6,0,0.0,True,True,True,True,True,True,True,6.0,0.0,0
grid_scan_paper,Grid Scan Paper,Tile_r044_c032,E3_imggen_deterministic,ImgGen mask,2026-06-26T22:52:18.874070+00:00,/home/nielsbroekhuizen/projects/my-vscode-project/outputs/case_study_2/runs/Tile_r044_c032/20260626_225218,6,6,point,6,6,0,0.0,True,True,True,True,True,True,True,6.0,0.0,0
grid_scan_paper,Grid Scan Paper,Tile_r044_c032,E4_sam2_overlay_vlm,SAM2 overlay,2026-06-26T22:52:18.874070+00:00,/home/nielsbroekhuizen/projects/my-vscode-project/outputs/case_study_2/runs/Tile_r044_c032/20260626_225218,7,6,point,6,6,1,0.1667,False,False,True,True,True,False,False,6.0,16.666666666666664,1
grid_scan_paper,Grid Scan Paper,Tile_r044_c032,E5_imggen_overlay_vlm,ImgGen overlay,2026-06-26T22:52:18.874070+00:00,/home/nielsbroekhuizen/projects/my-vscode-project/outputs/case_study_2/runs/Tile_r044_c032/20260626_225218,6,6,point,6,6,0,0.0,True,True,True,True,True,True,True,6.0,0.0,0
grid_scan_paper,Grid Scan Paper,Tile_r044_c032,E6_sam3_deterministic,SAM3 mask,2026-06-26T22:52:18.874070+00:00,/home/nielsbroekhuizen/projects/my-vscode-project/outputs/case_study_2/runs/Tile_r044_c032/20260626_225218,6,6,point,6,6,0,0.0,True,True,True,True,True,True,True,6.0,0.0,0
grid_scan_paper,Grid Scan Paper,Tile_r044_c032,E7_sam3_overlay_vlm,SAM3 overlay,2026-06-26T22:52:18.874070+00:00,/home/nielsbroekhuizen/projects/my-vscode-project/outputs/case_study_2/runs/Tile_r044_c032/20260626_225218,7,6,point,6,6,1,0.1667,False,False,True,True,True,False,False,6.0,16.666666666666664,1
grid_scan_paper,Grid Scan Paper,Tile_r044_c033,E1_raw_vlm,VLM,2026-06-26T22:56:18.486047+00:00,/home/nielsbroekhuizen/projects/my-vscode-project/outputs/case_study_2/runs/Tile_r044_c033/20260626_225618,7,5,point,5,5,2,0.4,False,False,False,True,True,False,False,5.0,40.0,2
grid_scan_paper,Grid Scan Paper,Tile_r044_c033,E2_sam2_deterministic,SAM2 mask,2026-06-26T22:56:18.486047+00:00,/home/nielsbroekhuizen/projects/my-vscode-project/outputs/case_study_2/runs/Tile_r044_c033/20260626_225618,10,5,point,5,5,5,1.0,False,False,False,False,False,False,False,5.0,100.0,5
grid_scan_paper,Grid Scan Paper,Tile_r044_c033,E3_imggen_deterministic,ImgGen mask,2026-06-26T22:56:18.486047+00:00,/home/nielsbroekhuizen/projects/my-vscode-project/outputs/case_study_2/runs/Tile_r044_c033/20260626_225618,8,5,point,5,5,3,0.6,False,False,False,False,True,False,False,5.0,60.0,3
grid_scan_paper,Grid Scan Paper,Tile_r044_c033,E4_sam2_overlay_vlm,SAM2 overlay,2026-06-26T22:56:18.486047+00:00,/home/nielsbroekhuizen/projects/my-vscode-project/outputs/case_study_2/runs/Tile_r044_c033/20260626_225618,18,5,point,5,5,13,2.6,False,False,False,False,False,False,False,5.0,260.0,13
grid_scan_paper,Grid Scan Paper,Tile_r044_c033,E5_imggen_overlay_vlm,ImgGen overlay,2026-06-26T22:56:18.486047+00:00,/home/nielsbroekhuizen/projects/my-vscode-project/outputs/case_study_2/runs/Tile_r044_c033/20260626_225618,18,5,point,5,5,13,2.6,False,False,False,False,False,False,False,5.0,260.0,13
grid_scan_paper,Grid Scan Paper,Tile_r044_c033,E6_sam3_deterministic,SAM3 mask,2026-06-26T22:56:18.486047+00:00,/home/nielsbroekhuizen/projects/my-vscode-project/outputs/case_study_2/runs/Tile_r044_c033/20260626_225618,3,5,point,5,5,2,0.4,False,False,False,True,True,False,False,5.0,40.0,-2
grid_scan_paper,Grid Scan Paper,Tile_r044_c033,E7_sam3_overlay_vlm,SAM3 overlay,2026-06-26T22:56:18.486047+00:00,/home/nielsbroekhuizen/projects/my-vscode-project/outputs/case_study_2/runs/Tile_r044_c033/20260626_225618,2,5,point,5,5,3,0.6,False,False,False,False,True,False,False,5.0,60.0,-3
grid_scan_paper,Grid Scan Paper,Tile_r044_c036,E1_raw_vlm,VLM,2026-06-26T23:03:34.181339+00:00,/home/nielsbroekhuizen/projects/my-vscode-project/outputs/case_study_2/runs/Tile_r044_c036/20260626_230334,1,1,point,1,1,0,0.0,True,True,True,True,True,True,True,1.0,0.0,0
grid_scan_paper,Grid Scan Paper,Tile_r044_c036,E2_sam2_deterministic,SAM2 mask,2026-06-26T23:03:34.181339+00:00,/home/nielsbroekhuizen/projects/my-vscode-project/outputs/case_study_2/runs/Tile_r044_c036/20260626_230334,13,1,point,1,1,12,12.0,False,False,False,False,False,False,False,1.0,1200.0,12
grid_scan_paper,Grid Scan Paper,Tile_r044_c036,E3_imggen_deterministic,ImgGen mask,2026-06-26T23:03:34.181339+00:00,/home/nielsbroekhuizen/projects/my-vscode-project/outputs/case_study_2/runs/Tile_r044_c036/20260626_230334,1,1,point,1,1,0,0.0,True,True,True,True,True,True,True,1.0,0.0,0
grid_scan_paper,Grid Scan Paper,Tile_r044_c036,E4_sam2_overlay_vlm,SAM2 overlay,2026-06-26T23:03:34.181339+00:00,/home/nielsbroekhuizen/projects/my-vscode-project/outputs/case_study_2/runs/Tile_r044_c036/20260626_230334,6,1,point,1,1,5,5.0,False,False,False,False,False,False,False,1.0,500.0,5
grid_scan_paper,Grid Scan Paper,Tile_r044_c036,E5_imggen_overlay_vlm,ImgGen overlay,2026-06-26T23:03:34.181339+00:00,/home/nielsbroekhuizen/projects/my-vscode-project/outputs/case_study_2/runs/Tile_r044_c036/20260626_230334,1,1,point,1,1,0,0.0,True,True,True,True,True,True,True,1.0,0.0,0
grid_scan_paper,Grid Scan Paper,Tile_r044_c036,E6_sam3_deterministic,SAM3 mask,2026-06-26T23:03:34.181339+00:00,/home/nielsbroekhuizen/projects/my-vscode-project/outputs/case_study_2/runs/Tile_r044_c036/20260626_230334,1,1,point,1,1,0,0.0,True,True,True,True,True,True,True,1.0,0.0,0
grid_scan_paper,Grid Scan Paper,Tile_r044_c036,E7_sam3_overlay_vlm,SAM3 overlay,2026-06-26T23:03:34.181339+00:00,/home/nielsbroekhuizen/projects/my-vscode-project/outputs/case_study_2/runs/Tile_r044_c036/20260626_230334,1,1,point,1,1,0,0.0,True,True,True,True,True,True,True,1.0,0.0,0
grid_scan_paper,Grid Scan Paper,Tile_r044_c038,E1_raw_vlm,VLM,2026-06-26T23:06:47.838550+00:00,/home/nielsbroekhuizen/projects/my-vscode-project/outputs/case_study_2/runs/Tile_r044_c038/20260626_230647,1,1,point,1,1,0,0.0,True,True,True,True,True,True,True,1.0,0.0,0
grid_scan_paper,Grid Scan Paper,Tile_r044_c038,E2_sam2_deterministic,SAM2 mask,2026-06-26T23:06:47.838550+00:00,/home/nielsbroekhuizen/projects/my-vscode-project/outputs/case_study_2/runs/Tile_r044_c038/20260626_230647,11,1,point,1,1,10,10.0,False,False,False,False,False,False,False,1.0,1000.0,10
grid_scan_paper,Grid Scan Paper,Tile_r044_c038,E3_imggen_deterministic,ImgGen mask,2026-06-26T23:06:47.838550+00:00,/home/nielsbroekhuizen/projects/my-vscode-project/outputs/case_study_2/runs/Tile_r044_c038/20260626_230647,1,1,point,1,1,0,0.0,True,True,True,True,True,True,True,1.0,0.0,0
grid_scan_paper,Grid Scan Paper,Tile_r044_c038,E4_sam2_overlay_vlm,SAM2 overlay,2026-06-26T23:06:47.838550+00:00,/home/nielsbroekhuizen/projects/my-vscode-project/outputs/case_study_2/runs/Tile_r044_c038/20260626_230647,4,1,point,1,1,3,3.0,False,False,False,False,True,False,False,1.0,300.0,3
grid_scan_paper,Grid Scan Paper,Tile_r044_c038,E5_imggen_overlay_vlm,ImgGen overlay,2026-06-26T23:06:47.838550+00:00,/home/nielsbroekhuizen/projects/my-vscode-project/outputs/case_study_2/runs/Tile_r044_c038/20260626_230647,1,1,point,1,1,0,0.0,True,True,True,True,True,True,True,1.0,0.0,0
grid_scan_paper,Grid Scan Paper,Tile_r044_c038,E6_sam3_deterministic,SAM3 mask,2026-06-26T23:06:47.838550+00:00,/home/nielsbroekhuizen/projects/my-vscode-project/outputs/case_study_2/runs/Tile_r044_c038/20260626_230647,1,1,point,1,1,0,0.0,True,True,True,True,True,True,True,1.0,0.0,0
grid_scan_paper,Grid Scan Paper,Tile_r044_c038,E7_sam3_overlay_vlm,SAM3 overlay,2026-06-26T23:06:47.838550+00:00,/home/nielsbroekhuizen/projects/my-vscode-project/outputs/case_study_2/runs/Tile_r044_c038/20260626_230647,1,1,point,1,1,0,0.0,True,True,True,True,True,True,True,1.0,0.0,0
grid_scan_paper,Grid Scan Paper,Tile_r044_c039,E1_raw_vlm,VLM,2026-06-26T23:09:41.398115+00:00,/home/nielsbroekhuizen/projects/my-vscode-project/outputs/case_study_2/runs/Tile_r044_c039/20260626_230941,7,5,point,5,5,2,0.4,False,False,False,True,True,False,False,5.0,40.0,2
grid_scan_paper,Grid Scan Paper,Tile_r044_c039,E2_sam2_deterministic,SAM2 mask,2026-06-26T23:09:41.398115+00:00,/home/nielsbroekhuizen/projects/my-vscode-project/outputs/case_study_2/runs/Tile_r044_c039/20260626_230941,2,5,point,5,5,3,0.6,False,False,False,False,True,False,False,5.0,60.0,-3
grid_scan_paper,Grid Scan Paper,Tile_r044_c039,E3_imggen_deterministic,ImgGen mask,2026-06-26T23:09:41.398115+00:00,/home/nielsbroekhuizen/projects/my-vscode-project/outputs/case_study_2/runs/Tile_r044_c039/20260626_230941,7,5,point,5,5,2,0.4,False,False,False,True,True,False,False,5.0,40.0,2
grid_scan_paper,Grid Scan Paper,Tile_r044_c039,E4_sam2_overlay_vlm,SAM2 overlay,2026-06-26T23:09:41.398115+00:00,/home/nielsbroekhuizen/projects/my-vscode-project/outputs/case_study_2/runs/Tile_r044_c039/20260626_230941,7,5,point,5,5,2,0.4,False,False,False,True,True,False,False,5.0,40.0,2
grid_scan_paper,Grid Scan Paper,Tile_r044_c039,E5_imggen_overlay_vlm,ImgGen overlay,2026-06-26T23:09:41.398115+00:00,/home/nielsbroekhuizen/projects/my-vscode-project/outputs/case_study_2/runs/Tile_r044_c039/20260626_230941,6,5,point,5,5,1,0.2,False,False,True,True,True,False,False,5.0,20.0,1
grid_scan_paper,Grid Scan Paper,Tile_r044_c039,E6_sam3_deterministic,SAM3 mask,2026-06-26T23:09:41.398115+00:00,/home/nielsbroekhuizen/projects/my-vscode-project/outputs/case_study_2/runs/Tile_r044_c039/20260626_230941,5,5,point,5,5,0,0.0,True,True,True,True,True,True,True,5.0,0.0,0
grid_scan_paper,Grid Scan Paper,Tile_r044_c039,E7_sam3_overlay_vlm,SAM3 overlay,2026-06-26T23:09:41.398115+00:00,/home/nielsbroekhuizen/projects/my-vscode-project/outputs/case_study_2/runs/Tile_r044_c039/20260626_230941,5,5,point,5,5,0,0.0,True,True,True,True,True,True,True,5.0,0.0,0
grid_scan_paper,Grid Scan Paper,Tile_r044_c041,E1_raw_vlm,VLM,2026-06-26T23:13:36.592398+00:00,/home/nielsbroekhuizen/projects/my-vscode-project/outputs/case_study_2/runs/Tile_r044_c041/20260626_231336,1,1,point,1,1,0,0.0,True,True,True,True,True,True,True,1.0,0.0,0
grid_scan_paper,Grid Scan Paper,Tile_r044_c041,E2_sam2_deterministic,SAM2 mask,2026-06-26T23:13:36.592398+00:00,/home/nielsbroekhuizen/projects/my-vscode-project/outputs/case_study_2/runs/Tile_r044_c041/20260626_231336,1,1,point,1,1,0,0.0,True,True,True,True,True,True,True,1.0,0.0,0
grid_scan_paper,Grid Scan Paper,Tile_r044_c041,E3_imggen_deterministic,ImgGen mask,2026-06-26T23:13:36.592398+00:00,/home/nielsbroekhuizen/projects/my-vscode-project/outputs/case_study_2/runs/Tile_r044_c041/20260626_231336,1,1,point,1,1,0,0.0,True,True,True,True,True,True,True,1.0,0.0,0
grid_scan_paper,Grid Scan Paper,Tile_r044_c041,E4_sam2_overlay_vlm,SAM2 overlay,2026-06-26T23:13:36.592398+00:00,/home/nielsbroekhuizen/projects/my-vscode-project/outputs/case_study_2/runs/Tile_r044_c041/20260626_231336,1,1,point,1,1,0,0.0,True,True,True,True,True,True,True,1.0,0.0,0
grid_scan_paper,Grid Scan Paper,Tile_r044_c041,E5_imggen_overlay_vlm,ImgGen overlay,2026-06-26T23:13:36.592398+00:00,/home/nielsbroekhuizen/projects/my-vscode-project/outputs/case_study_2/runs/Tile_r044_c041/20260626_231336,1,1,point,1,1,0,0.0,True,True,True,True,True,True,True,1.0,0.0,0
grid_scan_paper,Grid Scan Paper,Tile_r044_c041,E6_sam3_deterministic,SAM3 mask,2026-06-26T23:13:36.592398+00:00,/home/nielsbroekhuizen/projects/my-vscode-project/outputs/case_study_2/runs/Tile_r044_c041/20260626_231336,0,1,point,1,1,1,1.0,False,False,True,True,True,False,False,1.0,100.0,-1
grid_scan_paper,Grid Scan Paper,Tile_r044_c041,E7_sam3_overlay_vlm,SAM3 overlay,2026-06-26T23:13:36.592398+00:00,/home/nielsbroekhuizen/projects/my-vscode-project/outputs/case_study_2/runs/Tile_r044_c041/20260626_231336,1,1,point,1,1,0,0.0,True,True,True,True,True,True,True,1.0,0.0,0
grid_scan_paper,Grid Scan Paper,Tile_r044_c042,E1_raw_vlm,VLM,2026-06-26T23:16:58.972707+00:00,/home/nielsbroekhuizen/projects/my-vscode-project/outputs/case_study_2/runs/Tile_r044_c042/20260626_231658,6,4,point,4,4,2,0.5,False,False,False,True,True,False,False,4.0,50.0,2
grid_scan_paper,Grid Scan Paper,Tile_r044_c042,E2_sam2_deterministic,SAM2 mask,2026-06-26T23:16:58.972707+00:00,/home/nielsbroekhuizen/projects/my-vscode-project/outputs/case_study_2/runs/Tile_r044_c042/20260626_231658,4,4,point,4,4,0,0.0,True,True,True,True,True,True,True,4.0,0.0,0
grid_scan_paper,Grid Scan Paper,Tile_r044_c042,E3_imggen_deterministic,ImgGen mask,2026-06-26T23:16:58.972707+00:00,/home/nielsbroekhuizen/projects/my-vscode-project/outputs/case_study_2/runs/Tile_r044_c042/20260626_231658,5,4,point,4,4,1,0.25,False,False,True,True,True,False,False,4.0,25.0,1
grid_scan_paper,Grid Scan Paper,Tile_r044_c042,E4_sam2_overlay_vlm,SAM2 overlay,2026-06-26T23:16:58.972707+00:00,/home/nielsbroekhuizen/projects/my-vscode-project/outputs/case_study_2/runs/Tile_r044_c042/20260626_231658,6,4,point,4,4,2,0.5,False,False,False,True,True,False,False,4.0,50.0,2
grid_scan_paper,Grid Scan Paper,Tile_r044_c042,E5_imggen_overlay_vlm,ImgGen overlay,2026-06-26T23:16:58.972707+00:00,/home/nielsbroekhuizen/projects/my-vscode-project/outputs/case_study_2/runs/Tile_r044_c042/20260626_231658,6,4,point,4,4,2,0.5,False,False,False,True,True,False,False,4.0,50.0,2
grid_scan_paper,Grid Scan Paper,Tile_r044_c042,E6_sam3_deterministic,SAM3 mask,2026-06-26T23:16:58.972707+00:00,/home/nielsbroekhuizen/projects/my-vscode-project/outputs/case_study_2/runs/Tile_r044_c042/20260626_231658,3,4,point,4,4,1,0.25,False,False,True,True,True,False,False,4.0,25.0,-1
grid_scan_paper,Grid Scan Paper,Tile_r044_c042,E7_sam3_overlay_vlm,SAM3 overlay,2026-06-26T23:16:58.972707+00:00,/home/nielsbroekhuizen/projects/my-vscode-project/outputs/case_study_2/runs/Tile_r044_c042/20260626_231658,2,4,point,4,4,2,0.5,False,False,False,True,True,False,False,4.0,50.0,-2
grid_scan_paper,Grid Scan Paper,Tile_r044_c043,E1_raw_vlm,VLM,2026-06-26T23:21:01.368768+00:00,/home/nielsbroekhuizen/projects/my-vscode-project/outputs/case_study_2/runs/Tile_r044_c043/20260626_232101,5,4,point,4,4,1,0.25,False,False,True,True,True,False,False,4.0,25.0,1
grid_scan_paper,Grid Scan Paper,Tile_r044_c043,E2_sam2_deterministic,SAM2 mask,2026-06-26T23:21:01.368768+00:00,/home/nielsbroekhuizen/projects/my-vscode-project/outputs/case_study_2/runs/Tile_r044_c043/20260626_232101,11,4,point,4,4,7,1.75,False,False,False,False,False,False,False,4.0,175.0,7
grid_scan_paper,Grid Scan Paper,Tile_r044_c043,E3_imggen_deterministic,ImgGen mask,2026-06-26T23:21:01.368768+00:00,/home/nielsbroekhuizen/projects/my-vscode-project/outputs/case_study_2/runs/Tile_r044_c043/20260626_232101,4,4,point,4,4,0,0.0,True,True,True,True,True,True,True,4.0,0.0,0
grid_scan_paper,Grid Scan Paper,Tile_r044_c043,E4_sam2_overlay_vlm,SAM2 overlay,2026-06-26T23:21:01.368768+00:00,/home/nielsbroekhuizen/projects/my-vscode-project/outputs/case_study_2/runs/Tile_r044_c043/20260626_232101,6,4,point,4,4,2,0.5,False,False,False,True,True,False,False,4.0,50.0,2
grid_scan_paper,Grid Scan Paper,Tile_r044_c043,E5_imggen_overlay_vlm,ImgGen overlay,2026-06-26T23:21:01.368768+00:00,/home/nielsbroekhuizen/projects/my-vscode-project/outputs/case_study_2/runs/Tile_r044_c043/20260626_232101,5,4,point,4,4,1,0.25,False,False,True,True,True,False,False,4.0,25.0,1
grid_scan_paper,Grid Scan Paper,Tile_r044_c043,E6_sam3_deterministic,SAM3 mask,2026-06-26T23:21:01.368768+00:00,/home/nielsbroekhuizen/projects/my-vscode-project/outputs/case_study_2/runs/Tile_r044_c043/20260626_232101,0,4,point,4,4,4,1.0,False,False,False,False,False,False,False,4.0,100.0,-4
grid_scan_paper,Grid Scan Paper,Tile_r044_c043,E7_sam3_overlay_vlm,SAM3 overlay,2026-06-26T23:21:01.368768+00:00,/home/nielsbroekhuizen/projects/my-vscode-project/outputs/case_study_2/runs/Tile_r044_c043/20260626_232101,5,4,point,4,4,1,0.25,False,False,True,True,True,False,False,4.0,25.0,1
grid_scan_paper,Grid Scan Paper,Tile_r044_c044,E1_raw_vlm,VLM,2026-06-26T23:25:10.140761+00:00,/home/nielsbroekhuizen/projects/my-vscode-project/outputs/case_study_2/runs/Tile_r044_c044/20260626_232510,12,3,point,3,3,9,3.0,False,False,False,False,False,False,False,3.0,300.0,9
grid_scan_paper,Grid Scan Paper,Tile_r044_c044,E2_sam2_deterministic,SAM2 mask,2026-06-26T23:25:10.140761+00:00,/home/nielsbroekhuizen/projects/my-vscode-project/outputs/case_study_2/runs/Tile_r044_c044/20260626_232510,3,3,point,3,3,0,0.0,True,True,True,True,True,True,True,3.0,0.0,0
grid_scan_paper,Grid Scan Paper,Tile_r044_c044,E3_imggen_deterministic,ImgGen mask,2026-06-26T23:25:10.140761+00:00,/home/nielsbroekhuizen/projects/my-vscode-project/outputs/case_study_2/runs/Tile_r044_c044/20260626_232510,3,3,point,3,3,0,0.0,True,True,True,True,True,True,True,3.0,0.0,0
grid_scan_paper,Grid Scan Paper,Tile_r044_c044,E4_sam2_overlay_vlm,SAM2 overlay,2026-06-26T23:25:10.140761+00:00,/home/nielsbroekhuizen/projects/my-vscode-project/outputs/case_study_2/runs/Tile_r044_c044/20260626_232510,3,3,point,3,3,0,0.0,True,True,True,True,True,True,True,3.0,0.0,0
grid_scan_paper,Grid Scan Paper,Tile_r044_c044,E5_imggen_overlay_vlm,ImgGen overlay,2026-06-26T23:25:10.140761+00:00,/home/nielsbroekhuizen/projects/my-vscode-project/outputs/case_study_2/runs/Tile_r044_c044/20260626_232510,3,3,point,3,3,0,0.0,True,True,True,True,True,True,True,3.0,0.0,0
grid_scan_paper,Grid Scan Paper,Tile_r044_c044,E6_sam3_deterministic,SAM3 mask,2026-06-26T23:25:10.140761+00:00,/home/nielsbroekhuizen/projects/my-vscode-project/outputs/case_study_2/runs/Tile_r044_c044/20260626_232510,0,3,point,3,3,3,1.0,False,False,False,False,True,False,False,3.0,100.0,-3
grid_scan_paper,Grid Scan Paper,Tile_r044_c044,E7_sam3_overlay_vlm,SAM3 overlay,2026-06-26T23:25:10.140761+00:00,/home/nielsbroekhuizen/projects/my-vscode-project/outputs/case_study_2/runs/Tile_r044_c044/20260626_232510,3,3,point,3,3,0,0.0,True,True,True,True,True,True,True,3.0,0.0,0
grid_scan_paper,Grid Scan Paper,Tile_r044_c045,E1_raw_vlm,VLM,2026-06-26T23:30:22.289557+00:00,/home/nielsbroekhuizen/projects/my-vscode-project/outputs/case_study_2/runs/Tile_r044_c045/20260626_233022,5,4,point,4,4,1,0.25,False,False,True,True,True,False,False,4.0,25.0,1
grid_scan_paper,Grid Scan Paper,Tile_r044_c045,E2_sam2_deterministic,SAM2 mask,2026-06-26T23:30:22.289557+00:00,/home/nielsbroekhuizen/projects/my-vscode-project/outputs/case_study_2/runs/Tile_r044_c045/20260626_233022,3,4,point,4,4,1,0.25,False,False,True,True,True,False,False,4.0,25.0,-1
grid_scan_paper,Grid Scan Paper,Tile_r044_c045,E3_imggen_deterministic,ImgGen mask,2026-06-26T23:30:22.289557+00:00,/home/nielsbroekhuizen/projects/my-vscode-project/outputs/case_study_2/runs/Tile_r044_c045/20260626_233022,5,4,point,4,4,1,0.25,False,False,True,True,True,False,False,4.0,25.0,1
grid_scan_paper,Grid Scan Paper,Tile_r044_c045,E4_sam2_overlay_vlm,SAM2 overlay,2026-06-26T23:30:22.289557+00:00,/home/nielsbroekhuizen/projects/my-vscode-project/outputs/case_study_2/runs/Tile_r044_c045/20260626_233022,7,4,point,4,4,3,0.75,False,False,False,False,True,False,False,4.0,75.0,3
grid_scan_paper,Grid Scan Paper,Tile_r044_c045,E5_imggen_overlay_vlm,ImgGen overlay,2026-06-26T23:30:22.289557+00:00,/home/nielsbroekhuizen/projects/my-vscode-project/outputs/case_study_2/runs/Tile_r044_c045/20260626_233022,5,4,point,4,4,1,0.25,False,False,True,True,True,False,False,4.0,25.0,1
grid_scan_paper,Grid Scan Paper,Tile_r044_c045,E6_sam3_deterministic,SAM3 mask,2026-06-26T23:30:22.289557+00:00,/home/nielsbroekhuizen/projects/my-vscode-project/outputs/case_study_2/runs/Tile_r044_c045/20260626_233022,5,4,point,4,4,1,0.25,False,False,True,True,True,False,False,4.0,25.0,1
grid_scan_paper,Grid Scan Paper,Tile_r044_c045,E7_sam3_overlay_vlm,SAM3 overlay,2026-06-26T23:30:22.289557+00:00,/home/nielsbroekhuizen/projects/my-vscode-project/outputs/case_study_2/runs/Tile_r044_c045/20260626_233022,5,4,point,4,4,1,0.25,False,False,True,True,True,False,False,4.0,25.0,1
grid_scan_paper,Grid Scan Paper,Tile_r044_c047,E1_raw_vlm,VLM,2026-06-26T23:34:47.835129+00:00,/home/nielsbroekhuizen/projects/my-vscode-project/outputs/case_study_2/runs/Tile_r044_c047/20260626_233447,13,6,point,6,6,7,1.1667,False,False,False,False,False,False,False,6.0,116.66666666666667,7
grid_scan_paper,Grid Scan Paper,Tile_r044_c047,E2_sam2_deterministic,SAM2 mask,2026-06-26T23:34:47.835129+00:00,/home/nielsbroekhuizen/projects/my-vscode-project/outputs/case_study_2/runs/Tile_r044_c047/20260626_233447,4,6,point,6,6,2,0.3333,False,False,False,True,True,False,False,6.0,33.33333333333333,-2
grid_scan_paper,Grid Scan Paper,Tile_r044_c047,E3_imggen_deterministic,ImgGen mask,2026-06-26T23:34:47.835129+00:00,/home/nielsbroekhuizen/projects/my-vscode-project/outputs/case_study_2/runs/Tile_r044_c047/20260626_233447,7,6,point,6,6,1,0.1667,False,False,True,True,True,False,False,6.0,16.666666666666664,1
grid_scan_paper,Grid Scan Paper,Tile_r044_c047,E4_sam2_overlay_vlm,SAM2 overlay,2026-06-26T23:34:47.835129+00:00,/home/nielsbroekhuizen/projects/my-vscode-project/outputs/case_study_2/runs/Tile_r044_c047/20260626_233447,18,6,point,6,6,12,2.0,False,False,False,False,False,False,False,6.0,200.0,12
grid_scan_paper,Grid Scan Paper,Tile_r044_c047,E5_imggen_overlay_vlm,ImgGen overlay,2026-06-26T23:34:47.835129+00:00,/home/nielsbroekhuizen/projects/my-vscode-project/outputs/case_study_2/runs/Tile_r044_c047/20260626_233447,13,6,point,6,6,7,1.1667,False,False,False,False,False,False,False,6.0,116.66666666666667,7
grid_scan_paper,Grid Scan Paper,Tile_r044_c047,E6_sam3_deterministic,SAM3 mask,2026-06-26T23:34:47.835129+00:00,/home/nielsbroekhuizen/projects/my-vscode-project/outputs/case_study_2/runs/Tile_r044_c047/20260626_233447,7,6,point,6,6,1,0.1667,False,False,True,True,True,False,False,6.0,16.666666666666664,1
grid_scan_paper,Grid Scan Paper,Tile_r044_c047,E7_sam3_overlay_vlm,SAM3 overlay,2026-06-26T23:34:47.835129+00:00,/home/nielsbroekhuizen/projects/my-vscode-project/outputs/case_study_2/runs/Tile_r044_c047/20260626_233447,12,6,point,6,6,6,1.0,False,False,False,False,False,False,False,6.0,100.0,6
grid_scan_paper,Grid Scan Paper,Tile_r044_c048,E1_raw_vlm,VLM,2026-06-26T23:42:23.017099+00:00,/home/nielsbroekhuizen/projects/my-vscode-project/outputs/case_study_2/runs/Tile_r044_c048/20260626_234223,2,2,point,2,2,0,0.0,True,True,True,True,True,True,True,2.0,0.0,0
grid_scan_paper,Grid Scan Paper,Tile_r044_c048,E2_sam2_deterministic,SAM2 mask,2026-06-26T23:42:23.017099+00:00,/home/nielsbroekhuizen/projects/my-vscode-project/outputs/case_study_2/runs/Tile_r044_c048/20260626_234223,2,2,point,2,2,0,0.0,True,True,True,True,True,True,True,2.0,0.0,0
grid_scan_paper,Grid Scan Paper,Tile_r044_c048,E3_imggen_deterministic,ImgGen mask,2026-06-26T23:42:23.017099+00:00,/home/nielsbroekhuizen/projects/my-vscode-project/outputs/case_study_2/runs/Tile_r044_c048/20260626_234223,2,2,point,2,2,0,0.0,True,True,True,True,True,True,True,2.0,0.0,0
grid_scan_paper,Grid Scan Paper,Tile_r044_c048,E4_sam2_overlay_vlm,SAM2 overlay,2026-06-26T23:42:23.017099+00:00,/home/nielsbroekhuizen/projects/my-vscode-project/outputs/case_study_2/runs/Tile_r044_c048/20260626_234223,3,2,point,2,2,1,0.5,False,False,True,True,True,False,False,2.0,50.0,1
grid_scan_paper,Grid Scan Paper,Tile_r044_c048,E5_imggen_overlay_vlm,ImgGen overlay,2026-06-26T23:42:23.017099+00:00,/home/nielsbroekhuizen/projects/my-vscode-project/outputs/case_study_2/runs/Tile_r044_c048/20260626_234223,2,2,point,2,2,0,0.0,True,True,True,True,True,True,True,2.0,0.0,0
grid_scan_paper,Grid Scan Paper,Tile_r044_c048,E6_sam3_deterministic,SAM3 mask,2026-06-26T23:42:23.017099+00:00,/home/nielsbroekhuizen/projects/my-vscode-project/outputs/case_study_2/runs/Tile_r044_c048/20260626_234223,1,2,point,2,2,1,0.5,False,False,True,True,True,False,False,2.0,50.0,-1
grid_scan_paper,Grid Scan Paper,Tile_r044_c048,E7_sam3_overlay_vlm,SAM3 overlay,2026-06-26T23:42:23.017099+00:00,/home/nielsbroekhuizen/projects/my-vscode-project/outputs/case_study_2/runs/Tile_r044_c048/20260626_234223,1,2,point,2,2,1,0.5,False,False,True,True,True,False,False,2.0,50.0,-1
grid_scan_paper,Grid Scan Paper,Tile_r045_c027,E1_raw_vlm,VLM,2026-06-26T23:46:15.739509+00:00,/home/nielsbroekhuizen/projects/my-vscode-project/outputs/case_study_2/runs/Tile_r045_c027/20260626_234615,4,4,point,4,4,0,0.0,True,True,True,True,True,True,True,4.0,0.0,0
grid_scan_paper,Grid Scan Paper,Tile_r045_c027,E2_sam2_deterministic,SAM2 mask,2026-06-26T23:46:15.739509+00:00,/home/nielsbroekhuizen/projects/my-vscode-project/outputs/case_study_2/runs/Tile_r045_c027/20260626_234615,5,4,point,4,4,1,0.25,False,False,True,True,True,False,False,4.0,25.0,1
grid_scan_paper,Grid Scan Paper,Tile_r045_c027,E3_imggen_deterministic,ImgGen mask,2026-06-26T23:46:15.739509+00:00,/home/nielsbroekhuizen/projects/my-vscode-project/outputs/case_study_2/runs/Tile_r045_c027/20260626_234615,4,4,point,4,4,0,0.0,True,True,True,True,True,True,True,4.0,0.0,0
grid_scan_paper,Grid Scan Paper,Tile_r045_c027,E4_sam2_overlay_vlm,SAM2 overlay,2026-06-26T23:46:15.739509+00:00,/home/nielsbroekhuizen/projects/my-vscode-project/outputs/case_study_2/runs/Tile_r045_c027/20260626_234615,9,4,point,4,4,5,1.25,False,False,False,False,False,False,False,4.0,125.0,5
grid_scan_paper,Grid Scan Paper,Tile_r045_c027,E5_imggen_overlay_vlm,ImgGen overlay,2026-06-26T23:46:15.739509+00:00,/home/nielsbroekhuizen/projects/my-vscode-project/outputs/case_study_2/runs/Tile_r045_c027/20260626_234615,35,4,point,4,4,31,7.75,False,False,False,False,False,False,False,4.0,775.0,31
grid_scan_paper,Grid Scan Paper,Tile_r045_c027,E6_sam3_deterministic,SAM3 mask,2026-06-26T23:46:15.739509+00:00,/home/nielsbroekhuizen/projects/my-vscode-project/outputs/case_study_2/runs/Tile_r045_c027/20260626_234615,4,4,point,4,4,0,0.0,True,True,True,True,True,True,True,4.0,0.0,0
grid_scan_paper,Grid Scan Paper,Tile_r045_c027,E7_sam3_overlay_vlm,SAM3 overlay,2026-06-26T23:46:15.739509+00:00,/home/nielsbroekhuizen/projects/my-vscode-project/outputs/case_study_2/runs/Tile_r045_c027/20260626_234615,2,4,point,4,4,2,0.5,False,False,False,True,True,False,False,4.0,50.0,-2
grid_scan_paper,Grid Scan Paper,Tile_r045_c028,E1_raw_vlm,VLM,2026-06-26T23:52:10.652119+00:00,/home/nielsbroekhuizen/projects/my-vscode-project/outputs/case_study_2/runs/Tile_r045_c028/20260626_235210,7,5,point,5,5,2,0.4,False,False,False,True,True,False,False,5.0,40.0,2
grid_scan_paper,Grid Scan Paper,Tile_r045_c028,E2_sam2_deterministic,SAM2 mask,2026-06-26T23:52:10.652119+00:00,/home/nielsbroekhuizen/projects/my-vscode-project/outputs/case_study_2/runs/Tile_r045_c028/20260626_235210,12,5,point,5,5,7,1.4,False,False,False,False,False,False,False,5.0,140.0,7
grid_scan_paper,Grid Scan Paper,Tile_r045_c028,E3_imggen_deterministic,ImgGen mask,2026-06-26T23:52:10.652119+00:00,/home/nielsbroekhuizen/projects/my-vscode-project/outputs/case_study_2/runs/Tile_r045_c028/20260626_235210,4,5,point,5,5,1,0.2,False,False,True,True,True,False,False,5.0,20.0,-1
grid_scan_paper,Grid Scan Paper,Tile_r045_c028,E4_sam2_overlay_vlm,SAM2 overlay,2026-06-26T23:52:10.652119+00:00,/home/nielsbroekhuizen/projects/my-vscode-project/outputs/case_study_2/runs/Tile_r045_c028/20260626_235210,23,5,point,5,5,18,3.6,False,False,False,False,False,False,False,5.0,360.0,18
grid_scan_paper,Grid Scan Paper,Tile_r045_c028,E5_imggen_overlay_vlm,ImgGen overlay,2026-06-26T23:52:10.652119+00:00,/home/nielsbroekhuizen/projects/my-vscode-project/outputs/case_study_2/runs/Tile_r045_c028/20260626_235210,4,5,point,5,5,1,0.2,False,False,True,True,True,False,False,5.0,20.0,-1
grid_scan_paper,Grid Scan Paper,Tile_r045_c028,E6_sam3_deterministic,SAM3 mask,2026-06-26T23:52:10.652119+00:00,/home/nielsbroekhuizen/projects/my-vscode-project/outputs/case_study_2/runs/Tile_r045_c028/20260626_235210,6,5,point,5,5,1,0.2,False,False,True,True,True,False,False,5.0,20.0,1
grid_scan_paper,Grid Scan Paper,Tile_r045_c028,E7_sam3_overlay_vlm,SAM3 overlay,2026-06-26T23:52:10.652119+00:00,/home/nielsbroekhuizen/projects/my-vscode-project/outputs/case_study_2/runs/Tile_r045_c028/20260626_235210,9,5,point,5,5,4,0.8,False,False,False,False,False,False,False,5.0,80.0,4
grid_scan_paper,Grid Scan Paper,Tile_r045_c030,E1_raw_vlm,VLM,2026-06-26T23:59:01.974960+00:00,/home/nielsbroekhuizen/projects/my-vscode-project/outputs/case_study_2/runs/Tile_r045_c030/20260626_235901,4,3,point,3,3,1,0.3333,False,False,True,True,True,False,False,3.0,33.33333333333333,1
grid_scan_paper,Grid Scan Paper,Tile_r045_c030,E2_sam2_deterministic,SAM2 mask,2026-06-26T23:59:01.974960+00:00,/home/nielsbroekhuizen/projects/my-vscode-project/outputs/case_study_2/runs/Tile_r045_c030/20260626_235901,2,3,point,3,3,1,0.3333,False,False,True,True,True,False,False,3.0,33.33333333333333,-1
grid_scan_paper,Grid Scan Paper,Tile_r045_c030,E3_imggen_deterministic,ImgGen mask,2026-06-26T23:59:01.974960+00:00,/home/nielsbroekhuizen/projects/my-vscode-project/outputs/case_study_2/runs/Tile_r045_c030/20260626_235901,3,3,point,3,3,0,0.0,True,True,True,True,True,True,True,3.0,0.0,0
grid_scan_paper,Grid Scan Paper,Tile_r045_c030,E4_sam2_overlay_vlm,SAM2 overlay,2026-06-26T23:59:01.974960+00:00,/home/nielsbroekhuizen/projects/my-vscode-project/outputs/case_study_2/runs/Tile_r045_c030/20260626_235901,3,3,point,3,3,0,0.0,True,True,True,True,True,True,True,3.0,0.0,0
grid_scan_paper,Grid Scan Paper,Tile_r045_c030,E5_imggen_overlay_vlm,ImgGen overlay,2026-06-26T23:59:01.974960+00:00,/home/nielsbroekhuizen/projects/my-vscode-project/outputs/case_study_2/runs/Tile_r045_c030/20260626_235901,3,3,point,3,3,0,0.0,True,True,True,True,True,True,True,3.0,0.0,0
grid_scan_paper,Grid Scan Paper,Tile_r045_c030,E6_sam3_deterministic,SAM3 mask,2026-06-26T23:59:01.974960+00:00,/home/nielsbroekhuizen/projects/my-vscode-project/outputs/case_study_2/runs/Tile_r045_c030/20260626_235901,0,3,point,3,3,3,1.0,False,False,False,False,True,False,False,3.0,100.0,-3
grid_scan_paper,Grid Scan Paper,Tile_r045_c030,E7_sam3_overlay_vlm,SAM3 overlay,2026-06-26T23:59:01.974960+00:00,/home/nielsbroekhuizen/projects/my-vscode-project/outputs/case_study_2/runs/Tile_r045_c030/20260626_235901,4,3,point,3,3,1,0.3333,False,False,True,True,True,False,False,3.0,33.33333333333333,1
grid_scan_paper,Grid Scan Paper,Tile_r045_c031,E1_raw_vlm,VLM,2026-06-27T00:02:24.127928+00:00,/home/nielsbroekhuizen/projects/my-vscode-project/outputs/case_study_2/runs/Tile_r045_c031/20260627_000224,4,4,point,4,4,0,0.0,True,True,True,True,True,True,True,4.0,0.0,0
grid_scan_paper,Grid Scan Paper,Tile_r045_c031,E2_sam2_deterministic,SAM2 mask,2026-06-27T00:02:24.127928+00:00,/home/nielsbroekhuizen/projects/my-vscode-project/outputs/case_study_2/runs/Tile_r045_c031/20260627_000224,2,4,point,4,4,2,0.5,False,False,False,True,True,False,False,4.0,50.0,-2
grid_scan_paper,Grid Scan Paper,Tile_r045_c031,E3_imggen_deterministic,ImgGen mask,2026-06-27T00:02:24.127928+00:00,/home/nielsbroekhuizen/projects/my-vscode-project/outputs/case_study_2/runs/Tile_r045_c031/20260627_000224,4,4,point,4,4,0,0.0,True,True,True,True,True,True,True,4.0,0.0,0
grid_scan_paper,Grid Scan Paper,Tile_r045_c031,E4_sam2_overlay_vlm,SAM2 overlay,2026-06-27T00:02:24.127928+00:00,/home/nielsbroekhuizen/projects/my-vscode-project/outputs/case_study_2/runs/Tile_r045_c031/20260627_000224,5,4,point,4,4,1,0.25,False,False,True,True,True,False,False,4.0,25.0,1
grid_scan_paper,Grid Scan Paper,Tile_r045_c031,E5_imggen_overlay_vlm,ImgGen overlay,2026-06-27T00:02:24.127928+00:00,/home/nielsbroekhuizen/projects/my-vscode-project/outputs/case_study_2/runs/Tile_r045_c031/20260627_000224,4,4,point,4,4,0,0.0,True,True,True,True,True,True,True,4.0,0.0,0
grid_scan_paper,Grid Scan Paper,Tile_r045_c031,E6_sam3_deterministic,SAM3 mask,2026-06-27T00:02:24.127928+00:00,/home/nielsbroekhuizen/projects/my-vscode-project/outputs/case_study_2/runs/Tile_r045_c031/20260627_000224,1,4,point,4,4,3,0.75,False,False,False,False,True,False,False,4.0,75.0,-3
grid_scan_paper,Grid Scan Paper,Tile_r045_c031,E7_sam3_overlay_vlm,SAM3 overlay,2026-06-27T00:02:24.127928+00:00,/home/nielsbroekhuizen/projects/my-vscode-project/outputs/case_study_2/runs/Tile_r045_c031/20260627_000224,2,4,point,4,4,2,0.5,False,False,False,True,True,False,False,4.0,50.0,-2
grid_scan_paper,Grid Scan Paper,Tile_r045_c032,E1_raw_vlm,VLM,2026-06-27T00:06:50.714186+00:00,/home/nielsbroekhuizen/projects/my-vscode-project/outputs/case_study_2/runs/Tile_r045_c032/20260627_000650,5,5,point,5,5,0,0.0,True,True,True,True,True,True,True,5.0,0.0,0
grid_scan_paper,Grid Scan Paper,Tile_r045_c032,E2_sam2_deterministic,SAM2 mask,2026-06-27T00:06:50.714186+00:00,/home/nielsbroekhuizen/projects/my-vscode-project/outputs/case_study_2/runs/Tile_r045_c032/20260627_000650,3,5,point,5,5,2,0.4,False,False,False,True,True,False,False,5.0,40.0,-2
grid_scan_paper,Grid Scan Paper,Tile_r045_c032,E3_imggen_deterministic,ImgGen mask,2026-06-27T00:06:50.714186+00:00,/home/nielsbroekhuizen/projects/my-vscode-project/outputs/case_study_2/runs/Tile_r045_c032/20260627_000650,3,5,point,5,5,2,0.4,False,False,False,True,True,False,False,5.0,40.0,-2
grid_scan_paper,Grid Scan Paper,Tile_r045_c032,E4_sam2_overlay_vlm,SAM2 overlay,2026-06-27T00:06:50.714186+00:00,/home/nielsbroekhuizen/projects/my-vscode-project/outputs/case_study_2/runs/Tile_r045_c032/20260627_000650,7,5,point,5,5,2,0.4,False,False,False,True,True,False,False,5.0,40.0,2
grid_scan_paper,Grid Scan Paper,Tile_r045_c032,E5_imggen_overlay_vlm,ImgGen overlay,2026-06-27T00:06:50.714186+00:00,/home/nielsbroekhuizen/projects/my-vscode-project/outputs/case_study_2/runs/Tile_r045_c032/20260627_000650,4,5,point,5,5,1,0.2,False,False,True,True,True,False,False,5.0,20.0,-1
grid_scan_paper,Grid Scan Paper,Tile_r045_c032,E6_sam3_deterministic,SAM3 mask,2026-06-27T00:06:50.714186+00:00,/home/nielsbroekhuizen/projects/my-vscode-project/outputs/case_study_2/runs/Tile_r045_c032/20260627_000650,0,5,point,5,5,5,1.0,False,False,False,False,False,False,False,5.0,100.0,-5
grid_scan_paper,Grid Scan Paper,Tile_r045_c032,E7_sam3_overlay_vlm,SAM3 overlay,2026-06-27T00:06:50.714186+00:00,/home/nielsbroekhuizen/projects/my-vscode-project/outputs/case_study_2/runs/Tile_r045_c032/20260627_000650,0,5,point,5,5,5,1.0,False,False,False,False,False,False,False,5.0,100.0,-5
grid_scan_paper,Grid Scan Paper,Tile_r045_c035,E1_raw_vlm,VLM,2026-06-27T00:11:36.907263+00:00,/home/nielsbroekhuizen/projects/my-vscode-project/outputs/case_study_2/runs/Tile_r045_c035/20260627_001136,1,1,point,1,1,0,0.0,True,True,True,True,True,True,True,1.0,0.0,0
grid_scan_paper,Grid Scan Paper,Tile_r045_c035,E2_sam2_deterministic,SAM2 mask,2026-06-27T00:11:36.907263+00:00,/home/nielsbroekhuizen/projects/my-vscode-project/outputs/case_study_2/runs/Tile_r045_c035/20260627_001136,1,1,point,1,1,0,0.0,True,True,True,True,True,True,True,1.0,0.0,0
grid_scan_paper,Grid Scan Paper,Tile_r045_c035,E3_imggen_deterministic,ImgGen mask,2026-06-27T00:11:36.907263+00:00,/home/nielsbroekhuizen/projects/my-vscode-project/outputs/case_study_2/runs/Tile_r045_c035/20260627_001136,1,1,point,1,1,0,0.0,True,True,True,True,True,True,True,1.0,0.0,0
grid_scan_paper,Grid Scan Paper,Tile_r045_c035,E4_sam2_overlay_vlm,SAM2 overlay,2026-06-27T00:11:36.907263+00:00,/home/nielsbroekhuizen/projects/my-vscode-project/outputs/case_study_2/runs/Tile_r045_c035/20260627_001136,1,1,point,1,1,0,0.0,True,True,True,True,True,True,True,1.0,0.0,0
grid_scan_paper,Grid Scan Paper,Tile_r045_c035,E5_imggen_overlay_vlm,ImgGen overlay,2026-06-27T00:11:36.907263+00:00,/home/nielsbroekhuizen/projects/my-vscode-project/outputs/case_study_2/runs/Tile_r045_c035/20260627_001136,1,1,point,1,1,0,0.0,True,True,True,True,True,True,True,1.0,0.0,0
grid_scan_paper,Grid Scan Paper,Tile_r045_c035,E6_sam3_deterministic,SAM3 mask,2026-06-27T00:11:36.907263+00:00,/home/nielsbroekhuizen/projects/my-vscode-project/outputs/case_study_2/runs/Tile_r045_c035/20260627_001136,0,1,point,1,1,1,1.0,False,False,True,True,True,False,False,1.0,100.0,-1
grid_scan_paper,Grid Scan Paper,Tile_r045_c035,E7_sam3_overlay_vlm,SAM3 overlay,2026-06-27T00:11:36.907263+00:00,/home/nielsbroekhuizen/projects/my-vscode-project/outputs/case_study_2/runs/Tile_r045_c035/20260627_001136,1,1,point,1,1,0,0.0,True,True,True,True,True,True,True,1.0,0.0,0
grid_scan_paper,Grid Scan Paper,Tile_r045_c036,E1_raw_vlm,VLM,2026-06-27T00:14:50.348322+00:00,/home/nielsbroekhuizen/projects/my-vscode-project/outputs/case_study_2/runs/Tile_r045_c036/20260627_001450,3,3,point,3,3,0,0.0,True,True,True,True,True,True,True,3.0,0.0,0
grid_scan_paper,Grid Scan Paper,Tile_r045_c036,E2_sam2_deterministic,SAM2 mask,2026-06-27T00:14:50.348322+00:00,/home/nielsbroekhuizen/projects/my-vscode-project/outputs/case_study_2/runs/Tile_r045_c036/20260627_001450,1,3,point,3,3,2,0.6667,False,False,False,True,True,False,False,3.0,66.66666666666666,-2
grid_scan_paper,Grid Scan Paper,Tile_r045_c036,E3_imggen_deterministic,ImgGen mask,2026-06-27T00:14:50.348322+00:00,/home/nielsbroekhuizen/projects/my-vscode-project/outputs/case_study_2/runs/Tile_r045_c036/20260627_001450,3,3,point,3,3,0,0.0,True,True,True,True,True,True,True,3.0,0.0,0
grid_scan_paper,Grid Scan Paper,Tile_r045_c036,E4_sam2_overlay_vlm,SAM2 overlay,2026-06-27T00:14:50.348322+00:00,/home/nielsbroekhuizen/projects/my-vscode-project/outputs/case_study_2/runs/Tile_r045_c036/20260627_001450,3,3,point,3,3,0,0.0,True,True,True,True,True,True,True,3.0,0.0,0
grid_scan_paper,Grid Scan Paper,Tile_r045_c036,E5_imggen_overlay_vlm,ImgGen overlay,2026-06-27T00:14:50.348322+00:00,/home/nielsbroekhuizen/projects/my-vscode-project/outputs/case_study_2/runs/Tile_r045_c036/20260627_001450,3,3,point,3,3,0,0.0,True,True,True,True,True,True,True,3.0,0.0,0
grid_scan_paper,Grid Scan Paper,Tile_r045_c036,E6_sam3_deterministic,SAM3 mask,2026-06-27T00:14:50.348322+00:00,/home/nielsbroekhuizen/projects/my-vscode-project/outputs/case_study_2/runs/Tile_r045_c036/20260627_001450,4,3,point,3,3,1,0.3333,False,False,True,True,True,False,False,3.0,33.33333333333333,1
grid_scan_paper,Grid Scan Paper,Tile_r045_c036,E7_sam3_overlay_vlm,SAM3 overlay,2026-06-27T00:14:50.348322+00:00,/home/nielsbroekhuizen/projects/my-vscode-project/outputs/case_study_2/runs/Tile_r045_c036/20260627_001450,4,3,point,3,3,1,0.3333,False,False,True,True,True,False,False,3.0,33.33333333333333,1
grid_scan_paper,Grid Scan Paper,Tile_r045_c037,E1_raw_vlm,VLM,2026-06-27T00:18:00.416032+00:00,/home/nielsbroekhuizen/projects/my-vscode-project/outputs/case_study_2/runs/Tile_r045_c037/20260627_001800,4,3,point,3,3,1,0.3333,False,False,True,True,True,False,False,3.0,33.33333333333333,1
grid_scan_paper,Grid Scan Paper,Tile_r045_c037,E2_sam2_deterministic,SAM2 mask,2026-06-27T00:18:00.416032+00:00,/home/nielsbroekhuizen/projects/my-vscode-project/outputs/case_study_2/runs/Tile_r045_c037/20260627_001800,1,3,point,3,3,2,0.6667,False,False,False,True,True,False,False,3.0,66.66666666666666,-2
grid_scan_paper,Grid Scan Paper,Tile_r045_c037,E3_imggen_deterministic,ImgGen mask,2026-06-27T00:18:00.416032+00:00,/home/nielsbroekhuizen/projects/my-vscode-project/outputs/case_study_2/runs/Tile_r045_c037/20260627_001800,3,3,point,3,3,0,0.0,True,True,True,True,True,True,True,3.0,0.0,0
grid_scan_paper,Grid Scan Paper,Tile_r045_c037,E4_sam2_overlay_vlm,SAM2 overlay,2026-06-27T00:18:00.416032+00:00,/home/nielsbroekhuizen/projects/my-vscode-project/outputs/case_study_2/runs/Tile_r045_c037/20260627_001800,6,3,point,3,3,3,1.0,False,False,False,False,True,False,False,3.0,100.0,3
grid_scan_paper,Grid Scan Paper,Tile_r045_c037,E5_imggen_overlay_vlm,ImgGen overlay,2026-06-27T00:18:00.416032+00:00,/home/nielsbroekhuizen/projects/my-vscode-project/outputs/case_study_2/runs/Tile_r045_c037/20260627_001800,4,3,point,3,3,1,0.3333,False,False,True,True,True,False,False,3.0,33.33333333333333,1
grid_scan_paper,Grid Scan Paper,Tile_r045_c037,E6_sam3_deterministic,SAM3 mask,2026-06-27T00:18:00.416032+00:00,/home/nielsbroekhuizen/projects/my-vscode-project/outputs/case_study_2/runs/Tile_r045_c037/20260627_001800,0,3,point,3,3,3,1.0,False,False,False,False,True,False,False,3.0,100.0,-3
grid_scan_paper,Grid Scan Paper,Tile_r045_c037,E7_sam3_overlay_vlm,SAM3 overlay,2026-06-27T00:18:00.416032+00:00,/home/nielsbroekhuizen/projects/my-vscode-project/outputs/case_study_2/runs/Tile_r045_c037/20260627_001800,3,3,point,3,3,0,0.0,True,True,True,True,True,True,True,3.0,0.0,0
grid_scan_paper,Grid Scan Paper,Tile_r045_c038,E1_raw_vlm,VLM,2026-06-27T00:21:37.790967+00:00,/home/nielsbroekhuizen/projects/my-vscode-project/outputs/case_study_2/runs/Tile_r045_c038/20260627_002137,1,1,point,1,1,0,0.0,True,True,True,True,True,True,True,1.0,0.0,0
grid_scan_paper,Grid Scan Paper,Tile_r045_c038,E2_sam2_deterministic,SAM2 mask,2026-06-27T00:21:37.790967+00:00,/home/nielsbroekhuizen/projects/my-vscode-project/outputs/case_study_2/runs/Tile_r045_c038/20260627_002137,2,1,point,1,1,1,1.0,False,False,True,True,True,False,False,1.0,100.0,1
grid_scan_paper,Grid Scan Paper,Tile_r045_c038,E3_imggen_deterministic,ImgGen mask,2026-06-27T09:00:43.809990+00:00,/home/nielsbroekhuizen/projects/my-vscode-project/outputs/case_study_2/runs/Tile_r045_c038/20260627_090043,1,1,point,1,1,0,0.0,True,True,True,True,True,True,True,1.0,0.0,0
grid_scan_paper,Grid Scan Paper,Tile_r045_c038,E4_sam2_overlay_vlm,SAM2 overlay,2026-06-27T00:21:37.790967+00:00,/home/nielsbroekhuizen/projects/my-vscode-project/outputs/case_study_2/runs/Tile_r045_c038/20260627_002137,1,1,point,1,1,0,0.0,True,True,True,True,True,True,True,1.0,0.0,0
grid_scan_paper,Grid Scan Paper,Tile_r045_c038,E5_imggen_overlay_vlm,ImgGen overlay,2026-06-27T00:21:37.790967+00:00,/home/nielsbroekhuizen/projects/my-vscode-project/outputs/case_study_2/runs/Tile_r045_c038/20260627_002137,1,1,point,1,1,0,0.0,True,True,True,True,True,True,True,1.0,0.0,0
grid_scan_paper,Grid Scan Paper,Tile_r045_c038,E6_sam3_deterministic,SAM3 mask,2026-06-27T00:21:37.790967+00:00,/home/nielsbroekhuizen/projects/my-vscode-project/outputs/case_study_2/runs/Tile_r045_c038/20260627_002137,0,1,point,1,1,1,1.0,False,False,True,True,True,False,False,1.0,100.0,-1
grid_scan_paper,Grid Scan Paper,Tile_r045_c038,E7_sam3_overlay_vlm,SAM3 overlay,2026-06-27T00:21:37.790967+00:00,/home/nielsbroekhuizen/projects/my-vscode-project/outputs/case_study_2/runs/Tile_r045_c038/20260627_002137,1,1,point,1,1,0,0.0,True,True,True,True,True,True,True,1.0,0.0,0
grid_scan_paper,Grid Scan Paper,Tile_r045_c039,E1_raw_vlm,VLM,2026-06-27T00:25:02.258172+00:00,/home/nielsbroekhuizen/projects/my-vscode-project/outputs/case_study_2/runs/Tile_r045_c039/20260627_002502,3,3,point,3,3,0,0.0,True,True,True,True,True,True,True,3.0,0.0,0
grid_scan_paper,Grid Scan Paper,Tile_r045_c039,E2_sam2_deterministic,SAM2 mask,2026-06-27T00:25:02.258172+00:00,/home/nielsbroekhuizen/projects/my-vscode-project/outputs/case_study_2/runs/Tile_r045_c039/20260627_002502,3,3,point,3,3,0,0.0,True,True,True,True,True,True,True,3.0,0.0,0
grid_scan_paper,Grid Scan Paper,Tile_r045_c039,E3_imggen_deterministic,ImgGen mask,2026-06-27T00:25:02.258172+00:00,/home/nielsbroekhuizen/projects/my-vscode-project/outputs/case_study_2/runs/Tile_r045_c039/20260627_002502,6,3,point,3,3,3,1.0,False,False,False,False,True,False,False,3.0,100.0,3
grid_scan_paper,Grid Scan Paper,Tile_r045_c039,E4_sam2_overlay_vlm,SAM2 overlay,2026-06-27T00:25:02.258172+00:00,/home/nielsbroekhuizen/projects/my-vscode-project/outputs/case_study_2/runs/Tile_r045_c039/20260627_002502,8,3,point,3,3,5,1.6667,False,False,False,False,False,False,False,3.0,166.66666666666669,5
grid_scan_paper,Grid Scan Paper,Tile_r045_c039,E5_imggen_overlay_vlm,ImgGen overlay,2026-06-27T00:25:02.258172+00:00,/home/nielsbroekhuizen/projects/my-vscode-project/outputs/case_study_2/runs/Tile_r045_c039/20260627_002502,8,3,point,3,3,5,1.6667,False,False,False,False,False,False,False,3.0,166.66666666666669,5
grid_scan_paper,Grid Scan Paper,Tile_r045_c039,E6_sam3_deterministic,SAM3 mask,2026-06-27T00:25:02.258172+00:00,/home/nielsbroekhuizen/projects/my-vscode-project/outputs/case_study_2/runs/Tile_r045_c039/20260627_002502,0,3,point,3,3,3,1.0,False,False,False,False,True,False,False,3.0,100.0,-3
grid_scan_paper,Grid Scan Paper,Tile_r045_c039,E7_sam3_overlay_vlm,SAM3 overlay,2026-06-27T00:25:02.258172+00:00,/home/nielsbroekhuizen/projects/my-vscode-project/outputs/case_study_2/runs/Tile_r045_c039/20260627_002502,3,3,point,3,3,0,0.0,True,True,True,True,True,True,True,3.0,0.0,0
grid_scan_paper,Grid Scan Paper,Tile_r045_c041,E1_raw_vlm,VLM,2026-06-27T00:29:23.707647+00:00,/home/nielsbroekhuizen/projects/my-vscode-project/outputs/case_study_2/runs/Tile_r045_c041/20260627_002923,6,5,point,5,5,1,0.2,False,False,True,True,True,False,False,5.0,20.0,1
grid_scan_paper,Grid Scan Paper,Tile_r045_c041,E2_sam2_deterministic,SAM2 mask,2026-06-27T00:29:23.707647+00:00,/home/nielsbroekhuizen/projects/my-vscode-project/outputs/case_study_2/runs/Tile_r045_c041/20260627_002923,5,5,point,5,5,0,0.0,True,True,True,True,True,True,True,5.0,0.0,0
grid_scan_paper,Grid Scan Paper,Tile_r045_c041,E3_imggen_deterministic,ImgGen mask,2026-06-27T00:29:23.707647+00:00,/home/nielsbroekhuizen/projects/my-vscode-project/outputs/case_study_2/runs/Tile_r045_c041/20260627_002923,5,5,point,5,5,0,0.0,True,True,True,True,True,True,True,5.0,0.0,0
grid_scan_paper,Grid Scan Paper,Tile_r045_c041,E4_sam2_overlay_vlm,SAM2 overlay,2026-06-27T00:29:23.707647+00:00,/home/nielsbroekhuizen/projects/my-vscode-project/outputs/case_study_2/runs/Tile_r045_c041/20260627_002923,7,5,point,5,5,2,0.4,False,False,False,True,True,False,False,5.0,40.0,2
grid_scan_paper,Grid Scan Paper,Tile_r045_c041,E5_imggen_overlay_vlm,ImgGen overlay,2026-06-27T00:29:23.707647+00:00,/home/nielsbroekhuizen/projects/my-vscode-project/outputs/case_study_2/runs/Tile_r045_c041/20260627_002923,5,5,point,5,5,0,0.0,True,True,True,True,True,True,True,5.0,0.0,0
grid_scan_paper,Grid Scan Paper,Tile_r045_c041,E6_sam3_deterministic,SAM3 mask,2026-06-27T00:29:23.707647+00:00,/home/nielsbroekhuizen/projects/my-vscode-project/outputs/case_study_2/runs/Tile_r045_c041/20260627_002923,6,5,point,5,5,1,0.2,False,False,True,True,True,False,False,5.0,20.0,1
grid_scan_paper,Grid Scan Paper,Tile_r045_c041,E7_sam3_overlay_vlm,SAM3 overlay,2026-06-27T00:29:23.707647+00:00,/home/nielsbroekhuizen/projects/my-vscode-project/outputs/case_study_2/runs/Tile_r045_c041/20260627_002923,6,5,point,5,5,1,0.2,False,False,True,True,True,False,False,5.0,20.0,1
grid_scan_paper,Grid Scan Paper,Tile_r045_c043,E1_raw_vlm,VLM,2026-06-27T00:34:57.237117+00:00,/home/nielsbroekhuizen/projects/my-vscode-project/outputs/case_study_2/runs/Tile_r045_c043/20260627_003457,17,10,point,10,10,7,0.7,False,False,False,False,False,False,False,10.0,70.0,7
grid_scan_paper,Grid Scan Paper,Tile_r045_c043,E2_sam2_deterministic,SAM2 mask,2026-06-27T00:34:57.237117+00:00,/home/nielsbroekhuizen/projects/my-vscode-project/outputs/case_study_2/runs/Tile_r045_c043/20260627_003457,9,10,point,10,10,1,0.1,False,False,True,True,True,False,True,10.0,10.0,-1
grid_scan_paper,Grid Scan Paper,Tile_r045_c043,E3_imggen_deterministic,ImgGen mask,2026-06-27T00:34:57.237117+00:00,/home/nielsbroekhuizen/projects/my-vscode-project/outputs/case_study_2/runs/Tile_r045_c043/20260627_003457,15,10,point,10,10,5,0.5,False,False,False,False,False,False,False,10.0,50.0,5
grid_scan_paper,Grid Scan Paper,Tile_r045_c043,E4_sam2_overlay_vlm,SAM2 overlay,2026-06-27T00:34:57.237117+00:00,/home/nielsbroekhuizen/projects/my-vscode-project/outputs/case_study_2/runs/Tile_r045_c043/20260627_003457,20,10,point,10,10,10,1.0,False,False,False,False,False,False,False,10.0,100.0,10
grid_scan_paper,Grid Scan Paper,Tile_r045_c043,E5_imggen_overlay_vlm,ImgGen overlay,2026-06-27T00:34:57.237117+00:00,/home/nielsbroekhuizen/projects/my-vscode-project/outputs/case_study_2/runs/Tile_r045_c043/20260627_003457,15,10,point,10,10,5,0.5,False,False,False,False,False,False,False,10.0,50.0,5
grid_scan_paper,Grid Scan Paper,Tile_r045_c043,E6_sam3_deterministic,SAM3 mask,2026-06-27T00:34:57.237117+00:00,/home/nielsbroekhuizen/projects/my-vscode-project/outputs/case_study_2/runs/Tile_r045_c043/20260627_003457,17,10,point,10,10,7,0.7,False,False,False,False,False,False,False,10.0,70.0,7
grid_scan_paper,Grid Scan Paper,Tile_r045_c043,E7_sam3_overlay_vlm,SAM3 overlay,2026-06-27T00:34:57.237117+00:00,/home/nielsbroekhuizen/projects/my-vscode-project/outputs/case_study_2/runs/Tile_r045_c043/20260627_003457,19,10,point,10,10,9,0.9,False,False,False,False,False,False,False,10.0,90.0,9
grid_scan_paper,Grid Scan Paper,Tile_r045_c044,E1_raw_vlm,VLM,2026-06-27T00:42:02.493175+00:00,/home/nielsbroekhuizen/projects/my-vscode-project/outputs/case_study_2/runs/Tile_r045_c044/20260627_004202,12,8,point,8,8,4,0.5,False,False,False,False,False,False,False,8.0,50.0,4
grid_scan_paper,Grid Scan Paper,Tile_r045_c044,E2_sam2_deterministic,SAM2 mask,2026-06-27T00:42:02.493175+00:00,/home/nielsbroekhuizen/projects/my-vscode-project/outputs/case_study_2/runs/Tile_r045_c044/20260627_004202,3,8,point,8,8,5,0.625,False,False,False,False,False,False,False,8.0,62.5,-5
grid_scan_paper,Grid Scan Paper,Tile_r045_c044,E3_imggen_deterministic,ImgGen mask,2026-06-27T00:42:02.493175+00:00,/home/nielsbroekhuizen/projects/my-vscode-project/outputs/case_study_2/runs/Tile_r045_c044/20260627_004202,18,8,point,8,8,10,1.25,False,False,False,False,False,False,False,8.0,125.0,10
grid_scan_paper,Grid Scan Paper,Tile_r045_c044,E4_sam2_overlay_vlm,SAM2 overlay,2026-06-27T00:42:02.493175+00:00,/home/nielsbroekhuizen/projects/my-vscode-project/outputs/case_study_2/runs/Tile_r045_c044/20260627_004202,22,8,point,8,8,14,1.75,False,False,False,False,False,False,False,8.0,175.0,14
grid_scan_paper,Grid Scan Paper,Tile_r045_c044,E5_imggen_overlay_vlm,ImgGen overlay,2026-06-27T00:42:02.493175+00:00,/home/nielsbroekhuizen/projects/my-vscode-project/outputs/case_study_2/runs/Tile_r045_c044/20260627_004202,18,8,point,8,8,10,1.25,False,False,False,False,False,False,False,8.0,125.0,10
grid_scan_paper,Grid Scan Paper,Tile_r045_c044,E6_sam3_deterministic,SAM3 mask,2026-06-27T00:42:02.493175+00:00,/home/nielsbroekhuizen/projects/my-vscode-project/outputs/case_study_2/runs/Tile_r045_c044/20260627_004202,3,8,point,8,8,5,0.625,False,False,False,False,False,False,False,8.0,62.5,-5
grid_scan_paper,Grid Scan Paper,Tile_r045_c044,E7_sam3_overlay_vlm,SAM3 overlay,2026-06-27T00:42:02.493175+00:00,/home/nielsbroekhuizen/projects/my-vscode-project/outputs/case_study_2/runs/Tile_r045_c044/20260627_004202,2,8,point,8,8,6,0.75,False,False,False,False,False,False,False,8.0,75.0,-6
grid_scan_paper,Grid Scan Paper,Tile_r045_c045,E1_raw_vlm,VLM,2026-06-27T00:47:52.753286+00:00,/home/nielsbroekhuizen/projects/my-vscode-project/outputs/case_study_2/runs/Tile_r045_c045/20260627_004752,1,1,point,1,1,0,0.0,True,True,True,True,True,True,True,1.0,0.0,0
grid_scan_paper,Grid Scan Paper,Tile_r045_c045,E2_sam2_deterministic,SAM2 mask,2026-06-27T00:47:52.753286+00:00,/home/nielsbroekhuizen/projects/my-vscode-project/outputs/case_study_2/runs/Tile_r045_c045/20260627_004752,1,1,point,1,1,0,0.0,True,True,True,True,True,True,True,1.0,0.0,0
grid_scan_paper,Grid Scan Paper,Tile_r045_c045,E3_imggen_deterministic,ImgGen mask,2026-06-27T00:47:52.753286+00:00,/home/nielsbroekhuizen/projects/my-vscode-project/outputs/case_study_2/runs/Tile_r045_c045/20260627_004752,3,1,point,1,1,2,2.0,False,False,False,True,True,False,False,1.0,200.0,2
grid_scan_paper,Grid Scan Paper,Tile_r045_c045,E4_sam2_overlay_vlm,SAM2 overlay,2026-06-27T00:47:52.753286+00:00,/home/nielsbroekhuizen/projects/my-vscode-project/outputs/case_study_2/runs/Tile_r045_c045/20260627_004752,3,1,point,1,1,2,2.0,False,False,False,True,True,False,False,1.0,200.0,2
grid_scan_paper,Grid Scan Paper,Tile_r045_c045,E5_imggen_overlay_vlm,ImgGen overlay,2026-06-27T00:47:52.753286+00:00,/home/nielsbroekhuizen/projects/my-vscode-project/outputs/case_study_2/runs/Tile_r045_c045/20260627_004752,5,1,point,1,1,4,4.0,False,False,False,False,False,False,False,1.0,400.0,4
grid_scan_paper,Grid Scan Paper,Tile_r045_c045,E6_sam3_deterministic,SAM3 mask,2026-06-27T00:47:52.753286+00:00,/home/nielsbroekhuizen/projects/my-vscode-project/outputs/case_study_2/runs/Tile_r045_c045/20260627_004752,0,1,point,1,1,1,1.0,False,False,True,True,True,False,False,1.0,100.0,-1
grid_scan_paper,Grid Scan Paper,Tile_r045_c045,E7_sam3_overlay_vlm,SAM3 overlay,2026-06-27T00:47:52.753286+00:00,/home/nielsbroekhuizen/projects/my-vscode-project/outputs/case_study_2/runs/Tile_r045_c045/20260627_004752,0,1,point,1,1,1,1.0,False,False,True,True,True,False,False,1.0,100.0,-1
grid_scan_paper,Grid Scan Paper,Tile_r045_c047,E1_raw_vlm,VLM,2026-06-27T00:51:09.461750+00:00,/home/nielsbroekhuizen/projects/my-vscode-project/outputs/case_study_2/runs/Tile_r045_c047/20260627_005109,1,1,point,1,1,0,0.0,True,True,True,True,True,True,True,1.0,0.0,0
grid_scan_paper,Grid Scan Paper,Tile_r045_c047,E2_sam2_deterministic,SAM2 mask,2026-06-27T00:51:09.461750+00:00,/home/nielsbroekhuizen/projects/my-vscode-project/outputs/case_study_2/runs/Tile_r045_c047/20260627_005109,1,1,point,1,1,0,0.0,True,True,True,True,True,True,True,1.0,0.0,0
grid_scan_paper,Grid Scan Paper,Tile_r045_c047,E3_imggen_deterministic,ImgGen mask,2026-06-27T00:51:09.461750+00:00,/home/nielsbroekhuizen/projects/my-vscode-project/outputs/case_study_2/runs/Tile_r045_c047/20260627_005109,1,1,point,1,1,0,0.0,True,True,True,True,True,True,True,1.0,0.0,0
grid_scan_paper,Grid Scan Paper,Tile_r045_c047,E4_sam2_overlay_vlm,SAM2 overlay,2026-06-27T00:51:09.461750+00:00,/home/nielsbroekhuizen/projects/my-vscode-project/outputs/case_study_2/runs/Tile_r045_c047/20260627_005109,2,1,point,1,1,1,1.0,False,False,True,True,True,False,False,1.0,100.0,1
grid_scan_paper,Grid Scan Paper,Tile_r045_c047,E5_imggen_overlay_vlm,ImgGen overlay,2026-06-27T00:51:09.461750+00:00,/home/nielsbroekhuizen/projects/my-vscode-project/outputs/case_study_2/runs/Tile_r045_c047/20260627_005109,1,1,point,1,1,0,0.0,True,True,True,True,True,True,True,1.0,0.0,0
grid_scan_paper,Grid Scan Paper,Tile_r045_c047,E6_sam3_deterministic,SAM3 mask,2026-06-27T00:51:09.461750+00:00,/home/nielsbroekhuizen/projects/my-vscode-project/outputs/case_study_2/runs/Tile_r045_c047/20260627_005109,1,1,point,1,1,0,0.0,True,True,True,True,True,True,True,1.0,0.0,0
grid_scan_paper,Grid Scan Paper,Tile_r045_c047,E7_sam3_overlay_vlm,SAM3 overlay,2026-06-27T00:51:09.461750+00:00,/home/nielsbroekhuizen/projects/my-vscode-project/outputs/case_study_2/runs/Tile_r045_c047/20260627_005109,1,1,point,1,1,0,0.0,True,True,True,True,True,True,True,1.0,0.0,0
grid_scan_paper,Grid Scan Paper,Tile_r045_c048,E1_raw_vlm,VLM,2026-06-27T00:53:36.379786+00:00,/home/nielsbroekhuizen/projects/my-vscode-project/outputs/case_study_2/runs/Tile_r045_c048/20260627_005336,1,1,point,1,1,0,0.0,True,True,True,True,True,True,True,1.0,0.0,0
grid_scan_paper,Grid Scan Paper,Tile_r045_c048,E2_sam2_deterministic,SAM2 mask,2026-06-27T00:53:36.379786+00:00,/home/nielsbroekhuizen/projects/my-vscode-project/outputs/case_study_2/runs/Tile_r045_c048/20260627_005336,2,1,point,1,1,1,1.0,False,False,True,True,True,False,False,1.0,100.0,1
grid_scan_paper,Grid Scan Paper,Tile_r045_c048,E3_imggen_deterministic,ImgGen mask,2026-06-27T00:53:36.379786+00:00,/home/nielsbroekhuizen/projects/my-vscode-project/outputs/case_study_2/runs/Tile_r045_c048/20260627_005336,1,1,point,1,1,0,0.0,True,True,True,True,True,True,True,1.0,0.0,0
grid_scan_paper,Grid Scan Paper,Tile_r045_c048,E4_sam2_overlay_vlm,SAM2 overlay,2026-06-27T00:53:36.379786+00:00,/home/nielsbroekhuizen/projects/my-vscode-project/outputs/case_study_2/runs/Tile_r045_c048/20260627_005336,2,1,point,1,1,1,1.0,False,False,True,True,True,False,False,1.0,100.0,1
grid_scan_paper,Grid Scan Paper,Tile_r045_c048,E5_imggen_overlay_vlm,ImgGen overlay,2026-06-27T00:53:36.379786+00:00,/home/nielsbroekhuizen/projects/my-vscode-project/outputs/case_study_2/runs/Tile_r045_c048/20260627_005336,1,1,point,1,1,0,0.0,True,True,True,True,True,True,True,1.0,0.0,0
grid_scan_paper,Grid Scan Paper,Tile_r045_c048,E6_sam3_deterministic,SAM3 mask,2026-06-27T00:53:36.379786+00:00,/home/nielsbroekhuizen/projects/my-vscode-project/outputs/case_study_2/runs/Tile_r045_c048/20260627_005336,0,1,point,1,1,1,1.0,False,False,True,True,True,False,False,1.0,100.0,-1
grid_scan_paper,Grid Scan Paper,Tile_r045_c048,E7_sam3_overlay_vlm,SAM3 overlay,2026-06-27T00:53:36.379786+00:00,/home/nielsbroekhuizen/projects/my-vscode-project/outputs/case_study_2/runs/Tile_r045_c048/20260627_005336,1,1,point,1,1,0,0.0,True,True,True,True,True,True,True,1.0,0.0,0
grid_scan_paper,Grid Scan Paper,Tile_r045_c049,E1_raw_vlm,VLM,2026-06-27T00:56:07.017538+00:00,/home/nielsbroekhuizen/projects/my-vscode-project/outputs/case_study_2/runs/Tile_r045_c049/20260627_005607,2,1,point,1,1,1,1.0,False,False,True,True,True,False,False,1.0,100.0,1
grid_scan_paper,Grid Scan Paper,Tile_r045_c049,E2_sam2_deterministic,SAM2 mask,2026-06-27T00:56:07.017538+00:00,/home/nielsbroekhuizen/projects/my-vscode-project/outputs/case_study_2/runs/Tile_r045_c049/20260627_005607,2,1,point,1,1,1,1.0,False,False,True,True,True,False,False,1.0,100.0,1
grid_scan_paper,Grid Scan Paper,Tile_r045_c049,E3_imggen_deterministic,ImgGen mask,2026-06-27T00:56:07.017538+00:00,/home/nielsbroekhuizen/projects/my-vscode-project/outputs/case_study_2/runs/Tile_r045_c049/20260627_005607,1,1,point,1,1,0,0.0,True,True,True,True,True,True,True,1.0,0.0,0
grid_scan_paper,Grid Scan Paper,Tile_r045_c049,E4_sam2_overlay_vlm,SAM2 overlay,2026-06-27T00:56:07.017538+00:00,/home/nielsbroekhuizen/projects/my-vscode-project/outputs/case_study_2/runs/Tile_r045_c049/20260627_005607,2,1,point,1,1,1,1.0,False,False,True,True,True,False,False,1.0,100.0,1
grid_scan_paper,Grid Scan Paper,Tile_r045_c049,E5_imggen_overlay_vlm,ImgGen overlay,2026-06-27T00:56:07.017538+00:00,/home/nielsbroekhuizen/projects/my-vscode-project/outputs/case_study_2/runs/Tile_r045_c049/20260627_005607,8,1,point,1,1,7,7.0,False,False,False,False,False,False,False,1.0,700.0,7
grid_scan_paper,Grid Scan Paper,Tile_r045_c049,E6_sam3_deterministic,SAM3 mask,2026-06-27T00:56:07.017538+00:00,/home/nielsbroekhuizen/projects/my-vscode-project/outputs/case_study_2/runs/Tile_r045_c049/20260627_005607,0,1,point,1,1,1,1.0,False,False,True,True,True,False,False,1.0,100.0,-1
grid_scan_paper,Grid Scan Paper,Tile_r045_c049,E7_sam3_overlay_vlm,SAM3 overlay,2026-06-27T00:56:07.017538+00:00,/home/nielsbroekhuizen/projects/my-vscode-project/outputs/case_study_2/runs/Tile_r045_c049/20260627_005607,1,1,point,1,1,0,0.0,True,True,True,True,True,True,True,1.0,0.0,0
grid_scan_paper,Grid Scan Paper,Tile_r046_c026,E1_raw_vlm,VLM,2026-06-27T00:59:08.406536+00:00,/home/nielsbroekhuizen/projects/my-vscode-project/outputs/case_study_2/runs/Tile_r046_c026/20260627_005908,7,2,point,2,2,5,2.5,False,False,False,False,False,False,False,2.0,250.0,5
grid_scan_paper,Grid Scan Paper,Tile_r046_c026,E2_sam2_deterministic,SAM2 mask,2026-06-27T00:59:08.406536+00:00,/home/nielsbroekhuizen/projects/my-vscode-project/outputs/case_study_2/runs/Tile_r046_c026/20260627_005908,3,2,point,2,2,1,0.5,False,False,True,True,True,False,False,2.0,50.0,1
grid_scan_paper,Grid Scan Paper,Tile_r046_c026,E3_imggen_deterministic,ImgGen mask,2026-06-27T00:59:08.406536+00:00,/home/nielsbroekhuizen/projects/my-vscode-project/outputs/case_study_2/runs/Tile_r046_c026/20260627_005908,4,2,point,2,2,2,1.0,False,False,False,True,True,False,False,2.0,100.0,2
grid_scan_paper,Grid Scan Paper,Tile_r046_c026,E4_sam2_overlay_vlm,SAM2 overlay,2026-06-27T00:59:08.406536+00:00,/home/nielsbroekhuizen/projects/my-vscode-project/outputs/case_study_2/runs/Tile_r046_c026/20260627_005908,5,2,point,2,2,3,1.5,False,False,False,False,True,False,False,2.0,150.0,3
grid_scan_paper,Grid Scan Paper,Tile_r046_c026,E5_imggen_overlay_vlm,ImgGen overlay,2026-06-27T00:59:08.406536+00:00,/home/nielsbroekhuizen/projects/my-vscode-project/outputs/case_study_2/runs/Tile_r046_c026/20260627_005908,6,2,point,2,2,4,2.0,False,False,False,False,False,False,False,2.0,200.0,4
grid_scan_paper,Grid Scan Paper,Tile_r046_c026,E6_sam3_deterministic,SAM3 mask,2026-06-27T00:59:08.406536+00:00,/home/nielsbroekhuizen/projects/my-vscode-project/outputs/case_study_2/runs/Tile_r046_c026/20260627_005908,2,2,point,2,2,0,0.0,True,True,True,True,True,True,True,2.0,0.0,0
grid_scan_paper,Grid Scan Paper,Tile_r046_c026,E7_sam3_overlay_vlm,SAM3 overlay,2026-06-27T00:59:08.406536+00:00,/home/nielsbroekhuizen/projects/my-vscode-project/outputs/case_study_2/runs/Tile_r046_c026/20260627_005908,4,2,point,2,2,2,1.0,False,False,False,True,True,False,False,2.0,100.0,2
grid_scan_paper,Grid Scan Paper,Tile_r046_c027,E1_raw_vlm,VLM,2026-06-27T01:03:24.650585+00:00,/home/nielsbroekhuizen/projects/my-vscode-project/outputs/case_study_2/runs/Tile_r046_c027/20260627_010324,9,8,point,8,8,1,0.125,False,False,True,True,True,False,False,8.0,12.5,1
grid_scan_paper,Grid Scan Paper,Tile_r046_c027,E2_sam2_deterministic,SAM2 mask,2026-06-27T01:03:24.650585+00:00,/home/nielsbroekhuizen/projects/my-vscode-project/outputs/case_study_2/runs/Tile_r046_c027/20260627_010324,5,8,point,8,8,3,0.375,False,False,False,False,True,False,False,8.0,37.5,-3
grid_scan_paper,Grid Scan Paper,Tile_r046_c027,E3_imggen_deterministic,ImgGen mask,2026-06-27T01:03:24.650585+00:00,/home/nielsbroekhuizen/projects/my-vscode-project/outputs/case_study_2/runs/Tile_r046_c027/20260627_010324,8,8,point,8,8,0,0.0,True,True,True,True,True,True,True,8.0,0.0,0
grid_scan_paper,Grid Scan Paper,Tile_r046_c027,E4_sam2_overlay_vlm,SAM2 overlay,2026-06-27T01:03:24.650585+00:00,/home/nielsbroekhuizen/projects/my-vscode-project/outputs/case_study_2/runs/Tile_r046_c027/20260627_010324,6,8,point,8,8,2,0.25,False,False,False,True,True,False,False,8.0,25.0,-2
grid_scan_paper,Grid Scan Paper,Tile_r046_c027,E5_imggen_overlay_vlm,ImgGen overlay,2026-06-27T01:03:24.650585+00:00,/home/nielsbroekhuizen/projects/my-vscode-project/outputs/case_study_2/runs/Tile_r046_c027/20260627_010324,8,8,point,8,8,0,0.0,True,True,True,True,True,True,True,8.0,0.0,0
grid_scan_paper,Grid Scan Paper,Tile_r046_c027,E6_sam3_deterministic,SAM3 mask,2026-06-27T01:03:24.650585+00:00,/home/nielsbroekhuizen/projects/my-vscode-project/outputs/case_study_2/runs/Tile_r046_c027/20260627_010324,8,8,point,8,8,0,0.0,True,True,True,True,True,True,True,8.0,0.0,0
grid_scan_paper,Grid Scan Paper,Tile_r046_c027,E7_sam3_overlay_vlm,SAM3 overlay,2026-06-27T01:03:24.650585+00:00,/home/nielsbroekhuizen/projects/my-vscode-project/outputs/case_study_2/runs/Tile_r046_c027/20260627_010324,8,8,point,8,8,0,0.0,True,True,True,True,True,True,True,8.0,0.0,0
grid_scan_paper,Grid Scan Paper,Tile_r046_c028,E1_raw_vlm,VLM,2026-06-27T01:07:07.390786+00:00,/home/nielsbroekhuizen/projects/my-vscode-project/outputs/case_study_2/runs/Tile_r046_c028/20260627_010707,12,9,point,9,9,3,0.3333,False,False,False,False,True,False,False,9.0,33.33333333333333,3
grid_scan_paper,Grid Scan Paper,Tile_r046_c028,E2_sam2_deterministic,SAM2 mask,2026-06-27T01:07:07.390786+00:00,/home/nielsbroekhuizen/projects/my-vscode-project/outputs/case_study_2/runs/Tile_r046_c028/20260627_010707,3,9,point,9,9,6,0.6667,False,False,False,False,False,False,False,9.0,66.66666666666666,-6
grid_scan_paper,Grid Scan Paper,Tile_r046_c028,E3_imggen_deterministic,ImgGen mask,2026-06-27T01:07:07.390786+00:00,/home/nielsbroekhuizen/projects/my-vscode-project/outputs/case_study_2/runs/Tile_r046_c028/20260627_010707,10,9,point,9,9,1,0.1111,False,False,True,True,True,False,False,9.0,11.11111111111111,1
grid_scan_paper,Grid Scan Paper,Tile_r046_c028,E4_sam2_overlay_vlm,SAM2 overlay,2026-06-27T01:07:07.390786+00:00,/home/nielsbroekhuizen/projects/my-vscode-project/outputs/case_study_2/runs/Tile_r046_c028/20260627_010707,16,9,point,9,9,7,0.7778,False,False,False,False,False,False,False,9.0,77.77777777777779,7
grid_scan_paper,Grid Scan Paper,Tile_r046_c028,E5_imggen_overlay_vlm,ImgGen overlay,2026-06-27T01:07:07.390786+00:00,/home/nielsbroekhuizen/projects/my-vscode-project/outputs/case_study_2/runs/Tile_r046_c028/20260627_010707,15,9,point,9,9,6,0.6667,False,False,False,False,False,False,False,9.0,66.66666666666666,6
grid_scan_paper,Grid Scan Paper,Tile_r046_c028,E6_sam3_deterministic,SAM3 mask,2026-06-27T01:07:07.390786+00:00,/home/nielsbroekhuizen/projects/my-vscode-project/outputs/case_study_2/runs/Tile_r046_c028/20260627_010707,9,9,point,9,9,0,0.0,True,True,True,True,True,True,True,9.0,0.0,0
grid_scan_paper,Grid Scan Paper,Tile_r046_c028,E7_sam3_overlay_vlm,SAM3 overlay,2026-06-27T01:07:07.390786+00:00,/home/nielsbroekhuizen/projects/my-vscode-project/outputs/case_study_2/runs/Tile_r046_c028/20260627_010707,10,9,point,9,9,1,0.1111,False,False,True,True,True,False,False,9.0,11.11111111111111,1
grid_scan_paper,Grid Scan Paper,Tile_r046_c029,E1_raw_vlm,VLM,2026-06-27T01:15:23.896301+00:00,/home/nielsbroekhuizen/projects/my-vscode-project/outputs/case_study_2/runs/Tile_r046_c029/20260627_011523,6,5,point,5,5,1,0.2,False,False,True,True,True,False,False,5.0,20.0,1
grid_scan_paper,Grid Scan Paper,Tile_r046_c029,E2_sam2_deterministic,SAM2 mask,2026-06-27T01:15:23.896301+00:00,/home/nielsbroekhuizen/projects/my-vscode-project/outputs/case_study_2/runs/Tile_r046_c029/20260627_011523,2,5,point,5,5,3,0.6,False,False,False,False,True,False,False,5.0,60.0,-3
grid_scan_paper,Grid Scan Paper,Tile_r046_c029,E3_imggen_deterministic,ImgGen mask,2026-06-27T01:15:23.896301+00:00,/home/nielsbroekhuizen/projects/my-vscode-project/outputs/case_study_2/runs/Tile_r046_c029/20260627_011523,5,5,point,5,5,0,0.0,True,True,True,True,True,True,True,5.0,0.0,0
grid_scan_paper,Grid Scan Paper,Tile_r046_c029,E4_sam2_overlay_vlm,SAM2 overlay,2026-06-27T01:15:23.896301+00:00,/home/nielsbroekhuizen/projects/my-vscode-project/outputs/case_study_2/runs/Tile_r046_c029/20260627_011523,8,5,point,5,5,3,0.6,False,False,False,False,True,False,False,5.0,60.0,3
grid_scan_paper,Grid Scan Paper,Tile_r046_c029,E5_imggen_overlay_vlm,ImgGen overlay,2026-06-27T01:15:23.896301+00:00,/home/nielsbroekhuizen/projects/my-vscode-project/outputs/case_study_2/runs/Tile_r046_c029/20260627_011523,5,5,point,5,5,0,0.0,True,True,True,True,True,True,True,5.0,0.0,0
grid_scan_paper,Grid Scan Paper,Tile_r046_c029,E6_sam3_deterministic,SAM3 mask,2026-06-27T01:15:23.896301+00:00,/home/nielsbroekhuizen/projects/my-vscode-project/outputs/case_study_2/runs/Tile_r046_c029/20260627_011523,0,5,point,5,5,5,1.0,False,False,False,False,False,False,False,5.0,100.0,-5
grid_scan_paper,Grid Scan Paper,Tile_r046_c029,E7_sam3_overlay_vlm,SAM3 overlay,2026-06-27T01:15:23.896301+00:00,/home/nielsbroekhuizen/projects/my-vscode-project/outputs/case_study_2/runs/Tile_r046_c029/20260627_011523,5,5,point,5,5,0,0.0,True,True,True,True,True,True,True,5.0,0.0,0
grid_scan_paper,Grid Scan Paper,Tile_r046_c030,E1_raw_vlm,VLM,2026-06-27T01:18:29.949221+00:00,/home/nielsbroekhuizen/projects/my-vscode-project/outputs/case_study_2/runs/Tile_r046_c030/20260627_011829,3,3,point,3,3,0,0.0,True,True,True,True,True,True,True,3.0,0.0,0
grid_scan_paper,Grid Scan Paper,Tile_r046_c030,E2_sam2_deterministic,SAM2 mask,2026-06-27T01:18:29.949221+00:00,/home/nielsbroekhuizen/projects/my-vscode-project/outputs/case_study_2/runs/Tile_r046_c030/20260627_011829,3,3,point,3,3,0,0.0,True,True,True,True,True,True,True,3.0,0.0,0
grid_scan_paper,Grid Scan Paper,Tile_r046_c030,E3_imggen_deterministic,ImgGen mask,2026-06-27T01:18:29.949221+00:00,/home/nielsbroekhuizen/projects/my-vscode-project/outputs/case_study_2/runs/Tile_r046_c030/20260627_011829,3,3,point,3,3,0,0.0,True,True,True,True,True,True,True,3.0,0.0,0
grid_scan_paper,Grid Scan Paper,Tile_r046_c030,E4_sam2_overlay_vlm,SAM2 overlay,2026-06-27T01:18:29.949221+00:00,/home/nielsbroekhuizen/projects/my-vscode-project/outputs/case_study_2/runs/Tile_r046_c030/20260627_011829,8,3,point,3,3,5,1.6667,False,False,False,False,False,False,False,3.0,166.66666666666669,5
grid_scan_paper,Grid Scan Paper,Tile_r046_c030,E5_imggen_overlay_vlm,ImgGen overlay,2026-06-27T01:18:29.949221+00:00,/home/nielsbroekhuizen/projects/my-vscode-project/outputs/case_study_2/runs/Tile_r046_c030/20260627_011829,3,3,point,3,3,0,0.0,True,True,True,True,True,True,True,3.0,0.0,0
grid_scan_paper,Grid Scan Paper,Tile_r046_c030,E6_sam3_deterministic,SAM3 mask,2026-06-27T01:18:29.949221+00:00,/home/nielsbroekhuizen/projects/my-vscode-project/outputs/case_study_2/runs/Tile_r046_c030/20260627_011829,3,3,point,3,3,0,0.0,True,True,True,True,True,True,True,3.0,0.0,0
grid_scan_paper,Grid Scan Paper,Tile_r046_c030,E7_sam3_overlay_vlm,SAM3 overlay,2026-06-27T01:18:29.949221+00:00,/home/nielsbroekhuizen/projects/my-vscode-project/outputs/case_study_2/runs/Tile_r046_c030/20260627_011829,3,3,point,3,3,0,0.0,True,True,True,True,True,True,True,3.0,0.0,0
grid_scan_paper,Grid Scan Paper,Tile_r046_c032,E1_raw_vlm,VLM,2026-06-27T01:21:28.322841+00:00,/home/nielsbroekhuizen/projects/my-vscode-project/outputs/case_study_2/runs/Tile_r046_c032/20260627_012128,6,4,point,4,4,2,0.5,False,False,False,True,True,False,False,4.0,50.0,2
grid_scan_paper,Grid Scan Paper,Tile_r046_c032,E2_sam2_deterministic,SAM2 mask,2026-06-27T01:21:28.322841+00:00,/home/nielsbroekhuizen/projects/my-vscode-project/outputs/case_study_2/runs/Tile_r046_c032/20260627_012128,4,4,point,4,4,0,0.0,True,True,True,True,True,True,True,4.0,0.0,0
grid_scan_paper,Grid Scan Paper,Tile_r046_c032,E3_imggen_deterministic,ImgGen mask,2026-06-27T01:21:28.322841+00:00,/home/nielsbroekhuizen/projects/my-vscode-project/outputs/case_study_2/runs/Tile_r046_c032/20260627_012128,5,4,point,4,4,1,0.25,False,False,True,True,True,False,False,4.0,25.0,1
grid_scan_paper,Grid Scan Paper,Tile_r046_c032,E4_sam2_overlay_vlm,SAM2 overlay,2026-06-27T01:21:28.322841+00:00,/home/nielsbroekhuizen/projects/my-vscode-project/outputs/case_study_2/runs/Tile_r046_c032/20260627_012128,7,4,point,4,4,3,0.75,False,False,False,False,True,False,False,4.0,75.0,3
grid_scan_paper,Grid Scan Paper,Tile_r046_c032,E5_imggen_overlay_vlm,ImgGen overlay,2026-06-27T01:21:28.322841+00:00,/home/nielsbroekhuizen/projects/my-vscode-project/outputs/case_study_2/runs/Tile_r046_c032/20260627_012128,4,4,point,4,4,0,0.0,True,True,True,True,True,True,True,4.0,0.0,0
grid_scan_paper,Grid Scan Paper,Tile_r046_c032,E6_sam3_deterministic,SAM3 mask,2026-06-27T01:21:28.322841+00:00,/home/nielsbroekhuizen/projects/my-vscode-project/outputs/case_study_2/runs/Tile_r046_c032/20260627_012128,4,4,point,4,4,0,0.0,True,True,True,True,True,True,True,4.0,0.0,0
grid_scan_paper,Grid Scan Paper,Tile_r046_c032,E7_sam3_overlay_vlm,SAM3 overlay,2026-06-27T01:21:28.322841+00:00,/home/nielsbroekhuizen/projects/my-vscode-project/outputs/case_study_2/runs/Tile_r046_c032/20260627_012128,4,4,point,4,4,0,0.0,True,True,True,True,True,True,True,4.0,0.0,0
grid_scan_paper,Grid Scan Paper,Tile_r046_c034,E1_raw_vlm,VLM,2026-06-27T01:24:24.937296+00:00,/home/nielsbroekhuizen/projects/my-vscode-project/outputs/case_study_2/runs/Tile_r046_c034/20260627_012424,2,2,point,2,2,0,0.0,True,True,True,True,True,True,True,2.0,0.0,0
grid_scan_paper,Grid Scan Paper,Tile_r046_c034,E2_sam2_deterministic,SAM2 mask,2026-06-27T01:24:24.937296+00:00,/home/nielsbroekhuizen/projects/my-vscode-project/outputs/case_study_2/runs/Tile_r046_c034/20260627_012424,2,2,point,2,2,0,0.0,True,True,True,True,True,True,True,2.0,0.0,0
grid_scan_paper,Grid Scan Paper,Tile_r046_c034,E3_imggen_deterministic,ImgGen mask,2026-06-27T01:24:24.937296+00:00,/home/nielsbroekhuizen/projects/my-vscode-project/outputs/case_study_2/runs/Tile_r046_c034/20260627_012424,2,2,point,2,2,0,0.0,True,True,True,True,True,True,True,2.0,0.0,0
grid_scan_paper,Grid Scan Paper,Tile_r046_c034,E4_sam2_overlay_vlm,SAM2 overlay,2026-06-27T01:24:24.937296+00:00,/home/nielsbroekhuizen/projects/my-vscode-project/outputs/case_study_2/runs/Tile_r046_c034/20260627_012424,4,2,point,2,2,2,1.0,False,False,False,True,True,False,False,2.0,100.0,2
grid_scan_paper,Grid Scan Paper,Tile_r046_c034,E5_imggen_overlay_vlm,ImgGen overlay,2026-06-27T01:24:24.937296+00:00,/home/nielsbroekhuizen/projects/my-vscode-project/outputs/case_study_2/runs/Tile_r046_c034/20260627_012424,2,2,point,2,2,0,0.0,True,True,True,True,True,True,True,2.0,0.0,0
grid_scan_paper,Grid Scan Paper,Tile_r046_c034,E6_sam3_deterministic,SAM3 mask,2026-06-27T01:24:24.937296+00:00,/home/nielsbroekhuizen/projects/my-vscode-project/outputs/case_study_2/runs/Tile_r046_c034/20260627_012424,0,2,point,2,2,2,1.0,False,False,False,True,True,False,False,2.0,100.0,-2
grid_scan_paper,Grid Scan Paper,Tile_r046_c034,E7_sam3_overlay_vlm,SAM3 overlay,2026-06-27T01:24:24.937296+00:00,/home/nielsbroekhuizen/projects/my-vscode-project/outputs/case_study_2/runs/Tile_r046_c034/20260627_012424,2,2,point,2,2,0,0.0,True,True,True,True,True,True,True,2.0,0.0,0
grid_scan_paper,Grid Scan Paper,Tile_r046_c036,E1_raw_vlm,VLM,2026-06-27T01:27:25.393018+00:00,/home/nielsbroekhuizen/projects/my-vscode-project/outputs/case_study_2/runs/Tile_r046_c036/20260627_012725,5,4,point,4,4,1,0.25,False,False,True,True,True,False,False,4.0,25.0,1
grid_scan_paper,Grid Scan Paper,Tile_r046_c036,E2_sam2_deterministic,SAM2 mask,2026-06-27T01:27:25.393018+00:00,/home/nielsbroekhuizen/projects/my-vscode-project/outputs/case_study_2/runs/Tile_r046_c036/20260627_012725,4,4,point,4,4,0,0.0,True,True,True,True,True,True,True,4.0,0.0,0
grid_scan_paper,Grid Scan Paper,Tile_r046_c036,E3_imggen_deterministic,ImgGen mask,2026-06-27T01:27:25.393018+00:00,/home/nielsbroekhuizen/projects/my-vscode-project/outputs/case_study_2/runs/Tile_r046_c036/20260627_012725,4,4,point,4,4,0,0.0,True,True,True,True,True,True,True,4.0,0.0,0
grid_scan_paper,Grid Scan Paper,Tile_r046_c036,E4_sam2_overlay_vlm,SAM2 overlay,2026-06-27T01:27:25.393018+00:00,/home/nielsbroekhuizen/projects/my-vscode-project/outputs/case_study_2/runs/Tile_r046_c036/20260627_012725,11,4,point,4,4,7,1.75,False,False,False,False,False,False,False,4.0,175.0,7
grid_scan_paper,Grid Scan Paper,Tile_r046_c036,E5_imggen_overlay_vlm,ImgGen overlay,2026-06-27T01:27:25.393018+00:00,/home/nielsbroekhuizen/projects/my-vscode-project/outputs/case_study_2/runs/Tile_r046_c036/20260627_012725,4,4,point,4,4,0,0.0,True,True,True,True,True,True,True,4.0,0.0,0
grid_scan_paper,Grid Scan Paper,Tile_r046_c036,E6_sam3_deterministic,SAM3 mask,2026-06-27T01:27:25.393018+00:00,/home/nielsbroekhuizen/projects/my-vscode-project/outputs/case_study_2/runs/Tile_r046_c036/20260627_012725,4,4,point,4,4,0,0.0,True,True,True,True,True,True,True,4.0,0.0,0
grid_scan_paper,Grid Scan Paper,Tile_r046_c036,E7_sam3_overlay_vlm,SAM3 overlay,2026-06-27T01:27:25.393018+00:00,/home/nielsbroekhuizen/projects/my-vscode-project/outputs/case_study_2/runs/Tile_r046_c036/20260627_012725,8,4,point,4,4,4,1.0,False,False,False,False,False,False,False,4.0,100.0,4
grid_scan_paper,Grid Scan Paper,Tile_r046_c038,E1_raw_vlm,VLM,2026-06-27T01:32:25.676964+00:00,/home/nielsbroekhuizen/projects/my-vscode-project/outputs/case_study_2/runs/Tile_r046_c038/20260627_013225,3,3,point,3,3,0,0.0,True,True,True,True,True,True,True,3.0,0.0,0
grid_scan_paper,Grid Scan Paper,Tile_r046_c038,E2_sam2_deterministic,SAM2 mask,2026-06-27T01:32:25.676964+00:00,/home/nielsbroekhuizen/projects/my-vscode-project/outputs/case_study_2/runs/Tile_r046_c038/20260627_013225,2,3,point,3,3,1,0.3333,False,False,True,True,True,False,False,3.0,33.33333333333333,-1
grid_scan_paper,Grid Scan Paper,Tile_r046_c038,E3_imggen_deterministic,ImgGen mask,2026-06-27T01:32:25.676964+00:00,/home/nielsbroekhuizen/projects/my-vscode-project/outputs/case_study_2/runs/Tile_r046_c038/20260627_013225,4,3,point,3,3,1,0.3333,False,False,True,True,True,False,False,3.0,33.33333333333333,1
grid_scan_paper,Grid Scan Paper,Tile_r046_c038,E4_sam2_overlay_vlm,SAM2 overlay,2026-06-27T01:32:25.676964+00:00,/home/nielsbroekhuizen/projects/my-vscode-project/outputs/case_study_2/runs/Tile_r046_c038/20260627_013225,11,3,point,3,3,8,2.6667,False,False,False,False,False,False,False,3.0,266.66666666666663,8
grid_scan_paper,Grid Scan Paper,Tile_r046_c038,E5_imggen_overlay_vlm,ImgGen overlay,2026-06-27T01:32:25.676964+00:00,/home/nielsbroekhuizen/projects/my-vscode-project/outputs/case_study_2/runs/Tile_r046_c038/20260627_013225,3,3,point,3,3,0,0.0,True,True,True,True,True,True,True,3.0,0.0,0
grid_scan_paper,Grid Scan Paper,Tile_r046_c038,E6_sam3_deterministic,SAM3 mask,2026-06-27T01:32:25.676964+00:00,/home/nielsbroekhuizen/projects/my-vscode-project/outputs/case_study_2/runs/Tile_r046_c038/20260627_013225,3,3,point,3,3,0,0.0,True,True,True,True,True,True,True,3.0,0.0,0
grid_scan_paper,Grid Scan Paper,Tile_r046_c038,E7_sam3_overlay_vlm,SAM3 overlay,2026-06-27T01:32:25.676964+00:00,/home/nielsbroekhuizen/projects/my-vscode-project/outputs/case_study_2/runs/Tile_r046_c038/20260627_013225,4,3,point,3,3,1,0.3333,False,False,True,True,True,False,False,3.0,33.33333333333333,1
grid_scan_paper,Grid Scan Paper,Tile_r046_c040,E1_raw_vlm,VLM,2026-06-27T01:35:23.925640+00:00,/home/nielsbroekhuizen/projects/my-vscode-project/outputs/case_study_2/runs/Tile_r046_c040/20260627_013523,5,3,point,3,3,2,0.6667,False,False,False,True,True,False,False,3.0,66.66666666666666,2
grid_scan_paper,Grid Scan Paper,Tile_r046_c040,E2_sam2_deterministic,SAM2 mask,2026-06-27T01:35:23.925640+00:00,/home/nielsbroekhuizen/projects/my-vscode-project/outputs/case_study_2/runs/Tile_r046_c040/20260627_013523,5,3,point,3,3,2,0.6667,False,False,False,True,True,False,False,3.0,66.66666666666666,2
grid_scan_paper,Grid Scan Paper,Tile_r046_c040,E3_imggen_deterministic,ImgGen mask,2026-06-27T01:35:23.925640+00:00,/home/nielsbroekhuizen/projects/my-vscode-project/outputs/case_study_2/runs/Tile_r046_c040/20260627_013523,3,3,point,3,3,0,0.0,True,True,True,True,True,True,True,3.0,0.0,0
grid_scan_paper,Grid Scan Paper,Tile_r046_c040,E4_sam2_overlay_vlm,SAM2 overlay,2026-06-27T01:35:23.925640+00:00,/home/nielsbroekhuizen/projects/my-vscode-project/outputs/case_study_2/runs/Tile_r046_c040/20260627_013523,5,3,point,3,3,2,0.6667,False,False,False,True,True,False,False,3.0,66.66666666666666,2
grid_scan_paper,Grid Scan Paper,Tile_r046_c040,E5_imggen_overlay_vlm,ImgGen overlay,2026-06-27T01:35:23.925640+00:00,/home/nielsbroekhuizen/projects/my-vscode-project/outputs/case_study_2/runs/Tile_r046_c040/20260627_013523,3,3,point,3,3,0,0.0,True,True,True,True,True,True,True,3.0,0.0,0
grid_scan_paper,Grid Scan Paper,Tile_r046_c040,E6_sam3_deterministic,SAM3 mask,2026-06-27T01:35:23.925640+00:00,/home/nielsbroekhuizen/projects/my-vscode-project/outputs/case_study_2/runs/Tile_r046_c040/20260627_013523,0,3,point,3,3,3,1.0,False,False,False,False,True,False,False,3.0,100.0,-3
grid_scan_paper,Grid Scan Paper,Tile_r046_c040,E7_sam3_overlay_vlm,SAM3 overlay,2026-06-27T01:35:23.925640+00:00,/home/nielsbroekhuizen/projects/my-vscode-project/outputs/case_study_2/runs/Tile_r046_c040/20260627_013523,3,3,point,3,3,0,0.0,True,True,True,True,True,True,True,3.0,0.0,0
grid_scan_paper,Grid Scan Paper,Tile_r046_c041,E1_raw_vlm,VLM,2026-06-27T01:39:46.984195+00:00,/home/nielsbroekhuizen/projects/my-vscode-project/outputs/case_study_2/runs/Tile_r046_c041/20260627_013946,6,6,point,6,6,0,0.0,True,True,True,True,True,True,True,6.0,0.0,0
grid_scan_paper,Grid Scan Paper,Tile_r046_c041,E2_sam2_deterministic,SAM2 mask,2026-06-27T01:39:46.984195+00:00,/home/nielsbroekhuizen/projects/my-vscode-project/outputs/case_study_2/runs/Tile_r046_c041/20260627_013946,4,6,point,6,6,2,0.3333,False,False,False,True,True,False,False,6.0,33.33333333333333,-2
grid_scan_paper,Grid Scan Paper,Tile_r046_c041,E3_imggen_deterministic,ImgGen mask,2026-06-27T01:39:46.984195+00:00,/home/nielsbroekhuizen/projects/my-vscode-project/outputs/case_study_2/runs/Tile_r046_c041/20260627_013946,6,6,point,6,6,0,0.0,True,True,True,True,True,True,True,6.0,0.0,0
grid_scan_paper,Grid Scan Paper,Tile_r046_c041,E4_sam2_overlay_vlm,SAM2 overlay,2026-06-27T01:39:46.984195+00:00,/home/nielsbroekhuizen/projects/my-vscode-project/outputs/case_study_2/runs/Tile_r046_c041/20260627_013946,10,6,point,6,6,4,0.6667,False,False,False,False,False,False,False,6.0,66.66666666666666,4
grid_scan_paper,Grid Scan Paper,Tile_r046_c041,E5_imggen_overlay_vlm,ImgGen overlay,2026-06-27T01:39:46.984195+00:00,/home/nielsbroekhuizen/projects/my-vscode-project/outputs/case_study_2/runs/Tile_r046_c041/20260627_013946,6,6,point,6,6,0,0.0,True,True,True,True,True,True,True,6.0,0.0,0
grid_scan_paper,Grid Scan Paper,Tile_r046_c041,E6_sam3_deterministic,SAM3 mask,2026-06-27T01:39:46.984195+00:00,/home/nielsbroekhuizen/projects/my-vscode-project/outputs/case_study_2/runs/Tile_r046_c041/20260627_013946,6,6,point,6,6,0,0.0,True,True,True,True,True,True,True,6.0,0.0,0
grid_scan_paper,Grid Scan Paper,Tile_r046_c041,E7_sam3_overlay_vlm,SAM3 overlay,2026-06-27T01:39:46.984195+00:00,/home/nielsbroekhuizen/projects/my-vscode-project/outputs/case_study_2/runs/Tile_r046_c041/20260627_013946,6,6,point,6,6,0,0.0,True,True,True,True,True,True,True,6.0,0.0,0
grid_scan_paper,Grid Scan Paper,Tile_r046_c042,E1_raw_vlm,VLM,2026-06-27T01:43:00.281055+00:00,/home/nielsbroekhuizen/projects/my-vscode-project/outputs/case_study_2/runs/Tile_r046_c042/20260627_014300,3,1,point,1,1,2,2.0,False,False,False,True,True,False,False,1.0,200.0,2
grid_scan_paper,Grid Scan Paper,Tile_r046_c042,E2_sam2_deterministic,SAM2 mask,2026-06-27T01:43:00.281055+00:00,/home/nielsbroekhuizen/projects/my-vscode-project/outputs/case_study_2/runs/Tile_r046_c042/20260627_014300,2,1,point,1,1,1,1.0,False,False,True,True,True,False,False,1.0,100.0,1
grid_scan_paper,Grid Scan Paper,Tile_r046_c042,E3_imggen_deterministic,ImgGen mask,2026-06-27T01:43:00.281055+00:00,/home/nielsbroekhuizen/projects/my-vscode-project/outputs/case_study_2/runs/Tile_r046_c042/20260627_014300,4,1,point,1,1,3,3.0,False,False,False,False,True,False,False,1.0,300.0,3
grid_scan_paper,Grid Scan Paper,Tile_r046_c042,E4_sam2_overlay_vlm,SAM2 overlay,2026-06-27T01:43:00.281055+00:00,/home/nielsbroekhuizen/projects/my-vscode-project/outputs/case_study_2/runs/Tile_r046_c042/20260627_014300,3,1,point,1,1,2,2.0,False,False,False,True,True,False,False,1.0,200.0,2
grid_scan_paper,Grid Scan Paper,Tile_r046_c042,E5_imggen_overlay_vlm,ImgGen overlay,2026-06-27T01:43:00.281055+00:00,/home/nielsbroekhuizen/projects/my-vscode-project/outputs/case_study_2/runs/Tile_r046_c042/20260627_014300,22,1,point,1,1,21,21.0,False,False,False,False,False,False,False,1.0,2100.0,21
grid_scan_paper,Grid Scan Paper,Tile_r046_c042,E6_sam3_deterministic,SAM3 mask,2026-06-27T01:43:00.281055+00:00,/home/nielsbroekhuizen/projects/my-vscode-project/outputs/case_study_2/runs/Tile_r046_c042/20260627_014300,0,1,point,1,1,1,1.0,False,False,True,True,True,False,False,1.0,100.0,-1
grid_scan_paper,Grid Scan Paper,Tile_r046_c042,E7_sam3_overlay_vlm,SAM3 overlay,2026-06-27T01:43:00.281055+00:00,/home/nielsbroekhuizen/projects/my-vscode-project/outputs/case_study_2/runs/Tile_r046_c042/20260627_014300,0,1,point,1,1,1,1.0,False,False,True,True,True,False,False,1.0,100.0,-1
grid_scan_paper,Grid Scan Paper,Tile_r046_c043,E1_raw_vlm,VLM,2026-06-27T01:47:23.024015+00:00,/home/nielsbroekhuizen/projects/my-vscode-project/outputs/case_study_2/runs/Tile_r046_c043/20260627_014723,10,8,point,8,8,2,0.25,False,False,False,True,True,False,False,8.0,25.0,2
grid_scan_paper,Grid Scan Paper,Tile_r046_c043,E2_sam2_deterministic,SAM2 mask,2026-06-27T01:47:23.024015+00:00,/home/nielsbroekhuizen/projects/my-vscode-project/outputs/case_study_2/runs/Tile_r046_c043/20260627_014723,11,8,point,8,8,3,0.375,False,False,False,False,True,False,False,8.0,37.5,3
grid_scan_paper,Grid Scan Paper,Tile_r046_c043,E3_imggen_deterministic,ImgGen mask,2026-06-27T01:47:23.024015+00:00,/home/nielsbroekhuizen/projects/my-vscode-project/outputs/case_study_2/runs/Tile_r046_c043/20260627_014723,14,8,point,8,8,6,0.75,False,False,False,False,False,False,False,8.0,75.0,6
grid_scan_paper,Grid Scan Paper,Tile_r046_c043,E4_sam2_overlay_vlm,SAM2 overlay,2026-06-27T01:47:23.024015+00:00,/home/nielsbroekhuizen/projects/my-vscode-project/outputs/case_study_2/runs/Tile_r046_c043/20260627_014723,26,8,point,8,8,18,2.25,False,False,False,False,False,False,False,8.0,225.0,18
grid_scan_paper,Grid Scan Paper,Tile_r046_c043,E5_imggen_overlay_vlm,ImgGen overlay,2026-06-27T01:47:23.024015+00:00,/home/nielsbroekhuizen/projects/my-vscode-project/outputs/case_study_2/runs/Tile_r046_c043/20260627_014723,28,8,point,8,8,20,2.5,False,False,False,False,False,False,False,8.0,250.0,20
grid_scan_paper,Grid Scan Paper,Tile_r046_c043,E6_sam3_deterministic,SAM3 mask,2026-06-27T01:47:23.024015+00:00,/home/nielsbroekhuizen/projects/my-vscode-project/outputs/case_study_2/runs/Tile_r046_c043/20260627_014723,14,8,point,8,8,6,0.75,False,False,False,False,False,False,False,8.0,75.0,6
grid_scan_paper,Grid Scan Paper,Tile_r046_c043,E7_sam3_overlay_vlm,SAM3 overlay,2026-06-27T01:47:23.024015+00:00,/home/nielsbroekhuizen/projects/my-vscode-project/outputs/case_study_2/runs/Tile_r046_c043/20260627_014723,15,8,point,8,8,7,0.875,False,False,False,False,False,False,False,8.0,87.5,7
grid_scan_paper,Grid Scan Paper,Tile_r046_c045,E1_raw_vlm,VLM,2026-06-27T01:55:46.687011+00:00,/home/nielsbroekhuizen/projects/my-vscode-project/outputs/case_study_2/runs/Tile_r046_c045/20260627_015546,3,3,point,3,3,0,0.0,True,True,True,True,True,True,True,3.0,0.0,0
grid_scan_paper,Grid Scan Paper,Tile_r046_c045,E2_sam2_deterministic,SAM2 mask,2026-06-27T01:55:46.687011+00:00,/home/nielsbroekhuizen/projects/my-vscode-project/outputs/case_study_2/runs/Tile_r046_c045/20260627_015546,1,3,point,3,3,2,0.6667,False,False,False,True,True,False,False,3.0,66.66666666666666,-2
grid_scan_paper,Grid Scan Paper,Tile_r046_c045,E3_imggen_deterministic,ImgGen mask,2026-06-27T01:55:46.687011+00:00,/home/nielsbroekhuizen/projects/my-vscode-project/outputs/case_study_2/runs/Tile_r046_c045/20260627_015546,1,3,point,3,3,2,0.6667,False,False,False,True,True,False,False,3.0,66.66666666666666,-2
grid_scan_paper,Grid Scan Paper,Tile_r046_c045,E4_sam2_overlay_vlm,SAM2 overlay,2026-06-27T01:55:46.687011+00:00,/home/nielsbroekhuizen/projects/my-vscode-project/outputs/case_study_2/runs/Tile_r046_c045/20260627_015546,3,3,point,3,3,0,0.0,True,True,True,True,True,True,True,3.0,0.0,0
grid_scan_paper,Grid Scan Paper,Tile_r046_c045,E5_imggen_overlay_vlm,ImgGen overlay,2026-06-27T01:55:46.687011+00:00,/home/nielsbroekhuizen/projects/my-vscode-project/outputs/case_study_2/runs/Tile_r046_c045/20260627_015546,1,3,point,3,3,2,0.6667,False,False,False,True,True,False,False,3.0,66.66666666666666,-2
grid_scan_paper,Grid Scan Paper,Tile_r046_c045,E6_sam3_deterministic,SAM3 mask,2026-06-27T01:55:46.687011+00:00,/home/nielsbroekhuizen/projects/my-vscode-project/outputs/case_study_2/runs/Tile_r046_c045/20260627_015546,0,3,point,3,3,3,1.0,False,False,False,False,True,False,False,3.0,100.0,-3
grid_scan_paper,Grid Scan Paper,Tile_r046_c045,E7_sam3_overlay_vlm,SAM3 overlay,2026-06-27T01:55:46.687011+00:00,/home/nielsbroekhuizen/projects/my-vscode-project/outputs/case_study_2/runs/Tile_r046_c045/20260627_015546,3,3,point,3,3,0,0.0,True,True,True,True,True,True,True,3.0,0.0,0
grid_scan_paper,Grid Scan Paper,Tile_r046_c048,E1_raw_vlm,VLM,2026-06-27T01:58:50.531499+00:00,/home/nielsbroekhuizen/projects/my-vscode-project/outputs/case_study_2/runs/Tile_r046_c048/20260627_015850,1,1,point,1,1,0,0.0,True,True,True,True,True,True,True,1.0,0.0,0
grid_scan_paper,Grid Scan Paper,Tile_r046_c048,E2_sam2_deterministic,SAM2 mask,2026-06-27T01:58:50.531499+00:00,/home/nielsbroekhuizen/projects/my-vscode-project/outputs/case_study_2/runs/Tile_r046_c048/20260627_015850,3,1,point,1,1,2,2.0,False,False,False,True,True,False,False,1.0,200.0,2
grid_scan_paper,Grid Scan Paper,Tile_r046_c048,E3_imggen_deterministic,ImgGen mask,2026-06-27T01:58:50.531499+00:00,/home/nielsbroekhuizen/projects/my-vscode-project/outputs/case_study_2/runs/Tile_r046_c048/20260627_015850,1,1,point,1,1,0,0.0,True,True,True,True,True,True,True,1.0,0.0,0
grid_scan_paper,Grid Scan Paper,Tile_r046_c048,E4_sam2_overlay_vlm,SAM2 overlay,2026-06-27T01:58:50.531499+00:00,/home/nielsbroekhuizen/projects/my-vscode-project/outputs/case_study_2/runs/Tile_r046_c048/20260627_015850,15,1,point,1,1,14,14.0,False,False,False,False,False,False,False,1.0,1400.0,14
grid_scan_paper,Grid Scan Paper,Tile_r046_c048,E5_imggen_overlay_vlm,ImgGen overlay,2026-06-27T01:58:50.531499+00:00,/home/nielsbroekhuizen/projects/my-vscode-project/outputs/case_study_2/runs/Tile_r046_c048/20260627_015850,13,1,point,1,1,12,12.0,False,False,False,False,False,False,False,1.0,1200.0,12
grid_scan_paper,Grid Scan Paper,Tile_r046_c048,E6_sam3_deterministic,SAM3 mask,2026-06-27T01:58:50.531499+00:00,/home/nielsbroekhuizen/projects/my-vscode-project/outputs/case_study_2/runs/Tile_r046_c048/20260627_015850,1,1,point,1,1,0,0.0,True,True,True,True,True,True,True,1.0,0.0,0
grid_scan_paper,Grid Scan Paper,Tile_r046_c048,E7_sam3_overlay_vlm,SAM3 overlay,2026-06-27T01:58:50.531499+00:00,/home/nielsbroekhuizen/projects/my-vscode-project/outputs/case_study_2/runs/Tile_r046_c048/20260627_015850,1,1,point,1,1,0,0.0,True,True,True,True,True,True,True,1.0,0.0,0
validation_unc_luca,Rettenberger Uncertainty,luca_unc_high_mag_000,E1_raw_vlm,VLM,2026-06-28T12:49:56.777034+00:00,/home/nielsbroekhuizen/projects/my-vscode-project/outputs/case_study_2/runs/luca_unc_high_mag_000/20260628_124956,0,0,interval,0,2,0,0.0,True,True,True,True,True,True,True,1.0,0.0,0
validation_unc_luca,Rettenberger Uncertainty,luca_unc_high_mag_000,E2_sam2_deterministic,SAM2 mask,2026-06-28T12:49:56.777034+00:00,/home/nielsbroekhuizen/projects/my-vscode-project/outputs/case_study_2/runs/luca_unc_high_mag_000/20260628_124956,32,0,interval,0,2,30,30.0,False,False,False,False,False,False,False,1.0,3000.0,32
validation_unc_luca,Rettenberger Uncertainty,luca_unc_high_mag_000,E3_imggen_deterministic,ImgGen mask,2026-06-28T12:49:56.777034+00:00,/home/nielsbroekhuizen/projects/my-vscode-project/outputs/case_study_2/runs/luca_unc_high_mag_000/20260628_124956,4,0,interval,0,2,2,2.0,False,False,False,True,True,False,False,1.0,200.0,4
validation_unc_luca,Rettenberger Uncertainty,luca_unc_high_mag_000,E4_sam2_overlay_vlm,SAM2 overlay,2026-06-28T12:49:56.777034+00:00,/home/nielsbroekhuizen/projects/my-vscode-project/outputs/case_study_2/runs/luca_unc_high_mag_000/20260628_124956,4,0,interval,0,2,2,2.0,False,False,False,True,True,False,False,1.0,200.0,4
validation_unc_luca,Rettenberger Uncertainty,luca_unc_high_mag_000,E5_imggen_overlay_vlm,ImgGen overlay,2026-06-28T12:49:56.777034+00:00,/home/nielsbroekhuizen/projects/my-vscode-project/outputs/case_study_2/runs/luca_unc_high_mag_000/20260628_124956,4,0,interval,0,2,2,2.0,False,False,False,True,True,False,False,1.0,200.0,4
validation_unc_luca,Rettenberger Uncertainty,luca_unc_high_mag_000,E6_sam3_deterministic,SAM3 mask,2026-06-28T12:49:56.777034+00:00,/home/nielsbroekhuizen/projects/my-vscode-project/outputs/case_study_2/runs/luca_unc_high_mag_000/20260628_124956,0,0,interval,0,2,0,0.0,True,True,True,True,True,True,True,1.0,0.0,0
validation_unc_luca,Rettenberger Uncertainty,luca_unc_high_mag_000,E7_sam3_overlay_vlm,SAM3 overlay,2026-06-28T12:49:56.777034+00:00,/home/nielsbroekhuizen/projects/my-vscode-project/outputs/case_study_2/runs/luca_unc_high_mag_000/20260628_124956,0,0,interval,0,2,0,0.0,True,True,True,True,True,True,True,1.0,0.0,0
validation_unc_luca,Rettenberger Uncertainty,luca_unc_high_mag_001,E1_raw_vlm,VLM,2026-06-28T12:53:35.021373+00:00,/home/nielsbroekhuizen/projects/my-vscode-project/outputs/case_study_2/runs/luca_unc_high_mag_001/20260628_125335,0,8,interval,8,28,8,0.4444,False,False,False,False,False,False,False,18.0,44.44444444444444,-8
validation_unc_luca,Rettenberger Uncertainty,luca_unc_high_mag_001,E2_sam2_deterministic,SAM2 mask,2026-06-28T12:53:35.021373+00:00,/home/nielsbroekhuizen/projects/my-vscode-project/outputs/case_study_2/runs/luca_unc_high_mag_001/20260628_125335,10,8,interval,8,28,0,0.0,True,True,True,True,True,True,True,18.0,0.0,2
validation_unc_luca,Rettenberger Uncertainty,luca_unc_high_mag_001,E3_imggen_deterministic,ImgGen mask,2026-06-28T12:53:35.021373+00:00,/home/nielsbroekhuizen/projects/my-vscode-project/outputs/case_study_2/runs/luca_unc_high_mag_001/20260628_125335,18,8,interval,8,28,0,0.0,True,True,True,True,True,True,True,18.0,0.0,10
validation_unc_luca,Rettenberger Uncertainty,luca_unc_high_mag_001,E4_sam2_overlay_vlm,SAM2 overlay,2026-06-28T12:53:35.021373+00:00,/home/nielsbroekhuizen/projects/my-vscode-project/outputs/case_study_2/runs/luca_unc_high_mag_001/20260628_125335,12,8,interval,8,28,0,0.0,True,True,True,True,True,True,True,18.0,0.0,4
validation_unc_luca,Rettenberger Uncertainty,luca_unc_high_mag_001,E5_imggen_overlay_vlm,ImgGen overlay,2026-06-28T12:53:35.021373+00:00,/home/nielsbroekhuizen/projects/my-vscode-project/outputs/case_study_2/runs/luca_unc_high_mag_001/20260628_125335,17,8,interval,8,28,0,0.0,True,True,True,True,True,True,True,18.0,0.0,9
validation_unc_luca,Rettenberger Uncertainty,luca_unc_high_mag_001,E6_sam3_deterministic,SAM3 mask,2026-06-28T12:53:35.021373+00:00,/home/nielsbroekhuizen/projects/my-vscode-project/outputs/case_study_2/runs/luca_unc_high_mag_001/20260628_125335,13,8,interval,8,28,0,0.0,True,True,True,True,True,True,True,18.0,0.0,5
validation_unc_luca,Rettenberger Uncertainty,luca_unc_high_mag_001,E7_sam3_overlay_vlm,SAM3 overlay,2026-06-28T12:53:35.021373+00:00,/home/nielsbroekhuizen/projects/my-vscode-project/outputs/case_study_2/runs/luca_unc_high_mag_001/20260628_125335,12,8,interval,8,28,0,0.0,True,True,True,True,True,True,True,18.0,0.0,4
validation_unc_luca,Rettenberger Uncertainty,luca_unc_high_mag_002,E1_raw_vlm,VLM,2026-06-28T12:58:06.446335+00:00,/home/nielsbroekhuizen/projects/my-vscode-project/outputs/case_study_2/runs/luca_unc_high_mag_002/20260628_125806,0,4,interval,4,14,4,0.4444,False,False,False,False,False,False,False,9.0,44.44444444444444,-4
validation_unc_luca,Rettenberger Uncertainty,luca_unc_high_mag_002,E2_sam2_deterministic,SAM2 mask,2026-06-28T12:58:06.446335+00:00,/home/nielsbroekhuizen/projects/my-vscode-project/outputs/case_study_2/runs/luca_unc_high_mag_002/20260628_125806,16,4,interval,4,14,2,0.2222,False,False,False,True,True,False,False,9.0,22.22222222222222,12
validation_unc_luca,Rettenberger Uncertainty,luca_unc_high_mag_002,E3_imggen_deterministic,ImgGen mask,2026-06-28T12:58:06.446335+00:00,/home/nielsbroekhuizen/projects/my-vscode-project/outputs/case_study_2/runs/luca_unc_high_mag_002/20260628_125806,15,4,interval,4,14,1,0.1111,False,False,True,True,True,False,False,9.0,11.11111111111111,11
validation_unc_luca,Rettenberger Uncertainty,luca_unc_high_mag_002,E4_sam2_overlay_vlm,SAM2 overlay,2026-06-28T12:58:06.446335+00:00,/home/nielsbroekhuizen/projects/my-vscode-project/outputs/case_study_2/runs/luca_unc_high_mag_002/20260628_125806,16,4,interval,4,14,2,0.2222,False,False,False,True,True,False,False,9.0,22.22222222222222,12
validation_unc_luca,Rettenberger Uncertainty,luca_unc_high_mag_002,E5_imggen_overlay_vlm,ImgGen overlay,2026-06-28T12:58:06.446335+00:00,/home/nielsbroekhuizen/projects/my-vscode-project/outputs/case_study_2/runs/luca_unc_high_mag_002/20260628_125806,40,4,interval,4,14,26,2.8889,False,False,False,False,False,False,False,9.0,288.88888888888886,36
validation_unc_luca,Rettenberger Uncertainty,luca_unc_high_mag_002,E6_sam3_deterministic,SAM3 mask,2026-06-28T12:58:06.446335+00:00,/home/nielsbroekhuizen/projects/my-vscode-project/outputs/case_study_2/runs/luca_unc_high_mag_002/20260628_125806,9,4,interval,4,14,0,0.0,True,True,True,True,True,True,True,9.0,0.0,5
validation_unc_luca,Rettenberger Uncertainty,luca_unc_high_mag_002,E7_sam3_overlay_vlm,SAM3 overlay,2026-06-28T12:58:06.446335+00:00,/home/nielsbroekhuizen/projects/my-vscode-project/outputs/case_study_2/runs/luca_unc_high_mag_002/20260628_125806,7,4,interval,4,14,0,0.0,True,True,True,True,True,True,True,9.0,0.0,3
validation_unc_luca,Rettenberger Uncertainty,luca_unc_high_mag_003,E1_raw_vlm,VLM,2026-06-28T13:03:28.168785+00:00,/home/nielsbroekhuizen/projects/my-vscode-project/outputs/case_study_2/runs/luca_unc_high_mag_003/20260628_130328,0,5,interval,5,30,5,0.2857,False,False,False,False,False,False,False,17.5,28.57142857142857,-5
validation_unc_luca,Rettenberger Uncertainty,luca_unc_high_mag_003,E2_sam2_deterministic,SAM2 mask,2026-06-28T13:03:28.168785+00:00,/home/nielsbroekhuizen/projects/my-vscode-project/outputs/case_study_2/runs/luca_unc_high_mag_003/20260628_130328,9,5,interval,5,30,0,0.0,True,True,True,True,True,True,True,17.5,0.0,4
validation_unc_luca,Rettenberger Uncertainty,luca_unc_high_mag_003,E3_imggen_deterministic,ImgGen mask,2026-06-28T13:03:28.168785+00:00,/home/nielsbroekhuizen/projects/my-vscode-project/outputs/case_study_2/runs/luca_unc_high_mag_003/20260628_130328,9,5,interval,5,30,0,0.0,True,True,True,True,True,True,True,17.5,0.0,4
validation_unc_luca,Rettenberger Uncertainty,luca_unc_high_mag_003,E4_sam2_overlay_vlm,SAM2 overlay,2026-06-28T13:03:28.168785+00:00,/home/nielsbroekhuizen/projects/my-vscode-project/outputs/case_study_2/runs/luca_unc_high_mag_003/20260628_130328,7,5,interval,5,30,0,0.0,True,True,True,True,True,True,True,17.5,0.0,2
validation_unc_luca,Rettenberger Uncertainty,luca_unc_high_mag_003,E5_imggen_overlay_vlm,ImgGen overlay,2026-06-28T13:03:28.168785+00:00,/home/nielsbroekhuizen/projects/my-vscode-project/outputs/case_study_2/runs/luca_unc_high_mag_003/20260628_130328,8,5,interval,5,30,0,0.0,True,True,True,True,True,True,True,17.5,0.0,3
validation_unc_luca,Rettenberger Uncertainty,luca_unc_high_mag_003,E6_sam3_deterministic,SAM3 mask,2026-06-28T13:03:28.168785+00:00,/home/nielsbroekhuizen/projects/my-vscode-project/outputs/case_study_2/runs/luca_unc_high_mag_003/20260628_130328,0,5,interval,5,30,5,0.2857,False,False,False,False,False,False,False,17.5,28.57142857142857,-5
validation_unc_luca,Rettenberger Uncertainty,luca_unc_high_mag_003,E7_sam3_overlay_vlm,SAM3 overlay,2026-06-28T13:03:28.168785+00:00,/home/nielsbroekhuizen/projects/my-vscode-project/outputs/case_study_2/runs/luca_unc_high_mag_003/20260628_130328,0,5,interval,5,30,5,0.2857,False,False,False,False,False,False,False,17.5,28.57142857142857,-5
validation_unc_luca,Rettenberger Uncertainty,luca_unc_high_mag_004,E1_raw_vlm,VLM,2026-06-28T13:07:07.646592+00:00,/home/nielsbroekhuizen/projects/my-vscode-project/outputs/case_study_2/runs/luca_unc_high_mag_004/20260628_130707,0,16,interval,16,55,16,0.4507,False,False,False,False,False,False,False,35.5,45.07042253521127,-16
validation_unc_luca,Rettenberger Uncertainty,luca_unc_high_mag_004,E2_sam2_deterministic,SAM2 mask,2026-06-28T13:07:07.646592+00:00,/home/nielsbroekhuizen/projects/my-vscode-project/outputs/case_study_2/runs/luca_unc_high_mag_004/20260628_130707,5,16,interval,16,55,11,0.3099,False,False,False,False,False,False,False,35.5,30.985915492957744,-11
validation_unc_luca,Rettenberger Uncertainty,luca_unc_high_mag_004,E3_imggen_deterministic,ImgGen mask,2026-06-28T13:07:07.646592+00:00,/home/nielsbroekhuizen/projects/my-vscode-project/outputs/case_study_2/runs/luca_unc_high_mag_004/20260628_130707,16,16,interval,16,55,0,0.0,True,True,True,True,True,True,True,35.5,0.0,0
validation_unc_luca,Rettenberger Uncertainty,luca_unc_high_mag_004,E4_sam2_overlay_vlm,SAM2 overlay,2026-06-28T13:07:07.646592+00:00,/home/nielsbroekhuizen/projects/my-vscode-project/outputs/case_study_2/runs/luca_unc_high_mag_004/20260628_130707,4,16,interval,16,55,12,0.338,False,False,False,False,False,False,False,35.5,33.80281690140845,-12
validation_unc_luca,Rettenberger Uncertainty,luca_unc_high_mag_004,E5_imggen_overlay_vlm,ImgGen overlay,2026-06-28T13:07:07.646592+00:00,/home/nielsbroekhuizen/projects/my-vscode-project/outputs/case_study_2/runs/luca_unc_high_mag_004/20260628_130707,16,16,interval,16,55,0,0.0,True,True,True,True,True,True,True,35.5,0.0,0
validation_unc_luca,Rettenberger Uncertainty,luca_unc_high_mag_004,E6_sam3_deterministic,SAM3 mask,2026-06-28T13:07:07.646592+00:00,/home/nielsbroekhuizen/projects/my-vscode-project/outputs/case_study_2/runs/luca_unc_high_mag_004/20260628_130707,0,16,interval,16,55,16,0.4507,False,False,False,False,False,False,False,35.5,45.07042253521127,-16
validation_unc_luca,Rettenberger Uncertainty,luca_unc_high_mag_004,E7_sam3_overlay_vlm,SAM3 overlay,2026-06-28T13:07:07.646592+00:00,/home/nielsbroekhuizen/projects/my-vscode-project/outputs/case_study_2/runs/luca_unc_high_mag_004/20260628_130707,0,16,interval,16,55,16,0.4507,False,False,False,False,False,False,False,35.5,45.07042253521127,-16
validation_unc_luca,Rettenberger Uncertainty,luca_unc_high_mag_005,E1_raw_vlm,VLM,2026-06-28T13:10:33.696573+00:00,/home/nielsbroekhuizen/projects/my-vscode-project/outputs/case_study_2/runs/luca_unc_high_mag_005/20260628_131033,0,7,interval,7,21,7,0.5,False,False,False,False,False,False,False,14.0,50.0,-7
validation_unc_luca,Rettenberger Uncertainty,luca_unc_high_mag_005,E2_sam2_deterministic,SAM2 mask,2026-06-28T13:10:33.696573+00:00,/home/nielsbroekhuizen/projects/my-vscode-project/outputs/case_study_2/runs/luca_unc_high_mag_005/20260628_131033,9,7,interval,7,21,0,0.0,True,True,True,True,True,True,True,14.0,0.0,2
validation_unc_luca,Rettenberger Uncertainty,luca_unc_high_mag_005,E3_imggen_deterministic,ImgGen mask,2026-06-28T13:10:33.696573+00:00,/home/nielsbroekhuizen/projects/my-vscode-project/outputs/case_study_2/runs/luca_unc_high_mag_005/20260628_131033,8,7,interval,7,21,0,0.0,True,True,True,True,True,True,True,14.0,0.0,1
validation_unc_luca,Rettenberger Uncertainty,luca_unc_high_mag_005,E4_sam2_overlay_vlm,SAM2 overlay,2026-06-28T13:10:33.696573+00:00,/home/nielsbroekhuizen/projects/my-vscode-project/outputs/case_study_2/runs/luca_unc_high_mag_005/20260628_131033,9,7,interval,7,21,0,0.0,True,True,True,True,True,True,True,14.0,0.0,2
validation_unc_luca,Rettenberger Uncertainty,luca_unc_high_mag_005,E5_imggen_overlay_vlm,ImgGen overlay,2026-06-28T13:10:33.696573+00:00,/home/nielsbroekhuizen/projects/my-vscode-project/outputs/case_study_2/runs/luca_unc_high_mag_005/20260628_131033,10,7,interval,7,21,0,0.0,True,True,True,True,True,True,True,14.0,0.0,3
validation_unc_luca,Rettenberger Uncertainty,luca_unc_high_mag_005,E6_sam3_deterministic,SAM3 mask,2026-06-28T13:10:33.696573+00:00,/home/nielsbroekhuizen/projects/my-vscode-project/outputs/case_study_2/runs/luca_unc_high_mag_005/20260628_131033,0,7,interval,7,21,7,0.5,False,False,False,False,False,False,False,14.0,50.0,-7
validation_unc_luca,Rettenberger Uncertainty,luca_unc_high_mag_005,E7_sam3_overlay_vlm,SAM3 overlay,2026-06-28T13:10:33.696573+00:00,/home/nielsbroekhuizen/projects/my-vscode-project/outputs/case_study_2/runs/luca_unc_high_mag_005/20260628_131033,0,7,interval,7,21,7,0.5,False,False,False,False,False,False,False,14.0,50.0,-7
validation_unc_luca,Rettenberger Uncertainty,luca_unc_high_mag_006,E1_raw_vlm,VLM,2026-06-28T13:13:52.604038+00:00,/home/nielsbroekhuizen/projects/my-vscode-project/outputs/case_study_2/runs/luca_unc_high_mag_006/20260628_131352,0,5,interval,5,15,5,0.5,False,False,False,False,False,False,False,10.0,50.0,-5
validation_unc_luca,Rettenberger Uncertainty,luca_unc_high_mag_006,E2_sam2_deterministic,SAM2 mask,2026-06-28T13:13:52.604038+00:00,/home/nielsbroekhuizen/projects/my-vscode-project/outputs/case_study_2/runs/luca_unc_high_mag_006/20260628_131352,1,5,interval,5,15,4,0.4,False,False,False,False,False,False,False,10.0,40.0,-4
validation_unc_luca,Rettenberger Uncertainty,luca_unc_high_mag_006,E3_imggen_deterministic,ImgGen mask,2026-06-28T13:13:52.604038+00:00,/home/nielsbroekhuizen/projects/my-vscode-project/outputs/case_study_2/runs/luca_unc_high_mag_006/20260628_131352,4,5,interval,5,15,1,0.1,False,False,True,True,True,False,True,10.0,10.0,-1
validation_unc_luca,Rettenberger Uncertainty,luca_unc_high_mag_006,E4_sam2_overlay_vlm,SAM2 overlay,2026-06-28T13:13:52.604038+00:00,/home/nielsbroekhuizen/projects/my-vscode-project/outputs/case_study_2/runs/luca_unc_high_mag_006/20260628_131352,8,5,interval,5,15,0,0.0,True,True,True,True,True,True,True,10.0,0.0,3
validation_unc_luca,Rettenberger Uncertainty,luca_unc_high_mag_006,E5_imggen_overlay_vlm,ImgGen overlay,2026-06-28T13:13:52.604038+00:00,/home/nielsbroekhuizen/projects/my-vscode-project/outputs/case_study_2/runs/luca_unc_high_mag_006/20260628_131352,12,5,interval,5,15,0,0.0,True,True,True,True,True,True,True,10.0,0.0,7
validation_unc_luca,Rettenberger Uncertainty,luca_unc_high_mag_006,E6_sam3_deterministic,SAM3 mask,2026-06-28T13:13:52.604038+00:00,/home/nielsbroekhuizen/projects/my-vscode-project/outputs/case_study_2/runs/luca_unc_high_mag_006/20260628_131352,0,5,interval,5,15,5,0.5,False,False,False,False,False,False,False,10.0,50.0,-5
validation_unc_luca,Rettenberger Uncertainty,luca_unc_high_mag_006,E7_sam3_overlay_vlm,SAM3 overlay,2026-06-28T13:13:52.604038+00:00,/home/nielsbroekhuizen/projects/my-vscode-project/outputs/case_study_2/runs/luca_unc_high_mag_006/20260628_131352,0,5,interval,5,15,5,0.5,False,False,False,False,False,False,False,10.0,50.0,-5
validation_unc_luca,Rettenberger Uncertainty,luca_unc_high_mag_007,E1_raw_vlm,VLM,2026-06-28T13:17:35.632127+00:00,/home/nielsbroekhuizen/projects/my-vscode-project/outputs/case_study_2/runs/luca_unc_high_mag_007/20260628_131735,0,4,interval,4,11,4,0.5333,False,False,False,False,False,False,False,7.5,53.333333333333336,-4
validation_unc_luca,Rettenberger Uncertainty,luca_unc_high_mag_007,E2_sam2_deterministic,SAM2 mask,2026-06-28T13:17:35.632127+00:00,/home/nielsbroekhuizen/projects/my-vscode-project/outputs/case_study_2/runs/luca_unc_high_mag_007/20260628_131735,4,4,interval,4,11,0,0.0,True,True,True,True,True,True,True,7.5,0.0,0
validation_unc_luca,Rettenberger Uncertainty,luca_unc_high_mag_007,E3_imggen_deterministic,ImgGen mask,2026-06-28T13:17:35.632127+00:00,/home/nielsbroekhuizen/projects/my-vscode-project/outputs/case_study_2/runs/luca_unc_high_mag_007/20260628_131735,14,4,interval,4,11,3,0.4,False,False,False,False,True,False,False,7.5,40.0,10
validation_unc_luca,Rettenberger Uncertainty,luca_unc_high_mag_007,E4_sam2_overlay_vlm,SAM2 overlay,2026-06-28T13:17:35.632127+00:00,/home/nielsbroekhuizen/projects/my-vscode-project/outputs/case_study_2/runs/luca_unc_high_mag_007/20260628_131735,4,4,interval,4,11,0,0.0,True,True,True,True,True,True,True,7.5,0.0,0
validation_unc_luca,Rettenberger Uncertainty,luca_unc_high_mag_007,E5_imggen_overlay_vlm,ImgGen overlay,2026-06-28T13:17:35.632127+00:00,/home/nielsbroekhuizen/projects/my-vscode-project/outputs/case_study_2/runs/luca_unc_high_mag_007/20260628_131735,14,4,interval,4,11,3,0.4,False,False,False,False,True,False,False,7.5,40.0,10
validation_unc_luca,Rettenberger Uncertainty,luca_unc_high_mag_007,E6_sam3_deterministic,SAM3 mask,2026-06-28T13:17:35.632127+00:00,/home/nielsbroekhuizen/projects/my-vscode-project/outputs/case_study_2/runs/luca_unc_high_mag_007/20260628_131735,0,4,interval,4,11,4,0.5333,False,False,False,False,False,False,False,7.5,53.333333333333336,-4
validation_unc_luca,Rettenberger Uncertainty,luca_unc_high_mag_007,E7_sam3_overlay_vlm,SAM3 overlay,2026-06-28T13:17:35.632127+00:00,/home/nielsbroekhuizen/projects/my-vscode-project/outputs/case_study_2/runs/luca_unc_high_mag_007/20260628_131735,0,4,interval,4,11,4,0.5333,False,False,False,False,False,False,False,7.5,53.333333333333336,-4
validation_unc_luca,Rettenberger Uncertainty,luca_unc_high_mag_008,E1_raw_vlm,VLM,2026-06-28T13:21:01.271600+00:00,/home/nielsbroekhuizen/projects/my-vscode-project/outputs/case_study_2/runs/luca_unc_high_mag_008/20260628_132101,0,1,interval,1,8,1,0.2222,False,False,True,True,True,False,False,4.5,22.22222222222222,-1
validation_unc_luca,Rettenberger Uncertainty,luca_unc_high_mag_008,E2_sam2_deterministic,SAM2 mask,2026-06-28T13:21:01.271600+00:00,/home/nielsbroekhuizen/projects/my-vscode-project/outputs/case_study_2/runs/luca_unc_high_mag_008/20260628_132101,16,1,interval,1,8,8,1.7778,False,False,False,False,False,False,False,4.5,177.77777777777777,15
validation_unc_luca,Rettenberger Uncertainty,luca_unc_high_mag_008,E3_imggen_deterministic,ImgGen mask,2026-06-28T13:21:01.271600+00:00,/home/nielsbroekhuizen/projects/my-vscode-project/outputs/case_study_2/runs/luca_unc_high_mag_008/20260628_132101,9,1,interval,1,8,1,0.2222,False,False,True,True,True,False,False,4.5,22.22222222222222,8
validation_unc_luca,Rettenberger Uncertainty,luca_unc_high_mag_008,E4_sam2_overlay_vlm,SAM2 overlay,2026-06-28T13:21:01.271600+00:00,/home/nielsbroekhuizen/projects/my-vscode-project/outputs/case_study_2/runs/luca_unc_high_mag_008/20260628_132101,10,1,interval,1,8,2,0.4444,False,False,False,True,True,False,False,4.5,44.44444444444444,9
validation_unc_luca,Rettenberger Uncertainty,luca_unc_high_mag_008,E5_imggen_overlay_vlm,ImgGen overlay,2026-06-28T13:21:01.271600+00:00,/home/nielsbroekhuizen/projects/my-vscode-project/outputs/case_study_2/runs/luca_unc_high_mag_008/20260628_132101,12,1,interval,1,8,4,0.8889,False,False,False,False,False,False,False,4.5,88.88888888888889,11
validation_unc_luca,Rettenberger Uncertainty,luca_unc_high_mag_008,E6_sam3_deterministic,SAM3 mask,2026-06-28T13:21:01.271600+00:00,/home/nielsbroekhuizen/projects/my-vscode-project/outputs/case_study_2/runs/luca_unc_high_mag_008/20260628_132101,0,1,interval,1,8,1,0.2222,False,False,True,True,True,False,False,4.5,22.22222222222222,-1
validation_unc_luca,Rettenberger Uncertainty,luca_unc_high_mag_008,E7_sam3_overlay_vlm,SAM3 overlay,2026-06-28T13:21:01.271600+00:00,/home/nielsbroekhuizen/projects/my-vscode-project/outputs/case_study_2/runs/luca_unc_high_mag_008/20260628_132101,0,1,interval,1,8,1,0.2222,False,False,True,True,True,False,False,4.5,22.22222222222222,-1
validation_unc_luca,Rettenberger Uncertainty,luca_unc_high_mag_009,E1_raw_vlm,VLM,2026-06-28T13:26:17.832907+00:00,/home/nielsbroekhuizen/projects/my-vscode-project/outputs/case_study_2/runs/luca_unc_high_mag_009/20260628_132617,0,4,interval,4,10,4,0.5714,False,False,False,False,False,False,False,7.0,57.14285714285714,-4
validation_unc_luca,Rettenberger Uncertainty,luca_unc_high_mag_009,E2_sam2_deterministic,SAM2 mask,2026-06-28T13:26:17.832907+00:00,/home/nielsbroekhuizen/projects/my-vscode-project/outputs/case_study_2/runs/luca_unc_high_mag_009/20260628_132617,6,4,interval,4,10,0,0.0,True,True,True,True,True,True,True,7.0,0.0,2
validation_unc_luca,Rettenberger Uncertainty,luca_unc_high_mag_009,E3_imggen_deterministic,ImgGen mask,2026-06-28T13:26:17.832907+00:00,/home/nielsbroekhuizen/projects/my-vscode-project/outputs/case_study_2/runs/luca_unc_high_mag_009/20260628_132617,5,4,interval,4,10,0,0.0,True,True,True,True,True,True,True,7.0,0.0,1
validation_unc_luca,Rettenberger Uncertainty,luca_unc_high_mag_009,E4_sam2_overlay_vlm,SAM2 overlay,2026-06-28T13:26:17.832907+00:00,/home/nielsbroekhuizen/projects/my-vscode-project/outputs/case_study_2/runs/luca_unc_high_mag_009/20260628_132617,5,4,interval,4,10,0,0.0,True,True,True,True,True,True,True,7.0,0.0,1
validation_unc_luca,Rettenberger Uncertainty,luca_unc_high_mag_009,E5_imggen_overlay_vlm,ImgGen overlay,2026-06-28T13:26:17.832907+00:00,/home/nielsbroekhuizen/projects/my-vscode-project/outputs/case_study_2/runs/luca_unc_high_mag_009/20260628_132617,5,4,interval,4,10,0,0.0,True,True,True,True,True,True,True,7.0,0.0,1
validation_unc_luca,Rettenberger Uncertainty,luca_unc_high_mag_009,E6_sam3_deterministic,SAM3 mask,2026-06-28T13:26:17.832907+00:00,/home/nielsbroekhuizen/projects/my-vscode-project/outputs/case_study_2/runs/luca_unc_high_mag_009/20260628_132617,1,4,interval,4,10,3,0.4286,False,False,False,False,True,False,False,7.0,42.857142857142854,-3
validation_unc_luca,Rettenberger Uncertainty,luca_unc_high_mag_009,E7_sam3_overlay_vlm,SAM3 overlay,2026-06-28T13:26:17.832907+00:00,/home/nielsbroekhuizen/projects/my-vscode-project/outputs/case_study_2/runs/luca_unc_high_mag_009/20260628_132617,1,4,interval,4,10,3,0.4286,False,False,False,False,True,False,False,7.0,42.857142857142854,-3
validation_unc_luca,Rettenberger Uncertainty,luca_unc_high_mag_010,E1_raw_vlm,VLM,2026-06-28T13:29:35.814179+00:00,/home/nielsbroekhuizen/projects/my-vscode-project/outputs/case_study_2/runs/luca_unc_high_mag_010/20260628_132935,0,15,interval,15,47,15,0.4839,False,False,False,False,False,False,False,31.0,48.38709677419355,-15
validation_unc_luca,Rettenberger Uncertainty,luca_unc_high_mag_010,E2_sam2_deterministic,SAM2 mask,2026-06-28T13:29:35.814179+00:00,/home/nielsbroekhuizen/projects/my-vscode-project/outputs/case_study_2/runs/luca_unc_high_mag_010/20260628_132935,9,15,interval,15,47,6,0.1935,False,False,False,False,False,False,False,31.0,19.35483870967742,-6
validation_unc_luca,Rettenberger Uncertainty,luca_unc_high_mag_010,E3_imggen_deterministic,ImgGen mask,2026-06-28T13:29:35.814179+00:00,/home/nielsbroekhuizen/projects/my-vscode-project/outputs/case_study_2/runs/luca_unc_high_mag_010/20260628_132935,11,15,interval,15,47,4,0.129,False,False,False,False,False,False,False,31.0,12.903225806451612,-4
validation_unc_luca,Rettenberger Uncertainty,luca_unc_high_mag_010,E4_sam2_overlay_vlm,SAM2 overlay,2026-06-28T13:29:35.814179+00:00,/home/nielsbroekhuizen/projects/my-vscode-project/outputs/case_study_2/runs/luca_unc_high_mag_010/20260628_132935,10,15,interval,15,47,5,0.1613,False,False,False,False,False,False,False,31.0,16.129032258064516,-5
validation_unc_luca,Rettenberger Uncertainty,luca_unc_high_mag_010,E5_imggen_overlay_vlm,ImgGen overlay,2026-06-28T13:29:35.814179+00:00,/home/nielsbroekhuizen/projects/my-vscode-project/outputs/case_study_2/runs/luca_unc_high_mag_010/20260628_132935,11,15,interval,15,47,4,0.129,False,False,False,False,False,False,False,31.0,12.903225806451612,-4
validation_unc_luca,Rettenberger Uncertainty,luca_unc_high_mag_010,E6_sam3_deterministic,SAM3 mask,2026-06-28T13:29:35.814179+00:00,/home/nielsbroekhuizen/projects/my-vscode-project/outputs/case_study_2/runs/luca_unc_high_mag_010/20260628_132935,8,15,interval,15,47,7,0.2258,False,False,False,False,False,False,False,31.0,22.58064516129032,-7
validation_unc_luca,Rettenberger Uncertainty,luca_unc_high_mag_010,E7_sam3_overlay_vlm,SAM3 overlay,2026-06-28T13:29:35.814179+00:00,/home/nielsbroekhuizen/projects/my-vscode-project/outputs/case_study_2/runs/luca_unc_high_mag_010/20260628_132935,9,15,interval,15,47,6,0.1935,False,False,False,False,False,False,False,31.0,19.35483870967742,-6
validation_unc_luca,Rettenberger Uncertainty,luca_unc_high_mag_011,E1_raw_vlm,VLM,2026-06-28T13:33:14.637849+00:00,/home/nielsbroekhuizen/projects/my-vscode-project/outputs/case_study_2/runs/luca_unc_high_mag_011/20260628_133314,0,8,interval,8,20,8,0.5714,False,False,False,False,False,False,False,14.0,57.14285714285714,-8
validation_unc_luca,Rettenberger Uncertainty,luca_unc_high_mag_011,E2_sam2_deterministic,SAM2 mask,2026-06-28T13:33:14.637849+00:00,/home/nielsbroekhuizen/projects/my-vscode-project/outputs/case_study_2/runs/luca_unc_high_mag_011/20260628_133314,1,8,interval,8,20,7,0.5,False,False,False,False,False,False,False,14.0,50.0,-7
validation_unc_luca,Rettenberger Uncertainty,luca_unc_high_mag_011,E3_imggen_deterministic,ImgGen mask,2026-06-28T13:33:14.637849+00:00,/home/nielsbroekhuizen/projects/my-vscode-project/outputs/case_study_2/runs/luca_unc_high_mag_011/20260628_133314,117,8,interval,8,20,97,6.9286,False,False,False,False,False,False,False,14.0,692.8571428571429,109
validation_unc_luca,Rettenberger Uncertainty,luca_unc_high_mag_011,E4_sam2_overlay_vlm,SAM2 overlay,2026-06-28T13:33:14.637849+00:00,/home/nielsbroekhuizen/projects/my-vscode-project/outputs/case_study_2/runs/luca_unc_high_mag_011/20260628_133314,56,8,interval,8,20,36,2.5714,False,False,False,False,False,False,False,14.0,257.14285714285717,48
validation_unc_luca,Rettenberger Uncertainty,luca_unc_high_mag_011,E5_imggen_overlay_vlm,ImgGen overlay,2026-06-28T13:33:14.637849+00:00,/home/nielsbroekhuizen/projects/my-vscode-project/outputs/case_study_2/runs/luca_unc_high_mag_011/20260628_133314,117,8,interval,8,20,97,6.9286,False,False,False,False,False,False,False,14.0,692.8571428571429,109
validation_unc_luca,Rettenberger Uncertainty,luca_unc_high_mag_011,E6_sam3_deterministic,SAM3 mask,2026-06-28T13:33:14.637849+00:00,/home/nielsbroekhuizen/projects/my-vscode-project/outputs/case_study_2/runs/luca_unc_high_mag_011/20260628_133314,44,8,interval,8,20,24,1.7143,False,False,False,False,False,False,False,14.0,171.42857142857142,36
validation_unc_luca,Rettenberger Uncertainty,luca_unc_high_mag_011,E7_sam3_overlay_vlm,SAM3 overlay,2026-06-28T13:33:14.637849+00:00,/home/nielsbroekhuizen/projects/my-vscode-project/outputs/case_study_2/runs/luca_unc_high_mag_011/20260628_133314,44,8,interval,8,20,24,1.7143,False,False,False,False,False,False,False,14.0,171.42857142857142,36
validation_unc_luca,Rettenberger Uncertainty,luca_unc_high_mag_012,E1_raw_vlm,VLM,2026-06-28T13:40:17.627461+00:00,/home/nielsbroekhuizen/projects/my-vscode-project/outputs/case_study_2/runs/luca_unc_high_mag_012/20260628_134017,0,7,interval,7,15,7,0.6364,False,False,False,False,False,False,False,11.0,63.63636363636363,-7
validation_unc_luca,Rettenberger Uncertainty,luca_unc_high_mag_012,E2_sam2_deterministic,SAM2 mask,2026-06-28T13:40:17.627461+00:00,/home/nielsbroekhuizen/projects/my-vscode-project/outputs/case_study_2/runs/luca_unc_high_mag_012/20260628_134017,6,7,interval,7,15,1,0.0909,False,False,True,True,True,False,True,11.0,9.090909090909092,-1
validation_unc_luca,Rettenberger Uncertainty,luca_unc_high_mag_012,E3_imggen_deterministic,ImgGen mask,2026-06-28T13:40:17.627461+00:00,/home/nielsbroekhuizen/projects/my-vscode-project/outputs/case_study_2/runs/luca_unc_high_mag_012/20260628_134017,14,7,interval,7,15,0,0.0,True,True,True,True,True,True,True,11.0,0.0,7
validation_unc_luca,Rettenberger Uncertainty,luca_unc_high_mag_012,E4_sam2_overlay_vlm,SAM2 overlay,2026-06-28T13:40:17.627461+00:00,/home/nielsbroekhuizen/projects/my-vscode-project/outputs/case_study_2/runs/luca_unc_high_mag_012/20260628_134017,6,7,interval,7,15,1,0.0909,False,False,True,True,True,False,True,11.0,9.090909090909092,-1
validation_unc_luca,Rettenberger Uncertainty,luca_unc_high_mag_012,E5_imggen_overlay_vlm,ImgGen overlay,2026-06-28T13:40:17.627461+00:00,/home/nielsbroekhuizen/projects/my-vscode-project/outputs/case_study_2/runs/luca_unc_high_mag_012/20260628_134017,14,7,interval,7,15,0,0.0,True,True,True,True,True,True,True,11.0,0.0,7
validation_unc_luca,Rettenberger Uncertainty,luca_unc_high_mag_012,E6_sam3_deterministic,SAM3 mask,2026-06-28T13:40:17.627461+00:00,/home/nielsbroekhuizen/projects/my-vscode-project/outputs/case_study_2/runs/luca_unc_high_mag_012/20260628_134017,10,7,interval,7,15,0,0.0,True,True,True,True,True,True,True,11.0,0.0,3
validation_unc_luca,Rettenberger Uncertainty,luca_unc_high_mag_012,E7_sam3_overlay_vlm,SAM3 overlay,2026-06-28T13:40:17.627461+00:00,/home/nielsbroekhuizen/projects/my-vscode-project/outputs/case_study_2/runs/luca_unc_high_mag_012/20260628_134017,10,7,interval,7,15,0,0.0,True,True,True,True,True,True,True,11.0,0.0,3
validation_unc_luca,Rettenberger Uncertainty,luca_unc_high_mag_013,E1_raw_vlm,VLM,2026-06-28T13:43:52.854851+00:00,/home/nielsbroekhuizen/projects/my-vscode-project/outputs/case_study_2/runs/luca_unc_high_mag_013/20260628_134352,0,10,interval,10,22,10,0.625,False,False,False,False,False,False,False,16.0,62.5,-10
validation_unc_luca,Rettenberger Uncertainty,luca_unc_high_mag_013,E2_sam2_deterministic,SAM2 mask,2026-06-28T13:43:52.854851+00:00,/home/nielsbroekhuizen/projects/my-vscode-project/outputs/case_study_2/runs/luca_unc_high_mag_013/20260628_134352,8,10,interval,10,22,2,0.125,False,False,False,True,True,False,False,16.0,12.5,-2
validation_unc_luca,Rettenberger Uncertainty,luca_unc_high_mag_013,E3_imggen_deterministic,ImgGen mask,2026-06-28T13:43:52.854851+00:00,/home/nielsbroekhuizen/projects/my-vscode-project/outputs/case_study_2/runs/luca_unc_high_mag_013/20260628_134352,16,10,interval,10,22,0,0.0,True,True,True,True,True,True,True,16.0,0.0,6
validation_unc_luca,Rettenberger Uncertainty,luca_unc_high_mag_013,E4_sam2_overlay_vlm,SAM2 overlay,2026-06-28T13:43:52.854851+00:00,/home/nielsbroekhuizen/projects/my-vscode-project/outputs/case_study_2/runs/luca_unc_high_mag_013/20260628_134352,8,10,interval,10,22,2,0.125,False,False,False,True,True,False,False,16.0,12.5,-2
validation_unc_luca,Rettenberger Uncertainty,luca_unc_high_mag_013,E5_imggen_overlay_vlm,ImgGen overlay,2026-06-28T13:43:52.854851+00:00,/home/nielsbroekhuizen/projects/my-vscode-project/outputs/case_study_2/runs/luca_unc_high_mag_013/20260628_134352,20,10,interval,10,22,0,0.0,True,True,True,True,True,True,True,16.0,0.0,10
validation_unc_luca,Rettenberger Uncertainty,luca_unc_high_mag_013,E6_sam3_deterministic,SAM3 mask,2026-06-28T13:43:52.854851+00:00,/home/nielsbroekhuizen/projects/my-vscode-project/outputs/case_study_2/runs/luca_unc_high_mag_013/20260628_134352,20,10,interval,10,22,0,0.0,True,True,True,True,True,True,True,16.0,0.0,10
validation_unc_luca,Rettenberger Uncertainty,luca_unc_high_mag_013,E7_sam3_overlay_vlm,SAM3 overlay,2026-06-28T13:43:52.854851+00:00,/home/nielsbroekhuizen/projects/my-vscode-project/outputs/case_study_2/runs/luca_unc_high_mag_013/20260628_134352,26,10,interval,10,22,4,0.25,False,False,False,False,False,False,False,16.0,25.0,16
validation_unc_luca,Rettenberger Uncertainty,luca_unc_high_mag_014,E1_raw_vlm,VLM,2026-06-28T13:48:11.394503+00:00,/home/nielsbroekhuizen/projects/my-vscode-project/outputs/case_study_2/runs/luca_unc_high_mag_014/20260628_134811,0,6,interval,6,15,6,0.5714,False,False,False,False,False,False,False,10.5,57.14285714285714,-6
validation_unc_luca,Rettenberger Uncertainty,luca_unc_high_mag_014,E2_sam2_deterministic,SAM2 mask,2026-06-28T13:48:11.394503+00:00,/home/nielsbroekhuizen/projects/my-vscode-project/outputs/case_study_2/runs/luca_unc_high_mag_014/20260628_134811,12,6,interval,6,15,0,0.0,True,True,True,True,True,True,True,10.5,0.0,6
validation_unc_luca,Rettenberger Uncertainty,luca_unc_high_mag_014,E3_imggen_deterministic,ImgGen mask,2026-06-28T13:48:11.394503+00:00,/home/nielsbroekhuizen/projects/my-vscode-project/outputs/case_study_2/runs/luca_unc_high_mag_014/20260628_134811,4,6,interval,6,15,2,0.1905,False,False,False,True,True,False,False,10.5,19.047619047619047,-2
validation_unc_luca,Rettenberger Uncertainty,luca_unc_high_mag_014,E4_sam2_overlay_vlm,SAM2 overlay,2026-06-28T13:48:11.394503+00:00,/home/nielsbroekhuizen/projects/my-vscode-project/outputs/case_study_2/runs/luca_unc_high_mag_014/20260628_134811,6,6,interval,6,15,0,0.0,True,True,True,True,True,True,True,10.5,0.0,0
validation_unc_luca,Rettenberger Uncertainty,luca_unc_high_mag_014,E5_imggen_overlay_vlm,ImgGen overlay,2026-06-28T13:48:11.394503+00:00,/home/nielsbroekhuizen/projects/my-vscode-project/outputs/case_study_2/runs/luca_unc_high_mag_014/20260628_134811,7,6,interval,6,15,0,0.0,True,True,True,True,True,True,True,10.5,0.0,1
validation_unc_luca,Rettenberger Uncertainty,luca_unc_high_mag_014,E6_sam3_deterministic,SAM3 mask,2026-06-28T13:48:11.394503+00:00,/home/nielsbroekhuizen/projects/my-vscode-project/outputs/case_study_2/runs/luca_unc_high_mag_014/20260628_134811,2,6,interval,6,15,4,0.381,False,False,False,False,False,False,False,10.5,38.095238095238095,-4
validation_unc_luca,Rettenberger Uncertainty,luca_unc_high_mag_014,E7_sam3_overlay_vlm,SAM3 overlay,2026-06-28T13:48:11.394503+00:00,/home/nielsbroekhuizen/projects/my-vscode-project/outputs/case_study_2/runs/luca_unc_high_mag_014/20260628_134811,2,6,interval,6,15,4,0.381,False,False,False,False,False,False,False,10.5,38.095238095238095,-4
validation_unc_luca,Rettenberger Uncertainty,luca_unc_high_mag_015,E1_raw_vlm,VLM,2026-06-28T13:51:41.152789+00:00,/home/nielsbroekhuizen/projects/my-vscode-project/outputs/case_study_2/runs/luca_unc_high_mag_015/20260628_135141,0,4,interval,4,17,4,0.381,False,False,False,False,False,False,False,10.5,38.095238095238095,-4
validation_unc_luca,Rettenberger Uncertainty,luca_unc_high_mag_015,E2_sam2_deterministic,SAM2 mask,2026-06-28T13:51:41.152789+00:00,/home/nielsbroekhuizen/projects/my-vscode-project/outputs/case_study_2/runs/luca_unc_high_mag_015/20260628_135141,5,4,interval,4,17,0,0.0,True,True,True,True,True,True,True,10.5,0.0,1
validation_unc_luca,Rettenberger Uncertainty,luca_unc_high_mag_015,E3_imggen_deterministic,ImgGen mask,2026-06-28T13:51:41.152789+00:00,/home/nielsbroekhuizen/projects/my-vscode-project/outputs/case_study_2/runs/luca_unc_high_mag_015/20260628_135141,13,4,interval,4,17,0,0.0,True,True,True,True,True,True,True,10.5,0.0,9
validation_unc_luca,Rettenberger Uncertainty,luca_unc_high_mag_015,E4_sam2_overlay_vlm,SAM2 overlay,2026-06-28T13:51:41.152789+00:00,/home/nielsbroekhuizen/projects/my-vscode-project/outputs/case_study_2/runs/luca_unc_high_mag_015/20260628_135141,5,4,interval,4,17,0,0.0,True,True,True,True,True,True,True,10.5,0.0,1
validation_unc_luca,Rettenberger Uncertainty,luca_unc_high_mag_015,E5_imggen_overlay_vlm,ImgGen overlay,2026-06-28T13:51:41.152789+00:00,/home/nielsbroekhuizen/projects/my-vscode-project/outputs/case_study_2/runs/luca_unc_high_mag_015/20260628_135141,15,4,interval,4,17,0,0.0,True,True,True,True,True,True,True,10.5,0.0,11
validation_unc_luca,Rettenberger Uncertainty,luca_unc_high_mag_015,E6_sam3_deterministic,SAM3 mask,2026-06-28T13:51:41.152789+00:00,/home/nielsbroekhuizen/projects/my-vscode-project/outputs/case_study_2/runs/luca_unc_high_mag_015/20260628_135141,0,4,interval,4,17,4,0.381,False,False,False,False,False,False,False,10.5,38.095238095238095,-4
validation_unc_luca,Rettenberger Uncertainty,luca_unc_high_mag_015,E7_sam3_overlay_vlm,SAM3 overlay,2026-06-28T13:51:41.152789+00:00,/home/nielsbroekhuizen/projects/my-vscode-project/outputs/case_study_2/runs/luca_unc_high_mag_015/20260628_135141,0,4,interval,4,17,4,0.381,False,False,False,False,False,False,False,10.5,38.095238095238095,-4
validation_unc_luca,Rettenberger Uncertainty,luca_unc_high_mag_016,E1_raw_vlm,VLM,2026-06-28T13:56:32.603343+00:00,/home/nielsbroekhuizen/projects/my-vscode-project/outputs/case_study_2/runs/luca_unc_high_mag_016/20260628_135632,0,7,interval,7,16,7,0.6087,False,False,False,False,False,False,False,11.5,60.86956521739131,-7
validation_unc_luca,Rettenberger Uncertainty,luca_unc_high_mag_016,E2_sam2_deterministic,SAM2 mask,2026-06-28T13:56:32.603343+00:00,/home/nielsbroekhuizen/projects/my-vscode-project/outputs/case_study_2/runs/luca_unc_high_mag_016/20260628_135632,8,7,interval,7,16,0,0.0,True,True,True,True,True,True,True,11.5,0.0,1
validation_unc_luca,Rettenberger Uncertainty,luca_unc_high_mag_016,E3_imggen_deterministic,ImgGen mask,2026-06-28T13:56:32.603343+00:00,/home/nielsbroekhuizen/projects/my-vscode-project/outputs/case_study_2/runs/luca_unc_high_mag_016/20260628_135632,10,7,interval,7,16,0,0.0,True,True,True,True,True,True,True,11.5,0.0,3
validation_unc_luca,Rettenberger Uncertainty,luca_unc_high_mag_016,E4_sam2_overlay_vlm,SAM2 overlay,2026-06-28T13:56:32.603343+00:00,/home/nielsbroekhuizen/projects/my-vscode-project/outputs/case_study_2/runs/luca_unc_high_mag_016/20260628_135632,8,7,interval,7,16,0,0.0,True,True,True,True,True,True,True,11.5,0.0,1
validation_unc_luca,Rettenberger Uncertainty,luca_unc_high_mag_016,E5_imggen_overlay_vlm,ImgGen overlay,2026-06-28T13:56:32.603343+00:00,/home/nielsbroekhuizen/projects/my-vscode-project/outputs/case_study_2/runs/luca_unc_high_mag_016/20260628_135632,12,7,interval,7,16,0,0.0,True,True,True,True,True,True,True,11.5,0.0,5
validation_unc_luca,Rettenberger Uncertainty,luca_unc_high_mag_016,E6_sam3_deterministic,SAM3 mask,2026-06-28T13:56:32.603343+00:00,/home/nielsbroekhuizen/projects/my-vscode-project/outputs/case_study_2/runs/luca_unc_high_mag_016/20260628_135632,19,7,interval,7,16,3,0.2609,False,False,False,False,True,False,False,11.5,26.08695652173913,12
validation_unc_luca,Rettenberger Uncertainty,luca_unc_high_mag_016,E7_sam3_overlay_vlm,SAM3 overlay,2026-06-28T13:56:32.603343+00:00,/home/nielsbroekhuizen/projects/my-vscode-project/outputs/case_study_2/runs/luca_unc_high_mag_016/20260628_135632,12,7,interval,7,16,0,0.0,True,True,True,True,True,True,True,11.5,0.0,5
validation_unc_luca,Rettenberger Uncertainty,luca_unc_high_mag_017,E1_raw_vlm,VLM,2026-06-28T14:00:16.123944+00:00,/home/nielsbroekhuizen/projects/my-vscode-project/outputs/case_study_2/runs/luca_unc_high_mag_017/20260628_140016,0,2,interval,2,6,2,0.5,False,False,False,True,True,False,False,4.0,50.0,-2
validation_unc_luca,Rettenberger Uncertainty,luca_unc_high_mag_017,E2_sam2_deterministic,SAM2 mask,2026-06-28T14:00:16.123944+00:00,/home/nielsbroekhuizen/projects/my-vscode-project/outputs/case_study_2/runs/luca_unc_high_mag_017/20260628_140016,9,2,interval,2,6,3,0.75,False,False,False,False,True,False,False,4.0,75.0,7
validation_unc_luca,Rettenberger Uncertainty,luca_unc_high_mag_017,E3_imggen_deterministic,ImgGen mask,2026-06-28T14:00:16.123944+00:00,/home/nielsbroekhuizen/projects/my-vscode-project/outputs/case_study_2/runs/luca_unc_high_mag_017/20260628_140016,3,2,interval,2,6,0,0.0,True,True,True,True,True,True,True,4.0,0.0,1
validation_unc_luca,Rettenberger Uncertainty,luca_unc_high_mag_017,E4_sam2_overlay_vlm,SAM2 overlay,2026-06-28T14:00:16.123944+00:00,/home/nielsbroekhuizen/projects/my-vscode-project/outputs/case_study_2/runs/luca_unc_high_mag_017/20260628_140016,6,2,interval,2,6,0,0.0,True,True,True,True,True,True,True,4.0,0.0,4
validation_unc_luca,Rettenberger Uncertainty,luca_unc_high_mag_017,E5_imggen_overlay_vlm,ImgGen overlay,2026-06-28T14:00:16.123944+00:00,/home/nielsbroekhuizen/projects/my-vscode-project/outputs/case_study_2/runs/luca_unc_high_mag_017/20260628_140016,3,2,interval,2,6,0,0.0,True,True,True,True,True,True,True,4.0,0.0,1
validation_unc_luca,Rettenberger Uncertainty,luca_unc_high_mag_017,E6_sam3_deterministic,SAM3 mask,2026-06-28T14:00:16.123944+00:00,/home/nielsbroekhuizen/projects/my-vscode-project/outputs/case_study_2/runs/luca_unc_high_mag_017/20260628_140016,1,2,interval,2,6,1,0.25,False,False,True,True,True,False,False,4.0,25.0,-1
validation_unc_luca,Rettenberger Uncertainty,luca_unc_high_mag_017,E7_sam3_overlay_vlm,SAM3 overlay,2026-06-28T14:00:16.123944+00:00,/home/nielsbroekhuizen/projects/my-vscode-project/outputs/case_study_2/runs/luca_unc_high_mag_017/20260628_140016,1,2,interval,2,6,1,0.25,False,False,True,True,True,False,False,4.0,25.0,-1
validation_unc_luca,Rettenberger Uncertainty,luca_unc_high_mag_018,E1_raw_vlm,VLM,2026-06-28T14:03:47.188994+00:00,/home/nielsbroekhuizen/projects/my-vscode-project/outputs/case_study_2/runs/luca_unc_high_mag_018/20260628_140347,0,6,interval,6,26,6,0.375,False,False,False,False,False,False,False,16.0,37.5,-6
validation_unc_luca,Rettenberger Uncertainty,luca_unc_high_mag_018,E2_sam2_deterministic,SAM2 mask,2026-06-28T14:03:47.188994+00:00,/home/nielsbroekhuizen/projects/my-vscode-project/outputs/case_study_2/runs/luca_unc_high_mag_018/20260628_140347,11,6,interval,6,26,0,0.0,True,True,True,True,True,True,True,16.0,0.0,5
validation_unc_luca,Rettenberger Uncertainty,luca_unc_high_mag_018,E3_imggen_deterministic,ImgGen mask,2026-06-28T14:03:47.188994+00:00,/home/nielsbroekhuizen/projects/my-vscode-project/outputs/case_study_2/runs/luca_unc_high_mag_018/20260628_140347,3,6,interval,6,26,3,0.1875,False,False,False,False,True,False,False,16.0,18.75,-3
validation_unc_luca,Rettenberger Uncertainty,luca_unc_high_mag_018,E4_sam2_overlay_vlm,SAM2 overlay,2026-06-28T14:03:47.188994+00:00,/home/nielsbroekhuizen/projects/my-vscode-project/outputs/case_study_2/runs/luca_unc_high_mag_018/20260628_140347,2,6,interval,6,26,4,0.25,False,False,False,False,False,False,False,16.0,25.0,-4
validation_unc_luca,Rettenberger Uncertainty,luca_unc_high_mag_018,E5_imggen_overlay_vlm,ImgGen overlay,2026-06-28T14:03:47.188994+00:00,/home/nielsbroekhuizen/projects/my-vscode-project/outputs/case_study_2/runs/luca_unc_high_mag_018/20260628_140347,4,6,interval,6,26,2,0.125,False,False,False,True,True,False,False,16.0,12.5,-2
validation_unc_luca,Rettenberger Uncertainty,luca_unc_high_mag_018,E6_sam3_deterministic,SAM3 mask,2026-06-28T14:03:47.188994+00:00,/home/nielsbroekhuizen/projects/my-vscode-project/outputs/case_study_2/runs/luca_unc_high_mag_018/20260628_140347,0,6,interval,6,26,6,0.375,False,False,False,False,False,False,False,16.0,37.5,-6
validation_unc_luca,Rettenberger Uncertainty,luca_unc_high_mag_018,E7_sam3_overlay_vlm,SAM3 overlay,2026-06-28T14:03:47.188994+00:00,/home/nielsbroekhuizen/projects/my-vscode-project/outputs/case_study_2/runs/luca_unc_high_mag_018/20260628_140347,0,6,interval,6,26,6,0.375,False,False,False,False,False,False,False,16.0,37.5,-6
validation_unc_luca,Rettenberger Uncertainty,luca_unc_high_mag_019,E1_raw_vlm,VLM,2026-06-28T14:07:29.538451+00:00,/home/nielsbroekhuizen/projects/my-vscode-project/outputs/case_study_2/runs/luca_unc_high_mag_019/20260628_140729,0,47,interval,47,126,47,0.5434,False,False,False,False,False,False,False,86.5,54.33526011560693,-47
validation_unc_luca,Rettenberger Uncertainty,luca_unc_high_mag_019,E2_sam2_deterministic,SAM2 mask,2026-06-28T14:07:29.538451+00:00,/home/nielsbroekhuizen/projects/my-vscode-project/outputs/case_study_2/runs/luca_unc_high_mag_019/20260628_140729,8,47,interval,47,126,39,0.4509,False,False,False,False,False,False,False,86.5,45.08670520231214,-39
validation_unc_luca,Rettenberger Uncertainty,luca_unc_high_mag_019,E3_imggen_deterministic,ImgGen mask,2026-06-28T14:07:29.538451+00:00,/home/nielsbroekhuizen/projects/my-vscode-project/outputs/case_study_2/runs/luca_unc_high_mag_019/20260628_140729,9,47,interval,47,126,38,0.4393,False,False,False,False,False,False,False,86.5,43.93063583815029,-38
validation_unc_luca,Rettenberger Uncertainty,luca_unc_high_mag_019,E4_sam2_overlay_vlm,SAM2 overlay,2026-06-28T14:07:29.538451+00:00,/home/nielsbroekhuizen/projects/my-vscode-project/outputs/case_study_2/runs/luca_unc_high_mag_019/20260628_140729,8,47,interval,47,126,39,0.4509,False,False,False,False,False,False,False,86.5,45.08670520231214,-39
validation_unc_luca,Rettenberger Uncertainty,luca_unc_high_mag_019,E5_imggen_overlay_vlm,ImgGen overlay,2026-06-28T14:07:29.538451+00:00,/home/nielsbroekhuizen/projects/my-vscode-project/outputs/case_study_2/runs/luca_unc_high_mag_019/20260628_140729,9,47,interval,47,126,38,0.4393,False,False,False,False,False,False,False,86.5,43.93063583815029,-38
validation_unc_luca,Rettenberger Uncertainty,luca_unc_high_mag_019,E6_sam3_deterministic,SAM3 mask,2026-06-28T14:07:29.538451+00:00,/home/nielsbroekhuizen/projects/my-vscode-project/outputs/case_study_2/runs/luca_unc_high_mag_019/20260628_140729,9,47,interval,47,126,38,0.4393,False,False,False,False,False,False,False,86.5,43.93063583815029,-38
validation_unc_luca,Rettenberger Uncertainty,luca_unc_high_mag_019,E7_sam3_overlay_vlm,SAM3 overlay,2026-06-28T14:07:29.538451+00:00,/home/nielsbroekhuizen/projects/my-vscode-project/outputs/case_study_2/runs/luca_unc_high_mag_019/20260628_140729,10,47,interval,47,126,37,0.4277,False,False,False,False,False,False,False,86.5,42.77456647398844,-37
validation_unc_luca,Rettenberger Uncertainty,luca_unc_high_mag_020,E1_raw_vlm,VLM,2026-06-28T14:11:06.536792+00:00,/home/nielsbroekhuizen/projects/my-vscode-project/outputs/case_study_2/runs/luca_unc_high_mag_020/20260628_141106,0,4,interval,4,12,4,0.5,False,False,False,False,False,False,False,8.0,50.0,-4
validation_unc_luca,Rettenberger Uncertainty,luca_unc_high_mag_020,E2_sam2_deterministic,SAM2 mask,2026-06-28T14:11:06.536792+00:00,/home/nielsbroekhuizen/projects/my-vscode-project/outputs/case_study_2/runs/luca_unc_high_mag_020/20260628_141106,4,4,interval,4,12,0,0.0,True,True,True,True,True,True,True,8.0,0.0,0
validation_unc_luca,Rettenberger Uncertainty,luca_unc_high_mag_020,E3_imggen_deterministic,ImgGen mask,2026-06-28T14:11:06.536792+00:00,/home/nielsbroekhuizen/projects/my-vscode-project/outputs/case_study_2/runs/luca_unc_high_mag_020/20260628_141106,9,4,interval,4,12,0,0.0,True,True,True,True,True,True,True,8.0,0.0,5
validation_unc_luca,Rettenberger Uncertainty,luca_unc_high_mag_020,E4_sam2_overlay_vlm,SAM2 overlay,2026-06-28T14:11:06.536792+00:00,/home/nielsbroekhuizen/projects/my-vscode-project/outputs/case_study_2/runs/luca_unc_high_mag_020/20260628_141106,4,4,interval,4,12,0,0.0,True,True,True,True,True,True,True,8.0,0.0,0
validation_unc_luca,Rettenberger Uncertainty,luca_unc_high_mag_020,E5_imggen_overlay_vlm,ImgGen overlay,2026-06-28T14:11:06.536792+00:00,/home/nielsbroekhuizen/projects/my-vscode-project/outputs/case_study_2/runs/luca_unc_high_mag_020/20260628_141106,9,4,interval,4,12,0,0.0,True,True,True,True,True,True,True,8.0,0.0,5
validation_unc_luca,Rettenberger Uncertainty,luca_unc_high_mag_020,E6_sam3_deterministic,SAM3 mask,2026-06-28T14:11:06.536792+00:00,/home/nielsbroekhuizen/projects/my-vscode-project/outputs/case_study_2/runs/luca_unc_high_mag_020/20260628_141106,0,4,interval,4,12,4,0.5,False,False,False,False,False,False,False,8.0,50.0,-4
validation_unc_luca,Rettenberger Uncertainty,luca_unc_high_mag_020,E7_sam3_overlay_vlm,SAM3 overlay,2026-06-28T14:11:06.536792+00:00,/home/nielsbroekhuizen/projects/my-vscode-project/outputs/case_study_2/runs/luca_unc_high_mag_020/20260628_141106,0,4,interval,4,12,4,0.5,False,False,False,False,False,False,False,8.0,50.0,-4
validation_unc_luca,Rettenberger Uncertainty,luca_unc_high_mag_021,E1_raw_vlm,VLM,2026-06-28T14:14:32.306025+00:00,/home/nielsbroekhuizen/projects/my-vscode-project/outputs/case_study_2/runs/luca_unc_high_mag_021/20260628_141432,0,6,interval,6,16,6,0.5455,False,False,False,False,False,False,False,11.0,54.54545454545454,-6
validation_unc_luca,Rettenberger Uncertainty,luca_unc_high_mag_021,E2_sam2_deterministic,SAM2 mask,2026-06-28T14:14:32.306025+00:00,/home/nielsbroekhuizen/projects/my-vscode-project/outputs/case_study_2/runs/luca_unc_high_mag_021/20260628_141432,12,6,interval,6,16,0,0.0,True,True,True,True,True,True,True,11.0,0.0,6
validation_unc_luca,Rettenberger Uncertainty,luca_unc_high_mag_021,E3_imggen_deterministic,ImgGen mask,2026-06-28T14:14:32.306025+00:00,/home/nielsbroekhuizen/projects/my-vscode-project/outputs/case_study_2/runs/luca_unc_high_mag_021/20260628_141432,31,6,interval,6,16,15,1.3636,False,False,False,False,False,False,False,11.0,136.36363636363635,25
validation_unc_luca,Rettenberger Uncertainty,luca_unc_high_mag_021,E4_sam2_overlay_vlm,SAM2 overlay,2026-06-28T14:14:32.306025+00:00,/home/nielsbroekhuizen/projects/my-vscode-project/outputs/case_study_2/runs/luca_unc_high_mag_021/20260628_141432,13,6,interval,6,16,0,0.0,True,True,True,True,True,True,True,11.0,0.0,7
validation_unc_luca,Rettenberger Uncertainty,luca_unc_high_mag_021,E5_imggen_overlay_vlm,ImgGen overlay,2026-06-28T14:14:32.306025+00:00,/home/nielsbroekhuizen/projects/my-vscode-project/outputs/case_study_2/runs/luca_unc_high_mag_021/20260628_141432,25,6,interval,6,16,9,0.8182,False,False,False,False,False,False,False,11.0,81.81818181818183,19
validation_unc_luca,Rettenberger Uncertainty,luca_unc_high_mag_021,E6_sam3_deterministic,SAM3 mask,2026-06-28T14:14:32.306025+00:00,/home/nielsbroekhuizen/projects/my-vscode-project/outputs/case_study_2/runs/luca_unc_high_mag_021/20260628_141432,21,6,interval,6,16,5,0.4545,False,False,False,False,False,False,False,11.0,45.45454545454545,15
validation_unc_luca,Rettenberger Uncertainty,luca_unc_high_mag_021,E7_sam3_overlay_vlm,SAM3 overlay,2026-06-28T14:14:32.306025+00:00,/home/nielsbroekhuizen/projects/my-vscode-project/outputs/case_study_2/runs/luca_unc_high_mag_021/20260628_141432,21,6,interval,6,16,5,0.4545,False,False,False,False,False,False,False,11.0,45.45454545454545,15
validation_unc_luca,Rettenberger Uncertainty,luca_unc_high_mag_022,E1_raw_vlm,VLM,2026-06-28T14:26:49.865887+00:00,/home/nielsbroekhuizen/projects/my-vscode-project/outputs/case_study_2/runs/luca_unc_high_mag_022/20260628_142649,0,8,interval,8,19,8,0.5926,False,False,False,False,False,False,False,13.5,59.25925925925925,-8
validation_unc_luca,Rettenberger Uncertainty,luca_unc_high_mag_022,E2_sam2_deterministic,SAM2 mask,2026-06-28T14:26:49.865887+00:00,/home/nielsbroekhuizen/projects/my-vscode-project/outputs/case_study_2/runs/luca_unc_high_mag_022/20260628_142649,14,8,interval,8,19,0,0.0,True,True,True,True,True,True,True,13.5,0.0,6
validation_unc_luca,Rettenberger Uncertainty,luca_unc_high_mag_022,E3_imggen_deterministic,ImgGen mask,2026-06-28T14:26:49.865887+00:00,/home/nielsbroekhuizen/projects/my-vscode-project/outputs/case_study_2/runs/luca_unc_high_mag_022/20260628_142649,2,8,interval,8,19,6,0.4444,False,False,False,False,False,False,False,13.5,44.44444444444444,-6
validation_unc_luca,Rettenberger Uncertainty,luca_unc_high_mag_022,E4_sam2_overlay_vlm,SAM2 overlay,2026-06-28T14:26:49.865887+00:00,/home/nielsbroekhuizen/projects/my-vscode-project/outputs/case_study_2/runs/luca_unc_high_mag_022/20260628_142649,4,8,interval,8,19,4,0.2963,False,False,False,False,False,False,False,13.5,29.629629629629626,-4
validation_unc_luca,Rettenberger Uncertainty,luca_unc_high_mag_022,E5_imggen_overlay_vlm,ImgGen overlay,2026-06-28T14:26:49.865887+00:00,/home/nielsbroekhuizen/projects/my-vscode-project/outputs/case_study_2/runs/luca_unc_high_mag_022/20260628_142649,3,8,interval,8,19,5,0.3704,False,False,False,False,False,False,False,13.5,37.03703703703704,-5
validation_unc_luca,Rettenberger Uncertainty,luca_unc_high_mag_022,E6_sam3_deterministic,SAM3 mask,2026-06-28T14:26:49.865887+00:00,/home/nielsbroekhuizen/projects/my-vscode-project/outputs/case_study_2/runs/luca_unc_high_mag_022/20260628_142649,0,8,interval,8,19,8,0.5926,False,False,False,False,False,False,False,13.5,59.25925925925925,-8
validation_unc_luca,Rettenberger Uncertainty,luca_unc_high_mag_022,E7_sam3_overlay_vlm,SAM3 overlay,2026-06-28T14:26:49.865887+00:00,/home/nielsbroekhuizen/projects/my-vscode-project/outputs/case_study_2/runs/luca_unc_high_mag_022/20260628_142649,0,8,interval,8,19,8,0.5926,False,False,False,False,False,False,False,13.5,59.25925925925925,-8
validation_unc_luca,Rettenberger Uncertainty,luca_unc_high_mag_023,E1_raw_vlm,VLM,2026-06-28T14:30:14.156039+00:00,/home/nielsbroekhuizen/projects/my-vscode-project/outputs/case_study_2/runs/luca_unc_high_mag_023/20260628_143014,0,8,interval,8,25,8,0.4848,False,False,False,False,False,False,False,16.5,48.484848484848484,-8
validation_unc_luca,Rettenberger Uncertainty,luca_unc_high_mag_023,E2_sam2_deterministic,SAM2 mask,2026-06-28T14:30:14.156039+00:00,/home/nielsbroekhuizen/projects/my-vscode-project/outputs/case_study_2/runs/luca_unc_high_mag_023/20260628_143014,18,8,interval,8,25,0,0.0,True,True,True,True,True,True,True,16.5,0.0,10
validation_unc_luca,Rettenberger Uncertainty,luca_unc_high_mag_023,E3_imggen_deterministic,ImgGen mask,2026-06-28T14:30:14.156039+00:00,/home/nielsbroekhuizen/projects/my-vscode-project/outputs/case_study_2/runs/luca_unc_high_mag_023/20260628_143014,22,8,interval,8,25,0,0.0,True,True,True,True,True,True,True,16.5,0.0,14
validation_unc_luca,Rettenberger Uncertainty,luca_unc_high_mag_023,E4_sam2_overlay_vlm,SAM2 overlay,2026-06-28T14:30:14.156039+00:00,/home/nielsbroekhuizen/projects/my-vscode-project/outputs/case_study_2/runs/luca_unc_high_mag_023/20260628_143014,18,8,interval,8,25,0,0.0,True,True,True,True,True,True,True,16.5,0.0,10
validation_unc_luca,Rettenberger Uncertainty,luca_unc_high_mag_023,E5_imggen_overlay_vlm,ImgGen overlay,2026-06-28T14:30:14.156039+00:00,/home/nielsbroekhuizen/projects/my-vscode-project/outputs/case_study_2/runs/luca_unc_high_mag_023/20260628_143014,22,8,interval,8,25,0,0.0,True,True,True,True,True,True,True,16.5,0.0,14
validation_unc_luca,Rettenberger Uncertainty,luca_unc_high_mag_023,E6_sam3_deterministic,SAM3 mask,2026-06-28T14:30:14.156039+00:00,/home/nielsbroekhuizen/projects/my-vscode-project/outputs/case_study_2/runs/luca_unc_high_mag_023/20260628_143014,20,8,interval,8,25,0,0.0,True,True,True,True,True,True,True,16.5,0.0,12
validation_unc_luca,Rettenberger Uncertainty,luca_unc_high_mag_023,E7_sam3_overlay_vlm,SAM3 overlay,2026-06-28T14:30:14.156039+00:00,/home/nielsbroekhuizen/projects/my-vscode-project/outputs/case_study_2/runs/luca_unc_high_mag_023/20260628_143014,19,8,interval,8,25,0,0.0,True,True,True,True,True,True,True,16.5,0.0,11
validation_unc_luca,Rettenberger Uncertainty,luca_unc_high_mag_024,E1_raw_vlm,VLM,2026-06-28T14:34:31.335549+00:00,/home/nielsbroekhuizen/projects/my-vscode-project/outputs/case_study_2/runs/luca_unc_high_mag_024/20260628_143431,0,4,interval,4,10,4,0.5714,False,False,False,False,False,False,False,7.0,57.14285714285714,-4
validation_unc_luca,Rettenberger Uncertainty,luca_unc_high_mag_024,E2_sam2_deterministic,SAM2 mask,2026-06-28T14:34:31.335549+00:00,/home/nielsbroekhuizen/projects/my-vscode-project/outputs/case_study_2/runs/luca_unc_high_mag_024/20260628_143431,19,4,interval,4,10,9,1.2857,False,False,False,False,False,False,False,7.0,128.57142857142858,15
validation_unc_luca,Rettenberger Uncertainty,luca_unc_high_mag_024,E3_imggen_deterministic,ImgGen mask,2026-06-28T14:34:31.335549+00:00,/home/nielsbroekhuizen/projects/my-vscode-project/outputs/case_study_2/runs/luca_unc_high_mag_024/20260628_143431,41,4,interval,4,10,31,4.4286,False,False,False,False,False,False,False,7.0,442.8571428571429,37
validation_unc_luca,Rettenberger Uncertainty,luca_unc_high_mag_024,E4_sam2_overlay_vlm,SAM2 overlay,2026-06-28T14:34:31.335549+00:00,/home/nielsbroekhuizen/projects/my-vscode-project/outputs/case_study_2/runs/luca_unc_high_mag_024/20260628_143431,18,4,interval,4,10,8,1.1429,False,False,False,False,False,False,False,7.0,114.28571428571428,14
validation_unc_luca,Rettenberger Uncertainty,luca_unc_high_mag_024,E5_imggen_overlay_vlm,ImgGen overlay,2026-06-28T14:34:31.335549+00:00,/home/nielsbroekhuizen/projects/my-vscode-project/outputs/case_study_2/runs/luca_unc_high_mag_024/20260628_143431,47,4,interval,4,10,37,5.2857,False,False,False,False,False,False,False,7.0,528.5714285714286,43
validation_unc_luca,Rettenberger Uncertainty,luca_unc_high_mag_024,E6_sam3_deterministic,SAM3 mask,2026-06-28T14:34:31.335549+00:00,/home/nielsbroekhuizen/projects/my-vscode-project/outputs/case_study_2/runs/luca_unc_high_mag_024/20260628_143431,12,4,interval,4,10,2,0.2857,False,False,False,True,True,False,False,7.0,28.57142857142857,8
validation_unc_luca,Rettenberger Uncertainty,luca_unc_high_mag_024,E7_sam3_overlay_vlm,SAM3 overlay,2026-06-28T14:34:31.335549+00:00,/home/nielsbroekhuizen/projects/my-vscode-project/outputs/case_study_2/runs/luca_unc_high_mag_024/20260628_143431,16,4,interval,4,10,6,0.8571,False,False,False,False,False,False,False,7.0,85.71428571428571,12
validation_unc_luca,Rettenberger Uncertainty,luca_unc_high_mag_025,E1_raw_vlm,VLM,2026-06-28T14:41:07.602508+00:00,/home/nielsbroekhuizen/projects/my-vscode-project/outputs/case_study_2/runs/luca_unc_high_mag_025/20260628_144107,0,2,interval,2,9,2,0.3636,False,False,False,True,True,False,False,5.5,36.36363636363637,-2
validation_unc_luca,Rettenberger Uncertainty,luca_unc_high_mag_025,E2_sam2_deterministic,SAM2 mask,2026-06-28T14:41:07.602508+00:00,/home/nielsbroekhuizen/projects/my-vscode-project/outputs/case_study_2/runs/luca_unc_high_mag_025/20260628_144107,3,2,interval,2,9,0,0.0,True,True,True,True,True,True,True,5.5,0.0,1
validation_unc_luca,Rettenberger Uncertainty,luca_unc_high_mag_025,E3_imggen_deterministic,ImgGen mask,2026-06-28T14:41:07.602508+00:00,/home/nielsbroekhuizen/projects/my-vscode-project/outputs/case_study_2/runs/luca_unc_high_mag_025/20260628_144107,7,2,interval,2,9,0,0.0,True,True,True,True,True,True,True,5.5,0.0,5
validation_unc_luca,Rettenberger Uncertainty,luca_unc_high_mag_025,E4_sam2_overlay_vlm,SAM2 overlay,2026-06-28T14:41:07.602508+00:00,/home/nielsbroekhuizen/projects/my-vscode-project/outputs/case_study_2/runs/luca_unc_high_mag_025/20260628_144107,3,2,interval,2,9,0,0.0,True,True,True,True,True,True,True,5.5,0.0,1
validation_unc_luca,Rettenberger Uncertainty,luca_unc_high_mag_025,E5_imggen_overlay_vlm,ImgGen overlay,2026-06-28T14:41:07.602508+00:00,/home/nielsbroekhuizen/projects/my-vscode-project/outputs/case_study_2/runs/luca_unc_high_mag_025/20260628_144107,8,2,interval,2,9,0,0.0,True,True,True,True,True,True,True,5.5,0.0,6
validation_unc_luca,Rettenberger Uncertainty,luca_unc_high_mag_025,E6_sam3_deterministic,SAM3 mask,2026-06-28T14:41:07.602508+00:00,/home/nielsbroekhuizen/projects/my-vscode-project/outputs/case_study_2/runs/luca_unc_high_mag_025/20260628_144107,0,2,interval,2,9,2,0.3636,False,False,False,True,True,False,False,5.5,36.36363636363637,-2
validation_unc_luca,Rettenberger Uncertainty,luca_unc_high_mag_025,E7_sam3_overlay_vlm,SAM3 overlay,2026-06-28T14:41:07.602508+00:00,/home/nielsbroekhuizen/projects/my-vscode-project/outputs/case_study_2/runs/luca_unc_high_mag_025/20260628_144107,0,2,interval,2,9,2,0.3636,False,False,False,True,True,False,False,5.5,36.36363636363637,-2
validation_unc_luca,Rettenberger Uncertainty,luca_unc_high_mag_026,E1_raw_vlm,VLM,2026-06-28T14:44:26.175979+00:00,/home/nielsbroekhuizen/projects/my-vscode-project/outputs/case_study_2/runs/luca_unc_high_mag_026/20260628_144426,0,6,interval,6,15,6,0.5714,False,False,False,False,False,False,False,10.5,57.14285714285714,-6
validation_unc_luca,Rettenberger Uncertainty,luca_unc_high_mag_026,E2_sam2_deterministic,SAM2 mask,2026-06-28T14:44:26.175979+00:00,/home/nielsbroekhuizen/projects/my-vscode-project/outputs/case_study_2/runs/luca_unc_high_mag_026/20260628_144426,1,6,interval,6,15,5,0.4762,False,False,False,False,False,False,False,10.5,47.61904761904761,-5
validation_unc_luca,Rettenberger Uncertainty,luca_unc_high_mag_026,E3_imggen_deterministic,ImgGen mask,2026-06-28T14:44:26.175979+00:00,/home/nielsbroekhuizen/projects/my-vscode-project/outputs/case_study_2/runs/luca_unc_high_mag_026/20260628_144426,9,6,interval,6,15,0,0.0,True,True,True,True,True,True,True,10.5,0.0,3
validation_unc_luca,Rettenberger Uncertainty,luca_unc_high_mag_026,E4_sam2_overlay_vlm,SAM2 overlay,2026-06-28T14:44:26.175979+00:00,/home/nielsbroekhuizen/projects/my-vscode-project/outputs/case_study_2/runs/luca_unc_high_mag_026/20260628_144426,1,6,interval,6,15,5,0.4762,False,False,False,False,False,False,False,10.5,47.61904761904761,-5
validation_unc_luca,Rettenberger Uncertainty,luca_unc_high_mag_026,E5_imggen_overlay_vlm,ImgGen overlay,2026-06-28T14:44:26.175979+00:00,/home/nielsbroekhuizen/projects/my-vscode-project/outputs/case_study_2/runs/luca_unc_high_mag_026/20260628_144426,9,6,interval,6,15,0,0.0,True,True,True,True,True,True,True,10.5,0.0,3
validation_unc_luca,Rettenberger Uncertainty,luca_unc_high_mag_026,E6_sam3_deterministic,SAM3 mask,2026-06-28T14:44:26.175979+00:00,/home/nielsbroekhuizen/projects/my-vscode-project/outputs/case_study_2/runs/luca_unc_high_mag_026/20260628_144426,0,6,interval,6,15,6,0.5714,False,False,False,False,False,False,False,10.5,57.14285714285714,-6
validation_unc_luca,Rettenberger Uncertainty,luca_unc_high_mag_026,E7_sam3_overlay_vlm,SAM3 overlay,2026-06-28T14:44:26.175979+00:00,/home/nielsbroekhuizen/projects/my-vscode-project/outputs/case_study_2/runs/luca_unc_high_mag_026/20260628_144426,0,6,interval,6,15,6,0.5714,False,False,False,False,False,False,False,10.5,57.14285714285714,-6
validation_unc_luca,Rettenberger Uncertainty,luca_unc_high_mag_027,E1_raw_vlm,VLM,2026-06-28T14:47:52.724476+00:00,/home/nielsbroekhuizen/projects/my-vscode-project/outputs/case_study_2/runs/luca_unc_high_mag_027/20260628_144752,0,8,interval,8,27,8,0.4571,False,False,False,False,False,False,False,17.5,45.714285714285715,-8
validation_unc_luca,Rettenberger Uncertainty,luca_unc_high_mag_027,E2_sam2_deterministic,SAM2 mask,2026-06-28T14:47:52.724476+00:00,/home/nielsbroekhuizen/projects/my-vscode-project/outputs/case_study_2/runs/luca_unc_high_mag_027/20260628_144752,9,8,interval,8,27,0,0.0,True,True,True,True,True,True,True,17.5,0.0,1
validation_unc_luca,Rettenberger Uncertainty,luca_unc_high_mag_027,E3_imggen_deterministic,ImgGen mask,2026-06-28T14:47:52.724476+00:00,/home/nielsbroekhuizen/projects/my-vscode-project/outputs/case_study_2/runs/luca_unc_high_mag_027/20260628_144752,58,8,interval,8,27,31,1.7714,False,False,False,False,False,False,False,17.5,177.14285714285714,50
validation_unc_luca,Rettenberger Uncertainty,luca_unc_high_mag_027,E4_sam2_overlay_vlm,SAM2 overlay,2026-06-28T14:47:52.724476+00:00,/home/nielsbroekhuizen/projects/my-vscode-project/outputs/case_study_2/runs/luca_unc_high_mag_027/20260628_144752,9,8,interval,8,27,0,0.0,True,True,True,True,True,True,True,17.5,0.0,1
validation_unc_luca,Rettenberger Uncertainty,luca_unc_high_mag_027,E5_imggen_overlay_vlm,ImgGen overlay,2026-06-28T14:47:52.724476+00:00,/home/nielsbroekhuizen/projects/my-vscode-project/outputs/case_study_2/runs/luca_unc_high_mag_027/20260628_144752,77,8,interval,8,27,50,2.8571,False,False,False,False,False,False,False,17.5,285.7142857142857,69
validation_unc_luca,Rettenberger Uncertainty,luca_unc_high_mag_027,E6_sam3_deterministic,SAM3 mask,2026-06-28T14:47:52.724476+00:00,/home/nielsbroekhuizen/projects/my-vscode-project/outputs/case_study_2/runs/luca_unc_high_mag_027/20260628_144752,0,8,interval,8,27,8,0.4571,False,False,False,False,False,False,False,17.5,45.714285714285715,-8
validation_unc_luca,Rettenberger Uncertainty,luca_unc_high_mag_027,E7_sam3_overlay_vlm,SAM3 overlay,2026-06-28T14:47:52.724476+00:00,/home/nielsbroekhuizen/projects/my-vscode-project/outputs/case_study_2/runs/luca_unc_high_mag_027/20260628_144752,0,8,interval,8,27,8,0.4571,False,False,False,False,False,False,False,17.5,45.714285714285715,-8
validation_unc_luca,Rettenberger Uncertainty,luca_unc_high_mag_028,E1_raw_vlm,VLM,2026-06-28T14:53:41.461080+00:00,/home/nielsbroekhuizen/projects/my-vscode-project/outputs/case_study_2/runs/luca_unc_high_mag_028/20260628_145341,0,7,interval,7,26,7,0.4242,False,False,False,False,False,False,False,16.5,42.42424242424242,-7
validation_unc_luca,Rettenberger Uncertainty,luca_unc_high_mag_028,E2_sam2_deterministic,SAM2 mask,2026-06-28T14:53:41.461080+00:00,/home/nielsbroekhuizen/projects/my-vscode-project/outputs/case_study_2/runs/luca_unc_high_mag_028/20260628_145341,3,7,interval,7,26,4,0.2424,False,False,False,False,False,False,False,16.5,24.242424242424242,-4
validation_unc_luca,Rettenberger Uncertainty,luca_unc_high_mag_028,E3_imggen_deterministic,ImgGen mask,2026-06-28T14:53:41.461080+00:00,/home/nielsbroekhuizen/projects/my-vscode-project/outputs/case_study_2/runs/luca_unc_high_mag_028/20260628_145341,2,7,interval,7,26,5,0.303,False,False,False,False,False,False,False,16.5,30.303030303030305,-5
validation_unc_luca,Rettenberger Uncertainty,luca_unc_high_mag_028,E4_sam2_overlay_vlm,SAM2 overlay,2026-06-28T14:53:41.461080+00:00,/home/nielsbroekhuizen/projects/my-vscode-project/outputs/case_study_2/runs/luca_unc_high_mag_028/20260628_145341,4,7,interval,7,26,3,0.1818,False,False,False,False,True,False,False,16.5,18.181818181818183,-3
validation_unc_luca,Rettenberger Uncertainty,luca_unc_high_mag_028,E5_imggen_overlay_vlm,ImgGen overlay,2026-06-28T14:53:41.461080+00:00,/home/nielsbroekhuizen/projects/my-vscode-project/outputs/case_study_2/runs/luca_unc_high_mag_028/20260628_145341,3,7,interval,7,26,4,0.2424,False,False,False,False,False,False,False,16.5,24.242424242424242,-4
validation_unc_luca,Rettenberger Uncertainty,luca_unc_high_mag_028,E6_sam3_deterministic,SAM3 mask,2026-06-28T14:53:41.461080+00:00,/home/nielsbroekhuizen/projects/my-vscode-project/outputs/case_study_2/runs/luca_unc_high_mag_028/20260628_145341,0,7,interval,7,26,7,0.4242,False,False,False,False,False,False,False,16.5,42.42424242424242,-7
validation_unc_luca,Rettenberger Uncertainty,luca_unc_high_mag_028,E7_sam3_overlay_vlm,SAM3 overlay,2026-06-28T14:53:41.461080+00:00,/home/nielsbroekhuizen/projects/my-vscode-project/outputs/case_study_2/runs/luca_unc_high_mag_028/20260628_145341,0,7,interval,7,26,7,0.4242,False,False,False,False,False,False,False,16.5,42.42424242424242,-7
validation_unc_luca,Rettenberger Uncertainty,luca_unc_high_mag_029,E1_raw_vlm,VLM,2026-06-28T14:57:01.882731+00:00,/home/nielsbroekhuizen/projects/my-vscode-project/outputs/case_study_2/runs/luca_unc_high_mag_029/20260628_145701,0,1,interval,1,4,1,0.4,False,False,True,True,True,False,False,2.5,40.0,-1
validation_unc_luca,Rettenberger Uncertainty,luca_unc_high_mag_029,E2_sam2_deterministic,SAM2 mask,2026-06-28T14:57:01.882731+00:00,/home/nielsbroekhuizen/projects/my-vscode-project/outputs/case_study_2/runs/luca_unc_high_mag_029/20260628_145701,7,1,interval,1,4,3,1.2,False,False,False,False,True,False,False,2.5,120.0,6
validation_unc_luca,Rettenberger Uncertainty,luca_unc_high_mag_029,E3_imggen_deterministic,ImgGen mask,2026-06-28T14:57:01.882731+00:00,/home/nielsbroekhuizen/projects/my-vscode-project/outputs/case_study_2/runs/luca_unc_high_mag_029/20260628_145701,7,1,interval,1,4,3,1.2,False,False,False,False,True,False,False,2.5,120.0,6
validation_unc_luca,Rettenberger Uncertainty,luca_unc_high_mag_029,E4_sam2_overlay_vlm,SAM2 overlay,2026-06-28T14:57:01.882731+00:00,/home/nielsbroekhuizen/projects/my-vscode-project/outputs/case_study_2/runs/luca_unc_high_mag_029/20260628_145701,7,1,interval,1,4,3,1.2,False,False,False,False,True,False,False,2.5,120.0,6
validation_unc_luca,Rettenberger Uncertainty,luca_unc_high_mag_029,E5_imggen_overlay_vlm,ImgGen overlay,2026-06-28T14:57:01.882731+00:00,/home/nielsbroekhuizen/projects/my-vscode-project/outputs/case_study_2/runs/luca_unc_high_mag_029/20260628_145701,8,1,interval,1,4,4,1.6,False,False,False,False,False,False,False,2.5,160.0,7
validation_unc_luca,Rettenberger Uncertainty,luca_unc_high_mag_029,E6_sam3_deterministic,SAM3 mask,2026-06-28T14:57:01.882731+00:00,/home/nielsbroekhuizen/projects/my-vscode-project/outputs/case_study_2/runs/luca_unc_high_mag_029/20260628_145701,0,1,interval,1,4,1,0.4,False,False,True,True,True,False,False,2.5,40.0,-1
validation_unc_luca,Rettenberger Uncertainty,luca_unc_high_mag_029,E7_sam3_overlay_vlm,SAM3 overlay,2026-06-28T14:57:01.882731+00:00,/home/nielsbroekhuizen/projects/my-vscode-project/outputs/case_study_2/runs/luca_unc_high_mag_029/20260628_145701,0,1,interval,1,4,1,0.4,False,False,True,True,True,False,False,2.5,40.0,-1
validation_unc_luca,Rettenberger Uncertainty,luca_unc_high_mag_030,E1_raw_vlm,VLM,2026-06-28T15:00:24.373458+00:00,/home/nielsbroekhuizen/projects/my-vscode-project/outputs/case_study_2/runs/luca_unc_high_mag_030/20260628_150024,0,24,interval,24,59,24,0.5783,False,False,False,False,False,False,False,41.5,57.831325301204814,-24
validation_unc_luca,Rettenberger Uncertainty,luca_unc_high_mag_030,E2_sam2_deterministic,SAM2 mask,2026-06-28T15:00:24.373458+00:00,/home/nielsbroekhuizen/projects/my-vscode-project/outputs/case_study_2/runs/luca_unc_high_mag_030/20260628_150024,2,24,interval,24,59,22,0.5301,False,False,False,False,False,False,False,41.5,53.01204819277109,-22
validation_unc_luca,Rettenberger Uncertainty,luca_unc_high_mag_030,E3_imggen_deterministic,ImgGen mask,2026-06-28T15:00:24.373458+00:00,/home/nielsbroekhuizen/projects/my-vscode-project/outputs/case_study_2/runs/luca_unc_high_mag_030/20260628_150024,5,24,interval,24,59,19,0.4578,False,False,False,False,False,False,False,41.5,45.78313253012048,-19
validation_unc_luca,Rettenberger Uncertainty,luca_unc_high_mag_030,E4_sam2_overlay_vlm,SAM2 overlay,2026-06-28T15:00:24.373458+00:00,/home/nielsbroekhuizen/projects/my-vscode-project/outputs/case_study_2/runs/luca_unc_high_mag_030/20260628_150024,6,24,interval,24,59,18,0.4337,False,False,False,False,False,False,False,41.5,43.373493975903614,-18
validation_unc_luca,Rettenberger Uncertainty,luca_unc_high_mag_030,E5_imggen_overlay_vlm,ImgGen overlay,2026-06-28T15:00:24.373458+00:00,/home/nielsbroekhuizen/projects/my-vscode-project/outputs/case_study_2/runs/luca_unc_high_mag_030/20260628_150024,5,24,interval,24,59,19,0.4578,False,False,False,False,False,False,False,41.5,45.78313253012048,-19
validation_unc_luca,Rettenberger Uncertainty,luca_unc_high_mag_030,E6_sam3_deterministic,SAM3 mask,2026-06-28T15:00:24.373458+00:00,/home/nielsbroekhuizen/projects/my-vscode-project/outputs/case_study_2/runs/luca_unc_high_mag_030/20260628_150024,2,24,interval,24,59,22,0.5301,False,False,False,False,False,False,False,41.5,53.01204819277109,-22
validation_unc_luca,Rettenberger Uncertainty,luca_unc_high_mag_030,E7_sam3_overlay_vlm,SAM3 overlay,2026-06-28T15:00:24.373458+00:00,/home/nielsbroekhuizen/projects/my-vscode-project/outputs/case_study_2/runs/luca_unc_high_mag_030/20260628_150024,2,24,interval,24,59,22,0.5301,False,False,False,False,False,False,False,41.5,53.01204819277109,-22
validation_unc_luca,Rettenberger Uncertainty,luca_unc_high_mag_031,E1_raw_vlm,VLM,2026-06-28T15:04:38.693918+00:00,/home/nielsbroekhuizen/projects/my-vscode-project/outputs/case_study_2/runs/luca_unc_high_mag_031/20260628_150438,0,2,interval,2,10,2,0.3333,False,False,False,True,True,False,False,6.0,33.33333333333333,-2
validation_unc_luca,Rettenberger Uncertainty,luca_unc_high_mag_031,E2_sam2_deterministic,SAM2 mask,2026-06-28T15:04:38.693918+00:00,/home/nielsbroekhuizen/projects/my-vscode-project/outputs/case_study_2/runs/luca_unc_high_mag_031/20260628_150438,12,2,interval,2,10,2,0.3333,False,False,False,True,True,False,False,6.0,33.33333333333333,10
validation_unc_luca,Rettenberger Uncertainty,luca_unc_high_mag_031,E3_imggen_deterministic,ImgGen mask,2026-06-28T15:04:38.693918+00:00,/home/nielsbroekhuizen/projects/my-vscode-project/outputs/case_study_2/runs/luca_unc_high_mag_031/20260628_150438,20,2,interval,2,10,10,1.6667,False,False,False,False,False,False,False,6.0,166.66666666666669,18
validation_unc_luca,Rettenberger Uncertainty,luca_unc_high_mag_031,E4_sam2_overlay_vlm,SAM2 overlay,2026-06-28T15:04:38.693918+00:00,/home/nielsbroekhuizen/projects/my-vscode-project/outputs/case_study_2/runs/luca_unc_high_mag_031/20260628_150438,11,2,interval,2,10,1,0.1667,False,False,True,True,True,False,False,6.0,16.666666666666664,9
validation_unc_luca,Rettenberger Uncertainty,luca_unc_high_mag_031,E5_imggen_overlay_vlm,ImgGen overlay,2026-06-28T15:04:38.693918+00:00,/home/nielsbroekhuizen/projects/my-vscode-project/outputs/case_study_2/runs/luca_unc_high_mag_031/20260628_150438,20,2,interval,2,10,10,1.6667,False,False,False,False,False,False,False,6.0,166.66666666666669,18
validation_unc_luca,Rettenberger Uncertainty,luca_unc_high_mag_031,E6_sam3_deterministic,SAM3 mask,2026-06-28T15:04:38.693918+00:00,/home/nielsbroekhuizen/projects/my-vscode-project/outputs/case_study_2/runs/luca_unc_high_mag_031/20260628_150438,21,2,interval,2,10,11,1.8333,False,False,False,False,False,False,False,6.0,183.33333333333331,19
validation_unc_luca,Rettenberger Uncertainty,luca_unc_high_mag_031,E7_sam3_overlay_vlm,SAM3 overlay,2026-06-28T15:04:38.693918+00:00,/home/nielsbroekhuizen/projects/my-vscode-project/outputs/case_study_2/runs/luca_unc_high_mag_031/20260628_150438,21,2,interval,2,10,11,1.8333,False,False,False,False,False,False,False,6.0,183.33333333333331,19
validation_unc_luca,Rettenberger Uncertainty,luca_unc_high_mag_032,E1_raw_vlm,VLM,2026-06-28T15:08:56.099556+00:00,/home/nielsbroekhuizen/projects/my-vscode-project/outputs/case_study_2/runs/luca_unc_high_mag_032/20260628_150856,0,8,interval,8,18,8,0.6154,False,False,False,False,False,False,False,13.0,61.53846153846154,-8
validation_unc_luca,Rettenberger Uncertainty,luca_unc_high_mag_032,E2_sam2_deterministic,SAM2 mask,2026-06-28T15:08:56.099556+00:00,/home/nielsbroekhuizen/projects/my-vscode-project/outputs/case_study_2/runs/luca_unc_high_mag_032/20260628_150856,1,8,interval,8,18,7,0.5385,False,False,False,False,False,False,False,13.0,53.84615384615385,-7
validation_unc_luca,Rettenberger Uncertainty,luca_unc_high_mag_032,E3_imggen_deterministic,ImgGen mask,2026-06-28T15:08:56.099556+00:00,/home/nielsbroekhuizen/projects/my-vscode-project/outputs/case_study_2/runs/luca_unc_high_mag_032/20260628_150856,4,8,interval,8,18,4,0.3077,False,False,False,False,False,False,False,13.0,30.76923076923077,-4
validation_unc_luca,Rettenberger Uncertainty,luca_unc_high_mag_032,E4_sam2_overlay_vlm,SAM2 overlay,2026-06-28T15:08:56.099556+00:00,/home/nielsbroekhuizen/projects/my-vscode-project/outputs/case_study_2/runs/luca_unc_high_mag_032/20260628_150856,5,8,interval,8,18,3,0.2308,False,False,False,False,True,False,False,13.0,23.076923076923077,-3
validation_unc_luca,Rettenberger Uncertainty,luca_unc_high_mag_032,E5_imggen_overlay_vlm,ImgGen overlay,2026-06-28T15:08:56.099556+00:00,/home/nielsbroekhuizen/projects/my-vscode-project/outputs/case_study_2/runs/luca_unc_high_mag_032/20260628_150856,5,8,interval,8,18,3,0.2308,False,False,False,False,True,False,False,13.0,23.076923076923077,-3
validation_unc_luca,Rettenberger Uncertainty,luca_unc_high_mag_032,E6_sam3_deterministic,SAM3 mask,2026-06-28T15:08:56.099556+00:00,/home/nielsbroekhuizen/projects/my-vscode-project/outputs/case_study_2/runs/luca_unc_high_mag_032/20260628_150856,2,8,interval,8,18,6,0.4615,False,False,False,False,False,False,False,13.0,46.15384615384615,-6
validation_unc_luca,Rettenberger Uncertainty,luca_unc_high_mag_032,E7_sam3_overlay_vlm,SAM3 overlay,2026-06-28T15:08:56.099556+00:00,/home/nielsbroekhuizen/projects/my-vscode-project/outputs/case_study_2/runs/luca_unc_high_mag_032/20260628_150856,2,8,interval,8,18,6,0.4615,False,False,False,False,False,False,False,13.0,46.15384615384615,-6
validation_unc_luca,Rettenberger Uncertainty,luca_unc_high_mag_033,E1_raw_vlm,VLM,2026-06-28T15:12:28.365707+00:00,/home/nielsbroekhuizen/projects/my-vscode-project/outputs/case_study_2/runs/luca_unc_high_mag_033/20260628_151228,0,6,interval,6,18,6,0.5,False,False,False,False,False,False,False,12.0,50.0,-6
validation_unc_luca,Rettenberger Uncertainty,luca_unc_high_mag_033,E2_sam2_deterministic,SAM2 mask,2026-06-28T15:12:28.365707+00:00,/home/nielsbroekhuizen/projects/my-vscode-project/outputs/case_study_2/runs/luca_unc_high_mag_033/20260628_151228,10,6,interval,6,18,0,0.0,True,True,True,True,True,True,True,12.0,0.0,4
validation_unc_luca,Rettenberger Uncertainty,luca_unc_high_mag_033,E3_imggen_deterministic,ImgGen mask,2026-06-28T15:12:28.365707+00:00,/home/nielsbroekhuizen/projects/my-vscode-project/outputs/case_study_2/runs/luca_unc_high_mag_033/20260628_151228,9,6,interval,6,18,0,0.0,True,True,True,True,True,True,True,12.0,0.0,3
validation_unc_luca,Rettenberger Uncertainty,luca_unc_high_mag_033,E4_sam2_overlay_vlm,SAM2 overlay,2026-06-28T15:12:28.365707+00:00,/home/nielsbroekhuizen/projects/my-vscode-project/outputs/case_study_2/runs/luca_unc_high_mag_033/20260628_151228,12,6,interval,6,18,0,0.0,True,True,True,True,True,True,True,12.0,0.0,6
validation_unc_luca,Rettenberger Uncertainty,luca_unc_high_mag_033,E5_imggen_overlay_vlm,ImgGen overlay,2026-06-28T15:12:28.365707+00:00,/home/nielsbroekhuizen/projects/my-vscode-project/outputs/case_study_2/runs/luca_unc_high_mag_033/20260628_151228,27,6,interval,6,18,9,0.75,False,False,False,False,False,False,False,12.0,75.0,21
validation_unc_luca,Rettenberger Uncertainty,luca_unc_high_mag_033,E6_sam3_deterministic,SAM3 mask,2026-06-28T15:12:28.365707+00:00,/home/nielsbroekhuizen/projects/my-vscode-project/outputs/case_study_2/runs/luca_unc_high_mag_033/20260628_151228,2,6,interval,6,18,4,0.3333,False,False,False,False,False,False,False,12.0,33.33333333333333,-4
validation_unc_luca,Rettenberger Uncertainty,luca_unc_high_mag_033,E7_sam3_overlay_vlm,SAM3 overlay,2026-06-28T15:12:28.365707+00:00,/home/nielsbroekhuizen/projects/my-vscode-project/outputs/case_study_2/runs/luca_unc_high_mag_033/20260628_151228,1,6,interval,6,18,5,0.4167,False,False,False,False,False,False,False,12.0,41.66666666666667,-5
validation_unc_luca,Rettenberger Uncertainty,luca_unc_high_mag_034,E1_raw_vlm,VLM,2026-06-28T15:16:53.927164+00:00,/home/nielsbroekhuizen/projects/my-vscode-project/outputs/case_study_2/runs/luca_unc_high_mag_034/20260628_151653,0,4,interval,4,10,4,0.5714,False,False,False,False,False,False,False,7.0,57.14285714285714,-4
validation_unc_luca,Rettenberger Uncertainty,luca_unc_high_mag_034,E2_sam2_deterministic,SAM2 mask,2026-06-28T15:16:53.927164+00:00,/home/nielsbroekhuizen/projects/my-vscode-project/outputs/case_study_2/runs/luca_unc_high_mag_034/20260628_151653,36,4,interval,4,10,26,3.7143,False,False,False,False,False,False,False,7.0,371.42857142857144,32
validation_unc_luca,Rettenberger Uncertainty,luca_unc_high_mag_034,E3_imggen_deterministic,ImgGen mask,2026-06-28T15:16:53.927164+00:00,/home/nielsbroekhuizen/projects/my-vscode-project/outputs/case_study_2/runs/luca_unc_high_mag_034/20260628_151653,71,4,interval,4,10,61,8.7143,False,False,False,False,False,False,False,7.0,871.4285714285713,67
validation_unc_luca,Rettenberger Uncertainty,luca_unc_high_mag_034,E4_sam2_overlay_vlm,SAM2 overlay,2026-06-28T15:16:53.927164+00:00,/home/nielsbroekhuizen/projects/my-vscode-project/outputs/case_study_2/runs/luca_unc_high_mag_034/20260628_151653,27,4,interval,4,10,17,2.4286,False,False,False,False,False,False,False,7.0,242.85714285714283,23
validation_unc_luca,Rettenberger Uncertainty,luca_unc_high_mag_034,E5_imggen_overlay_vlm,ImgGen overlay,2026-06-28T15:16:53.927164+00:00,/home/nielsbroekhuizen/projects/my-vscode-project/outputs/case_study_2/runs/luca_unc_high_mag_034/20260628_151653,71,4,interval,4,10,61,8.7143,False,False,False,False,False,False,False,7.0,871.4285714285713,67
validation_unc_luca,Rettenberger Uncertainty,luca_unc_high_mag_034,E6_sam3_deterministic,SAM3 mask,2026-06-28T15:16:53.927164+00:00,/home/nielsbroekhuizen/projects/my-vscode-project/outputs/case_study_2/runs/luca_unc_high_mag_034/20260628_151653,0,4,interval,4,10,4,0.5714,False,False,False,False,False,False,False,7.0,57.14285714285714,-4
validation_unc_luca,Rettenberger Uncertainty,luca_unc_high_mag_034,E7_sam3_overlay_vlm,SAM3 overlay,2026-06-28T15:16:53.927164+00:00,/home/nielsbroekhuizen/projects/my-vscode-project/outputs/case_study_2/runs/luca_unc_high_mag_034/20260628_151653,0,4,interval,4,10,4,0.5714,False,False,False,False,False,False,False,7.0,57.14285714285714,-4
validation_unc_luca,Rettenberger Uncertainty,luca_unc_high_mag_035,E1_raw_vlm,VLM,2026-06-28T15:22:35.338483+00:00,/home/nielsbroekhuizen/projects/my-vscode-project/outputs/case_study_2/runs/luca_unc_high_mag_035/20260628_152235,0,4,interval,4,16,4,0.4,False,False,False,False,False,False,False,10.0,40.0,-4
validation_unc_luca,Rettenberger Uncertainty,luca_unc_high_mag_035,E2_sam2_deterministic,SAM2 mask,2026-06-28T15:22:35.338483+00:00,/home/nielsbroekhuizen/projects/my-vscode-project/outputs/case_study_2/runs/luca_unc_high_mag_035/20260628_152235,18,4,interval,4,16,2,0.2,False,False,False,True,True,False,False,10.0,20.0,14
validation_unc_luca,Rettenberger Uncertainty,luca_unc_high_mag_035,E3_imggen_deterministic,ImgGen mask,2026-06-28T15:22:35.338483+00:00,/home/nielsbroekhuizen/projects/my-vscode-project/outputs/case_study_2/runs/luca_unc_high_mag_035/20260628_152235,15,4,interval,4,16,0,0.0,True,True,True,True,True,True,True,10.0,0.0,11
validation_unc_luca,Rettenberger Uncertainty,luca_unc_high_mag_035,E4_sam2_overlay_vlm,SAM2 overlay,2026-06-28T15:22:35.338483+00:00,/home/nielsbroekhuizen/projects/my-vscode-project/outputs/case_study_2/runs/luca_unc_high_mag_035/20260628_152235,14,4,interval,4,16,0,0.0,True,True,True,True,True,True,True,10.0,0.0,10
validation_unc_luca,Rettenberger Uncertainty,luca_unc_high_mag_035,E5_imggen_overlay_vlm,ImgGen overlay,2026-06-28T15:22:35.338483+00:00,/home/nielsbroekhuizen/projects/my-vscode-project/outputs/case_study_2/runs/luca_unc_high_mag_035/20260628_152235,15,4,interval,4,16,0,0.0,True,True,True,True,True,True,True,10.0,0.0,11
validation_unc_luca,Rettenberger Uncertainty,luca_unc_high_mag_035,E6_sam3_deterministic,SAM3 mask,2026-06-28T15:22:35.338483+00:00,/home/nielsbroekhuizen/projects/my-vscode-project/outputs/case_study_2/runs/luca_unc_high_mag_035/20260628_152235,14,4,interval,4,16,0,0.0,True,True,True,True,True,True,True,10.0,0.0,10
validation_unc_luca,Rettenberger Uncertainty,luca_unc_high_mag_035,E7_sam3_overlay_vlm,SAM3 overlay,2026-06-28T15:22:35.338483+00:00,/home/nielsbroekhuizen/projects/my-vscode-project/outputs/case_study_2/runs/luca_unc_high_mag_035/20260628_152235,14,4,interval,4,16,0,0.0,True,True,True,True,True,True,True,10.0,0.0,10
validation_unc_luca,Rettenberger Uncertainty,luca_unc_high_mag_036,E1_raw_vlm,VLM,2026-06-28T15:25:56.458182+00:00,/home/nielsbroekhuizen/projects/my-vscode-project/outputs/case_study_2/runs/luca_unc_high_mag_036/20260628_152556,0,4,interval,4,9,4,0.6154,False,False,False,False,False,False,False,6.5,61.53846153846154,-4
validation_unc_luca,Rettenberger Uncertainty,luca_unc_high_mag_036,E2_sam2_deterministic,SAM2 mask,2026-06-28T15:25:56.458182+00:00,/home/nielsbroekhuizen/projects/my-vscode-project/outputs/case_study_2/runs/luca_unc_high_mag_036/20260628_152556,11,4,interval,4,9,2,0.3077,False,False,False,True,True,False,False,6.5,30.76923076923077,7
validation_unc_luca,Rettenberger Uncertainty,luca_unc_high_mag_036,E3_imggen_deterministic,ImgGen mask,2026-06-28T15:25:56.458182+00:00,/home/nielsbroekhuizen/projects/my-vscode-project/outputs/case_study_2/runs/luca_unc_high_mag_036/20260628_152556,13,4,interval,4,9,4,0.6154,False,False,False,False,False,False,False,6.5,61.53846153846154,9
validation_unc_luca,Rettenberger Uncertainty,luca_unc_high_mag_036,E4_sam2_overlay_vlm,SAM2 overlay,2026-06-28T15:25:56.458182+00:00,/home/nielsbroekhuizen/projects/my-vscode-project/outputs/case_study_2/runs/luca_unc_high_mag_036/20260628_152556,10,4,interval,4,9,1,0.1538,False,False,True,True,True,False,False,6.5,15.384615384615385,6
validation_unc_luca,Rettenberger Uncertainty,luca_unc_high_mag_036,E5_imggen_overlay_vlm,ImgGen overlay,2026-06-28T15:25:56.458182+00:00,/home/nielsbroekhuizen/projects/my-vscode-project/outputs/case_study_2/runs/luca_unc_high_mag_036/20260628_152556,10,4,interval,4,9,1,0.1538,False,False,True,True,True,False,False,6.5,15.384615384615385,6
validation_unc_luca,Rettenberger Uncertainty,luca_unc_high_mag_036,E6_sam3_deterministic,SAM3 mask,2026-06-28T15:25:56.458182+00:00,/home/nielsbroekhuizen/projects/my-vscode-project/outputs/case_study_2/runs/luca_unc_high_mag_036/20260628_152556,11,4,interval,4,9,2,0.3077,False,False,False,True,True,False,False,6.5,30.76923076923077,7
validation_unc_luca,Rettenberger Uncertainty,luca_unc_high_mag_036,E7_sam3_overlay_vlm,SAM3 overlay,2026-06-28T15:25:56.458182+00:00,/home/nielsbroekhuizen/projects/my-vscode-project/outputs/case_study_2/runs/luca_unc_high_mag_036/20260628_152556,14,4,interval,4,9,5,0.7692,False,False,False,False,False,False,False,6.5,76.92307692307693,10
validation_unc_luca,Rettenberger Uncertainty,luca_unc_high_mag_037,E1_raw_vlm,VLM,2026-06-28T15:30:15.784457+00:00,/home/nielsbroekhuizen/projects/my-vscode-project/outputs/case_study_2/runs/luca_unc_high_mag_037/20260628_153015,0,12,interval,12,41,12,0.4528,False,False,False,False,False,False,False,26.5,45.28301886792453,-12
validation_unc_luca,Rettenberger Uncertainty,luca_unc_high_mag_037,E2_sam2_deterministic,SAM2 mask,2026-06-28T15:30:15.784457+00:00,/home/nielsbroekhuizen/projects/my-vscode-project/outputs/case_study_2/runs/luca_unc_high_mag_037/20260628_153015,8,12,interval,12,41,4,0.1509,False,False,False,False,False,False,False,26.5,15.09433962264151,-4
validation_unc_luca,Rettenberger Uncertainty,luca_unc_high_mag_037,E3_imggen_deterministic,ImgGen mask,2026-06-28T15:30:15.784457+00:00,/home/nielsbroekhuizen/projects/my-vscode-project/outputs/case_study_2/runs/luca_unc_high_mag_037/20260628_153015,3,12,interval,12,41,9,0.3396,False,False,False,False,False,False,False,26.5,33.9622641509434,-9
validation_unc_luca,Rettenberger Uncertainty,luca_unc_high_mag_037,E4_sam2_overlay_vlm,SAM2 overlay,2026-06-28T15:30:15.784457+00:00,/home/nielsbroekhuizen/projects/my-vscode-project/outputs/case_study_2/runs/luca_unc_high_mag_037/20260628_153015,3,12,interval,12,41,9,0.3396,False,False,False,False,False,False,False,26.5,33.9622641509434,-9
validation_unc_luca,Rettenberger Uncertainty,luca_unc_high_mag_037,E5_imggen_overlay_vlm,ImgGen overlay,2026-06-28T15:30:15.784457+00:00,/home/nielsbroekhuizen/projects/my-vscode-project/outputs/case_study_2/runs/luca_unc_high_mag_037/20260628_153015,6,12,interval,12,41,6,0.2264,False,False,False,False,False,False,False,26.5,22.641509433962266,-6
validation_unc_luca,Rettenberger Uncertainty,luca_unc_high_mag_037,E6_sam3_deterministic,SAM3 mask,2026-06-28T15:30:15.784457+00:00,/home/nielsbroekhuizen/projects/my-vscode-project/outputs/case_study_2/runs/luca_unc_high_mag_037/20260628_153015,2,12,interval,12,41,10,0.3774,False,False,False,False,False,False,False,26.5,37.735849056603776,-10
validation_unc_luca,Rettenberger Uncertainty,luca_unc_high_mag_037,E7_sam3_overlay_vlm,SAM3 overlay,2026-06-28T15:30:15.784457+00:00,/home/nielsbroekhuizen/projects/my-vscode-project/outputs/case_study_2/runs/luca_unc_high_mag_037/20260628_153015,2,12,interval,12,41,10,0.3774,False,False,False,False,False,False,False,26.5,37.735849056603776,-10
validation_unc_luca,Rettenberger Uncertainty,luca_unc_high_mag_038,E1_raw_vlm,VLM,2026-06-28T15:33:45.155947+00:00,/home/nielsbroekhuizen/projects/my-vscode-project/outputs/case_study_2/runs/luca_unc_high_mag_038/20260628_153345,0,3,interval,3,10,3,0.4615,False,False,False,False,True,False,False,6.5,46.15384615384615,-3
validation_unc_luca,Rettenberger Uncertainty,luca_unc_high_mag_038,E2_sam2_deterministic,SAM2 mask,2026-06-28T15:33:45.155947+00:00,/home/nielsbroekhuizen/projects/my-vscode-project/outputs/case_study_2/runs/luca_unc_high_mag_038/20260628_153345,10,3,interval,3,10,0,0.0,True,True,True,True,True,True,True,6.5,0.0,7
validation_unc_luca,Rettenberger Uncertainty,luca_unc_high_mag_038,E3_imggen_deterministic,ImgGen mask,2026-06-28T15:33:45.155947+00:00,/home/nielsbroekhuizen/projects/my-vscode-project/outputs/case_study_2/runs/luca_unc_high_mag_038/20260628_153345,7,3,interval,3,10,0,0.0,True,True,True,True,True,True,True,6.5,0.0,4
validation_unc_luca,Rettenberger Uncertainty,luca_unc_high_mag_038,E4_sam2_overlay_vlm,SAM2 overlay,2026-06-28T15:33:45.155947+00:00,/home/nielsbroekhuizen/projects/my-vscode-project/outputs/case_study_2/runs/luca_unc_high_mag_038/20260628_153345,5,3,interval,3,10,0,0.0,True,True,True,True,True,True,True,6.5,0.0,2
validation_unc_luca,Rettenberger Uncertainty,luca_unc_high_mag_038,E5_imggen_overlay_vlm,ImgGen overlay,2026-06-28T15:33:45.155947+00:00,/home/nielsbroekhuizen/projects/my-vscode-project/outputs/case_study_2/runs/luca_unc_high_mag_038/20260628_153345,8,3,interval,3,10,0,0.0,True,True,True,True,True,True,True,6.5,0.0,5
validation_unc_luca,Rettenberger Uncertainty,luca_unc_high_mag_038,E6_sam3_deterministic,SAM3 mask,2026-06-28T15:33:45.155947+00:00,/home/nielsbroekhuizen/projects/my-vscode-project/outputs/case_study_2/runs/luca_unc_high_mag_038/20260628_153345,4,3,interval,3,10,0,0.0,True,True,True,True,True,True,True,6.5,0.0,1
validation_unc_luca,Rettenberger Uncertainty,luca_unc_high_mag_038,E7_sam3_overlay_vlm,SAM3 overlay,2026-06-28T15:33:45.155947+00:00,/home/nielsbroekhuizen/projects/my-vscode-project/outputs/case_study_2/runs/luca_unc_high_mag_038/20260628_153345,5,3,interval,3,10,0,0.0,True,True,True,True,True,True,True,6.5,0.0,2
validation_unc_luca,Rettenberger Uncertainty,luca_unc_high_mag_039,E1_raw_vlm,VLM,2026-06-28T15:37:28.241964+00:00,/home/nielsbroekhuizen/projects/my-vscode-project/outputs/case_study_2/runs/luca_unc_high_mag_039/20260628_153728,0,18,interval,18,46,18,0.5625,False,False,False,False,False,False,False,32.0,56.25,-18
validation_unc_luca,Rettenberger Uncertainty,luca_unc_high_mag_039,E2_sam2_deterministic,SAM2 mask,2026-06-28T15:37:28.241964+00:00,/home/nielsbroekhuizen/projects/my-vscode-project/outputs/case_study_2/runs/luca_unc_high_mag_039/20260628_153728,8,18,interval,18,46,10,0.3125,False,False,False,False,False,False,False,32.0,31.25,-10
validation_unc_luca,Rettenberger Uncertainty,luca_unc_high_mag_039,E3_imggen_deterministic,ImgGen mask,2026-06-28T15:37:28.241964+00:00,/home/nielsbroekhuizen/projects/my-vscode-project/outputs/case_study_2/runs/luca_unc_high_mag_039/20260628_153728,8,18,interval,18,46,10,0.3125,False,False,False,False,False,False,False,32.0,31.25,-10
validation_unc_luca,Rettenberger Uncertainty,luca_unc_high_mag_039,E4_sam2_overlay_vlm,SAM2 overlay,2026-06-28T15:37:28.241964+00:00,/home/nielsbroekhuizen/projects/my-vscode-project/outputs/case_study_2/runs/luca_unc_high_mag_039/20260628_153728,6,18,interval,18,46,12,0.375,False,False,False,False,False,False,False,32.0,37.5,-12
validation_unc_luca,Rettenberger Uncertainty,luca_unc_high_mag_039,E5_imggen_overlay_vlm,ImgGen overlay,2026-06-28T15:37:28.241964+00:00,/home/nielsbroekhuizen/projects/my-vscode-project/outputs/case_study_2/runs/luca_unc_high_mag_039/20260628_153728,8,18,interval,18,46,10,0.3125,False,False,False,False,False,False,False,32.0,31.25,-10
validation_unc_luca,Rettenberger Uncertainty,luca_unc_high_mag_039,E6_sam3_deterministic,SAM3 mask,2026-06-28T15:37:28.241964+00:00,/home/nielsbroekhuizen/projects/my-vscode-project/outputs/case_study_2/runs/luca_unc_high_mag_039/20260628_153728,3,18,interval,18,46,15,0.4688,False,False,False,False,False,False,False,32.0,46.875,-15
validation_unc_luca,Rettenberger Uncertainty,luca_unc_high_mag_039,E7_sam3_overlay_vlm,SAM3 overlay,2026-06-28T15:37:28.241964+00:00,/home/nielsbroekhuizen/projects/my-vscode-project/outputs/case_study_2/runs/luca_unc_high_mag_039/20260628_153728,9,18,interval,18,46,9,0.2812,False,False,False,False,False,False,False,32.0,28.125,-9
validation_unc_luca,Rettenberger Uncertainty,luca_unc_low_mag_000,E1_raw_vlm,VLM,2026-06-28T15:41:26.425347+00:00,/home/nielsbroekhuizen/projects/my-vscode-project/outputs/case_study_2/runs/luca_unc_low_mag_000/20260628_154126,0,5,interval,5,28,5,0.303,False,False,False,False,False,False,False,16.5,30.303030303030305,-5
validation_unc_luca,Rettenberger Uncertainty,luca_unc_low_mag_000,E2_sam2_deterministic,SAM2 mask,2026-06-28T15:41:26.425347+00:00,/home/nielsbroekhuizen/projects/my-vscode-project/outputs/case_study_2/runs/luca_unc_low_mag_000/20260628_154126,6,5,interval,5,28,0,0.0,True,True,True,True,True,True,True,16.5,0.0,1
validation_unc_luca,Rettenberger Uncertainty,luca_unc_low_mag_000,E3_imggen_deterministic,ImgGen mask,2026-06-28T15:41:26.425347+00:00,/home/nielsbroekhuizen/projects/my-vscode-project/outputs/case_study_2/runs/luca_unc_low_mag_000/20260628_154126,35,5,interval,5,28,7,0.4242,False,False,False,False,False,False,False,16.5,42.42424242424242,30
validation_unc_luca,Rettenberger Uncertainty,luca_unc_low_mag_000,E4_sam2_overlay_vlm,SAM2 overlay,2026-06-28T15:41:26.425347+00:00,/home/nielsbroekhuizen/projects/my-vscode-project/outputs/case_study_2/runs/luca_unc_low_mag_000/20260628_154126,6,5,interval,5,28,0,0.0,True,True,True,True,True,True,True,16.5,0.0,1
validation_unc_luca,Rettenberger Uncertainty,luca_unc_low_mag_000,E5_imggen_overlay_vlm,ImgGen overlay,2026-06-28T15:41:26.425347+00:00,/home/nielsbroekhuizen/projects/my-vscode-project/outputs/case_study_2/runs/luca_unc_low_mag_000/20260628_154126,35,5,interval,5,28,7,0.4242,False,False,False,False,False,False,False,16.5,42.42424242424242,30
validation_unc_luca,Rettenberger Uncertainty,luca_unc_low_mag_000,E6_sam3_deterministic,SAM3 mask,2026-06-28T15:41:26.425347+00:00,/home/nielsbroekhuizen/projects/my-vscode-project/outputs/case_study_2/runs/luca_unc_low_mag_000/20260628_154126,39,5,interval,5,28,11,0.6667,False,False,False,False,False,False,False,16.5,66.66666666666666,34
validation_unc_luca,Rettenberger Uncertainty,luca_unc_low_mag_000,E7_sam3_overlay_vlm,SAM3 overlay,2026-06-28T15:41:26.425347+00:00,/home/nielsbroekhuizen/projects/my-vscode-project/outputs/case_study_2/runs/luca_unc_low_mag_000/20260628_154126,38,5,interval,5,28,10,0.6061,False,False,False,False,False,False,False,16.5,60.60606060606061,33
validation_unc_luca,Rettenberger Uncertainty,luca_unc_low_mag_001,E1_raw_vlm,VLM,2026-06-28T15:47:23.235390+00:00,/home/nielsbroekhuizen/projects/my-vscode-project/outputs/case_study_2/runs/luca_unc_low_mag_001/20260628_154723,0,15,interval,15,39,15,0.5556,False,False,False,False,False,False,False,27.0,55.55555555555556,-15
validation_unc_luca,Rettenberger Uncertainty,luca_unc_low_mag_001,E2_sam2_deterministic,SAM2 mask,2026-06-28T15:47:23.235390+00:00,/home/nielsbroekhuizen/projects/my-vscode-project/outputs/case_study_2/runs/luca_unc_low_mag_001/20260628_154723,3,15,interval,15,39,12,0.4444,False,False,False,False,False,False,False,27.0,44.44444444444444,-12
validation_unc_luca,Rettenberger Uncertainty,luca_unc_low_mag_001,E3_imggen_deterministic,ImgGen mask,2026-06-28T15:47:23.235390+00:00,/home/nielsbroekhuizen/projects/my-vscode-project/outputs/case_study_2/runs/luca_unc_low_mag_001/20260628_154723,40,15,interval,15,39,1,0.037,False,False,True,True,True,True,True,27.0,3.7037037037037033,25
validation_unc_luca,Rettenberger Uncertainty,luca_unc_low_mag_001,E4_sam2_overlay_vlm,SAM2 overlay,2026-06-28T15:47:23.235390+00:00,/home/nielsbroekhuizen/projects/my-vscode-project/outputs/case_study_2/runs/luca_unc_low_mag_001/20260628_154723,10,15,interval,15,39,5,0.1852,False,False,False,False,False,False,False,27.0,18.51851851851852,-5
validation_unc_luca,Rettenberger Uncertainty,luca_unc_low_mag_001,E5_imggen_overlay_vlm,ImgGen overlay,2026-06-28T15:47:23.235390+00:00,/home/nielsbroekhuizen/projects/my-vscode-project/outputs/case_study_2/runs/luca_unc_low_mag_001/20260628_154723,43,15,interval,15,39,4,0.1481,False,False,False,False,False,False,False,27.0,14.814814814814813,28
validation_unc_luca,Rettenberger Uncertainty,luca_unc_low_mag_001,E6_sam3_deterministic,SAM3 mask,2026-06-28T15:47:23.235390+00:00,/home/nielsbroekhuizen/projects/my-vscode-project/outputs/case_study_2/runs/luca_unc_low_mag_001/20260628_154723,12,15,interval,15,39,3,0.1111,False,False,False,False,True,False,False,27.0,11.11111111111111,-3
validation_unc_luca,Rettenberger Uncertainty,luca_unc_low_mag_001,E7_sam3_overlay_vlm,SAM3 overlay,2026-06-28T15:47:23.235390+00:00,/home/nielsbroekhuizen/projects/my-vscode-project/outputs/case_study_2/runs/luca_unc_low_mag_001/20260628_154723,22,15,interval,15,39,0,0.0,True,True,True,True,True,True,True,27.0,0.0,7
validation_unc_luca,Rettenberger Uncertainty,luca_unc_low_mag_002,E1_raw_vlm,VLM,2026-06-28T15:53:26.628879+00:00,/home/nielsbroekhuizen/projects/my-vscode-project/outputs/case_study_2/runs/luca_unc_low_mag_002/20260628_155326,0,21,interval,21,55,21,0.5526,False,False,False,False,False,False,False,38.0,55.26315789473685,-21
validation_unc_luca,Rettenberger Uncertainty,luca_unc_low_mag_002,E2_sam2_deterministic,SAM2 mask,2026-06-28T15:53:26.628879+00:00,/home/nielsbroekhuizen/projects/my-vscode-project/outputs/case_study_2/runs/luca_unc_low_mag_002/20260628_155326,12,21,interval,21,55,9,0.2368,False,False,False,False,False,False,False,38.0,23.684210526315788,-9
validation_unc_luca,Rettenberger Uncertainty,luca_unc_low_mag_002,E3_imggen_deterministic,ImgGen mask,2026-06-28T15:53:26.628879+00:00,/home/nielsbroekhuizen/projects/my-vscode-project/outputs/case_study_2/runs/luca_unc_low_mag_002/20260628_155326,22,21,interval,21,55,0,0.0,True,True,True,True,True,True,True,38.0,0.0,1
validation_unc_luca,Rettenberger Uncertainty,luca_unc_low_mag_002,E4_sam2_overlay_vlm,SAM2 overlay,2026-06-28T15:53:26.628879+00:00,/home/nielsbroekhuizen/projects/my-vscode-project/outputs/case_study_2/runs/luca_unc_low_mag_002/20260628_155326,11,21,interval,21,55,10,0.2632,False,False,False,False,False,False,False,38.0,26.31578947368421,-10
validation_unc_luca,Rettenberger Uncertainty,luca_unc_low_mag_002,E5_imggen_overlay_vlm,ImgGen overlay,2026-06-28T15:53:26.628879+00:00,/home/nielsbroekhuizen/projects/my-vscode-project/outputs/case_study_2/runs/luca_unc_low_mag_002/20260628_155326,21,21,interval,21,55,0,0.0,True,True,True,True,True,True,True,38.0,0.0,0
validation_unc_luca,Rettenberger Uncertainty,luca_unc_low_mag_002,E6_sam3_deterministic,SAM3 mask,2026-06-28T15:53:26.628879+00:00,/home/nielsbroekhuizen/projects/my-vscode-project/outputs/case_study_2/runs/luca_unc_low_mag_002/20260628_155326,3,21,interval,21,55,18,0.4737,False,False,False,False,False,False,False,38.0,47.368421052631575,-18
validation_unc_luca,Rettenberger Uncertainty,luca_unc_low_mag_002,E7_sam3_overlay_vlm,SAM3 overlay,2026-06-28T15:53:26.628879+00:00,/home/nielsbroekhuizen/projects/my-vscode-project/outputs/case_study_2/runs/luca_unc_low_mag_002/20260628_155326,3,21,interval,21,55,18,0.4737,False,False,False,False,False,False,False,38.0,47.368421052631575,-18
validation_unc_luca,Rettenberger Uncertainty,luca_unc_low_mag_003,E1_raw_vlm,VLM,2026-06-28T15:58:47.913168+00:00,/home/nielsbroekhuizen/projects/my-vscode-project/outputs/case_study_2/runs/luca_unc_low_mag_003/20260628_155847,0,10,interval,10,22,10,0.625,False,False,False,False,False,False,False,16.0,62.5,-10
validation_unc_luca,Rettenberger Uncertainty,luca_unc_low_mag_003,E2_sam2_deterministic,SAM2 mask,2026-06-28T15:58:47.913168+00:00,/home/nielsbroekhuizen/projects/my-vscode-project/outputs/case_study_2/runs/luca_unc_low_mag_003/20260628_155847,1,10,interval,10,22,9,0.5625,False,False,False,False,False,False,False,16.0,56.25,-9
validation_unc_luca,Rettenberger Uncertainty,luca_unc_low_mag_003,E3_imggen_deterministic,ImgGen mask,2026-06-28T15:58:47.913168+00:00,/home/nielsbroekhuizen/projects/my-vscode-project/outputs/case_study_2/runs/luca_unc_low_mag_003/20260628_155847,5,10,interval,10,22,5,0.3125,False,False,False,False,False,False,False,16.0,31.25,-5
validation_unc_luca,Rettenberger Uncertainty,luca_unc_low_mag_003,E4_sam2_overlay_vlm,SAM2 overlay,2026-06-28T15:58:47.913168+00:00,/home/nielsbroekhuizen/projects/my-vscode-project/outputs/case_study_2/runs/luca_unc_low_mag_003/20260628_155847,4,10,interval,10,22,6,0.375,False,False,False,False,False,False,False,16.0,37.5,-6
validation_unc_luca,Rettenberger Uncertainty,luca_unc_low_mag_003,E5_imggen_overlay_vlm,ImgGen overlay,2026-06-28T15:58:47.913168+00:00,/home/nielsbroekhuizen/projects/my-vscode-project/outputs/case_study_2/runs/luca_unc_low_mag_003/20260628_155847,4,10,interval,10,22,6,0.375,False,False,False,False,False,False,False,16.0,37.5,-6
validation_unc_luca,Rettenberger Uncertainty,luca_unc_low_mag_003,E6_sam3_deterministic,SAM3 mask,2026-06-28T15:58:47.913168+00:00,/home/nielsbroekhuizen/projects/my-vscode-project/outputs/case_study_2/runs/luca_unc_low_mag_003/20260628_155847,3,10,interval,10,22,7,0.4375,False,False,False,False,False,False,False,16.0,43.75,-7
validation_unc_luca,Rettenberger Uncertainty,luca_unc_low_mag_003,E7_sam3_overlay_vlm,SAM3 overlay,2026-06-28T15:58:47.913168+00:00,/home/nielsbroekhuizen/projects/my-vscode-project/outputs/case_study_2/runs/luca_unc_low_mag_003/20260628_155847,2,10,interval,10,22,8,0.5,False,False,False,False,False,False,False,16.0,50.0,-8
validation_unc_luca,Rettenberger Uncertainty,luca_unc_low_mag_004,E1_raw_vlm,VLM,2026-06-28T16:03:28.519970+00:00,/home/nielsbroekhuizen/projects/my-vscode-project/outputs/case_study_2/runs/luca_unc_low_mag_004/20260628_160328,0,4,interval,4,12,4,0.5,False,False,False,False,False,False,False,8.0,50.0,-4
validation_unc_luca,Rettenberger Uncertainty,luca_unc_low_mag_004,E2_sam2_deterministic,SAM2 mask,2026-06-28T16:03:28.519970+00:00,/home/nielsbroekhuizen/projects/my-vscode-project/outputs/case_study_2/runs/luca_unc_low_mag_004/20260628_160328,5,4,interval,4,12,0,0.0,True,True,True,True,True,True,True,8.0,0.0,1
validation_unc_luca,Rettenberger Uncertainty,luca_unc_low_mag_004,E3_imggen_deterministic,ImgGen mask,2026-06-28T16:03:28.519970+00:00,/home/nielsbroekhuizen/projects/my-vscode-project/outputs/case_study_2/runs/luca_unc_low_mag_004/20260628_160328,23,4,interval,4,12,11,1.375,False,False,False,False,False,False,False,8.0,137.5,19
validation_unc_luca,Rettenberger Uncertainty,luca_unc_low_mag_004,E4_sam2_overlay_vlm,SAM2 overlay,2026-06-28T16:03:28.519970+00:00,/home/nielsbroekhuizen/projects/my-vscode-project/outputs/case_study_2/runs/luca_unc_low_mag_004/20260628_160328,5,4,interval,4,12,0,0.0,True,True,True,True,True,True,True,8.0,0.0,1
validation_unc_luca,Rettenberger Uncertainty,luca_unc_low_mag_004,E5_imggen_overlay_vlm,ImgGen overlay,2026-06-28T16:03:28.519970+00:00,/home/nielsbroekhuizen/projects/my-vscode-project/outputs/case_study_2/runs/luca_unc_low_mag_004/20260628_160328,15,4,interval,4,12,3,0.375,False,False,False,False,True,False,False,8.0,37.5,11
validation_unc_luca,Rettenberger Uncertainty,luca_unc_low_mag_004,E6_sam3_deterministic,SAM3 mask,2026-06-28T16:03:28.519970+00:00,/home/nielsbroekhuizen/projects/my-vscode-project/outputs/case_study_2/runs/luca_unc_low_mag_004/20260628_160328,21,4,interval,4,12,9,1.125,False,False,False,False,False,False,False,8.0,112.5,17
validation_unc_luca,Rettenberger Uncertainty,luca_unc_low_mag_004,E7_sam3_overlay_vlm,SAM3 overlay,2026-06-28T16:03:28.519970+00:00,/home/nielsbroekhuizen/projects/my-vscode-project/outputs/case_study_2/runs/luca_unc_low_mag_004/20260628_160328,20,4,interval,4,12,8,1.0,False,False,False,False,False,False,False,8.0,100.0,16
validation_unc_luca,Rettenberger Uncertainty,luca_unc_low_mag_005,E1_raw_vlm,VLM,2026-06-28T16:09:17.975021+00:00,/home/nielsbroekhuizen/projects/my-vscode-project/outputs/case_study_2/runs/luca_unc_low_mag_005/20260628_160917,0,3,interval,3,46,3,0.1224,False,False,False,False,True,False,False,24.5,12.244897959183673,-3
validation_unc_luca,Rettenberger Uncertainty,luca_unc_low_mag_005,E2_sam2_deterministic,SAM2 mask,2026-06-28T16:09:17.975021+00:00,/home/nielsbroekhuizen/projects/my-vscode-project/outputs/case_study_2/runs/luca_unc_low_mag_005/20260628_160917,2,3,interval,3,46,1,0.0408,False,False,True,True,True,True,True,24.5,4.081632653061225,-1
validation_unc_luca,Rettenberger Uncertainty,luca_unc_low_mag_005,E3_imggen_deterministic,ImgGen mask,2026-06-28T16:09:17.975021+00:00,/home/nielsbroekhuizen/projects/my-vscode-project/outputs/case_study_2/runs/luca_unc_low_mag_005/20260628_160917,1,3,interval,3,46,2,0.0816,False,False,False,True,True,False,True,24.5,8.16326530612245,-2
validation_unc_luca,Rettenberger Uncertainty,luca_unc_low_mag_005,E4_sam2_overlay_vlm,SAM2 overlay,2026-06-28T16:09:17.975021+00:00,/home/nielsbroekhuizen/projects/my-vscode-project/outputs/case_study_2/runs/luca_unc_low_mag_005/20260628_160917,3,3,interval,3,46,0,0.0,True,True,True,True,True,True,True,24.5,0.0,0
validation_unc_luca,Rettenberger Uncertainty,luca_unc_low_mag_005,E5_imggen_overlay_vlm,ImgGen overlay,2026-06-28T16:09:17.975021+00:00,/home/nielsbroekhuizen/projects/my-vscode-project/outputs/case_study_2/runs/luca_unc_low_mag_005/20260628_160917,1,3,interval,3,46,2,0.0816,False,False,False,True,True,False,True,24.5,8.16326530612245,-2
validation_unc_luca,Rettenberger Uncertainty,luca_unc_low_mag_005,E6_sam3_deterministic,SAM3 mask,2026-06-28T16:09:17.975021+00:00,/home/nielsbroekhuizen/projects/my-vscode-project/outputs/case_study_2/runs/luca_unc_low_mag_005/20260628_160917,0,3,interval,3,46,3,0.1224,False,False,False,False,True,False,False,24.5,12.244897959183673,-3
validation_unc_luca,Rettenberger Uncertainty,luca_unc_low_mag_005,E7_sam3_overlay_vlm,SAM3 overlay,2026-06-28T16:09:17.975021+00:00,/home/nielsbroekhuizen/projects/my-vscode-project/outputs/case_study_2/runs/luca_unc_low_mag_005/20260628_160917,0,3,interval,3,46,3,0.1224,False,False,False,False,True,False,False,24.5,12.244897959183673,-3
validation_unc_luca,Rettenberger Uncertainty,luca_unc_low_mag_006,E1_raw_vlm,VLM,2026-06-28T16:12:59.770034+00:00,/home/nielsbroekhuizen/projects/my-vscode-project/outputs/case_study_2/runs/luca_unc_low_mag_006/20260628_161259,0,6,interval,6,150,6,0.0769,False,False,False,False,False,False,True,78.0,7.6923076923076925,-6
validation_unc_luca,Rettenberger Uncertainty,luca_unc_low_mag_006,E2_sam2_deterministic,SAM2 mask,2026-06-28T16:12:59.770034+00:00,/home/nielsbroekhuizen/projects/my-vscode-project/outputs/case_study_2/runs/luca_unc_low_mag_006/20260628_161259,3,6,interval,6,150,3,0.0385,False,False,False,False,True,True,True,78.0,3.8461538461538463,-3
validation_unc_luca,Rettenberger Uncertainty,luca_unc_low_mag_006,E3_imggen_deterministic,ImgGen mask,2026-06-28T16:12:59.770034+00:00,/home/nielsbroekhuizen/projects/my-vscode-project/outputs/case_study_2/runs/luca_unc_low_mag_006/20260628_161259,5,6,interval,6,150,1,0.0128,False,False,True,True,True,True,True,78.0,1.282051282051282,-1
validation_unc_luca,Rettenberger Uncertainty,luca_unc_low_mag_006,E4_sam2_overlay_vlm,SAM2 overlay,2026-06-28T16:12:59.770034+00:00,/home/nielsbroekhuizen/projects/my-vscode-project/outputs/case_study_2/runs/luca_unc_low_mag_006/20260628_161259,7,6,interval,6,150,0,0.0,True,True,True,True,True,True,True,78.0,0.0,1
validation_unc_luca,Rettenberger Uncertainty,luca_unc_low_mag_006,E5_imggen_overlay_vlm,ImgGen overlay,2026-06-28T16:12:59.770034+00:00,/home/nielsbroekhuizen/projects/my-vscode-project/outputs/case_study_2/runs/luca_unc_low_mag_006/20260628_161259,5,6,interval,6,150,1,0.0128,False,False,True,True,True,True,True,78.0,1.282051282051282,-1
validation_unc_luca,Rettenberger Uncertainty,luca_unc_low_mag_006,E6_sam3_deterministic,SAM3 mask,2026-06-28T16:12:59.770034+00:00,/home/nielsbroekhuizen/projects/my-vscode-project/outputs/case_study_2/runs/luca_unc_low_mag_006/20260628_161259,4,6,interval,6,150,2,0.0256,False,False,False,True,True,True,True,78.0,2.564102564102564,-2
validation_unc_luca,Rettenberger Uncertainty,luca_unc_low_mag_006,E7_sam3_overlay_vlm,SAM3 overlay,2026-06-28T16:12:59.770034+00:00,/home/nielsbroekhuizen/projects/my-vscode-project/outputs/case_study_2/runs/luca_unc_low_mag_006/20260628_161259,4,6,interval,6,150,2,0.0256,False,False,False,True,True,True,True,78.0,2.564102564102564,-2
validation_unc_luca,Rettenberger Uncertainty,luca_unc_low_mag_007,E1_raw_vlm,VLM,2026-06-28T16:16:52.030638+00:00,/home/nielsbroekhuizen/projects/my-vscode-project/outputs/case_study_2/runs/luca_unc_low_mag_007/20260628_161652,0,20,interval,20,89,20,0.367,False,False,False,False,False,False,False,54.5,36.69724770642202,-20
validation_unc_luca,Rettenberger Uncertainty,luca_unc_low_mag_007,E2_sam2_deterministic,SAM2 mask,2026-06-28T16:16:52.030638+00:00,/home/nielsbroekhuizen/projects/my-vscode-project/outputs/case_study_2/runs/luca_unc_low_mag_007/20260628_161652,6,20,interval,20,89,14,0.2569,False,False,False,False,False,False,False,54.5,25.688073394495415,-14
validation_unc_luca,Rettenberger Uncertainty,luca_unc_low_mag_007,E3_imggen_deterministic,ImgGen mask,2026-06-28T16:16:52.030638+00:00,/home/nielsbroekhuizen/projects/my-vscode-project/outputs/case_study_2/runs/luca_unc_low_mag_007/20260628_161652,3,20,interval,20,89,17,0.3119,False,False,False,False,False,False,False,54.5,31.19266055045872,-17
validation_unc_luca,Rettenberger Uncertainty,luca_unc_low_mag_007,E4_sam2_overlay_vlm,SAM2 overlay,2026-06-28T16:16:52.030638+00:00,/home/nielsbroekhuizen/projects/my-vscode-project/outputs/case_study_2/runs/luca_unc_low_mag_007/20260628_161652,5,20,interval,20,89,15,0.2752,False,False,False,False,False,False,False,54.5,27.522935779816514,-15
validation_unc_luca,Rettenberger Uncertainty,luca_unc_low_mag_007,E5_imggen_overlay_vlm,ImgGen overlay,2026-06-28T16:16:52.030638+00:00,/home/nielsbroekhuizen/projects/my-vscode-project/outputs/case_study_2/runs/luca_unc_low_mag_007/20260628_161652,3,20,interval,20,89,17,0.3119,False,False,False,False,False,False,False,54.5,31.19266055045872,-17
validation_unc_luca,Rettenberger Uncertainty,luca_unc_low_mag_007,E6_sam3_deterministic,SAM3 mask,2026-06-28T16:16:52.030638+00:00,/home/nielsbroekhuizen/projects/my-vscode-project/outputs/case_study_2/runs/luca_unc_low_mag_007/20260628_161652,5,20,interval,20,89,15,0.2752,False,False,False,False,False,False,False,54.5,27.522935779816514,-15
validation_unc_luca,Rettenberger Uncertainty,luca_unc_low_mag_007,E7_sam3_overlay_vlm,SAM3 overlay,2026-06-28T16:16:52.030638+00:00,/home/nielsbroekhuizen/projects/my-vscode-project/outputs/case_study_2/runs/luca_unc_low_mag_007/20260628_161652,5,20,interval,20,89,15,0.2752,False,False,False,False,False,False,False,54.5,27.522935779816514,-15
validation_unc_luca,Rettenberger Uncertainty,luca_unc_low_mag_008,E1_raw_vlm,VLM,2026-06-28T16:20:04.544217+00:00,/home/nielsbroekhuizen/projects/my-vscode-project/outputs/case_study_2/runs/luca_unc_low_mag_008/20260628_162004,0,35,interval,35,108,35,0.4895,False,False,False,False,False,False,False,71.5,48.95104895104895,-35
validation_unc_luca,Rettenberger Uncertainty,luca_unc_low_mag_008,E2_sam2_deterministic,SAM2 mask,2026-06-28T16:20:04.544217+00:00,/home/nielsbroekhuizen/projects/my-vscode-project/outputs/case_study_2/runs/luca_unc_low_mag_008/20260628_162004,10,35,interval,35,108,25,0.3497,False,False,False,False,False,False,False,71.5,34.96503496503497,-25
validation_unc_luca,Rettenberger Uncertainty,luca_unc_low_mag_008,E3_imggen_deterministic,ImgGen mask,2026-06-28T16:20:04.544217+00:00,/home/nielsbroekhuizen/projects/my-vscode-project/outputs/case_study_2/runs/luca_unc_low_mag_008/20260628_162004,10,35,interval,35,108,25,0.3497,False,False,False,False,False,False,False,71.5,34.96503496503497,-25
validation_unc_luca,Rettenberger Uncertainty,luca_unc_low_mag_008,E4_sam2_overlay_vlm,SAM2 overlay,2026-06-28T16:20:04.544217+00:00,/home/nielsbroekhuizen/projects/my-vscode-project/outputs/case_study_2/runs/luca_unc_low_mag_008/20260628_162004,8,35,interval,35,108,27,0.3776,False,False,False,False,False,False,False,71.5,37.76223776223776,-27
validation_unc_luca,Rettenberger Uncertainty,luca_unc_low_mag_008,E5_imggen_overlay_vlm,ImgGen overlay,2026-06-28T16:20:04.544217+00:00,/home/nielsbroekhuizen/projects/my-vscode-project/outputs/case_study_2/runs/luca_unc_low_mag_008/20260628_162004,10,35,interval,35,108,25,0.3497,False,False,False,False,False,False,False,71.5,34.96503496503497,-25
validation_unc_luca,Rettenberger Uncertainty,luca_unc_low_mag_008,E6_sam3_deterministic,SAM3 mask,2026-06-28T16:20:04.544217+00:00,/home/nielsbroekhuizen/projects/my-vscode-project/outputs/case_study_2/runs/luca_unc_low_mag_008/20260628_162004,5,35,interval,35,108,30,0.4196,False,False,False,False,False,False,False,71.5,41.95804195804196,-30
validation_unc_luca,Rettenberger Uncertainty,luca_unc_low_mag_008,E7_sam3_overlay_vlm,SAM3 overlay,2026-06-28T16:20:04.544217+00:00,/home/nielsbroekhuizen/projects/my-vscode-project/outputs/case_study_2/runs/luca_unc_low_mag_008/20260628_162004,4,35,interval,35,108,31,0.4336,False,False,False,False,False,False,False,71.5,43.35664335664335,-31
validation_unc_luca,Rettenberger Uncertainty,luca_unc_low_mag_009,E1_raw_vlm,VLM,2026-06-28T16:23:51.361484+00:00,/home/nielsbroekhuizen/projects/my-vscode-project/outputs/case_study_2/runs/luca_unc_low_mag_009/20260628_162351,0,83,interval,83,340,83,0.3924,False,False,False,False,False,False,False,211.5,39.2434988179669,-83
validation_unc_luca,Rettenberger Uncertainty,luca_unc_low_mag_009,E2_sam2_deterministic,SAM2 mask,2026-06-28T16:23:51.361484+00:00,/home/nielsbroekhuizen/projects/my-vscode-project/outputs/case_study_2/runs/luca_unc_low_mag_009/20260628_162351,4,83,interval,83,340,79,0.3735,False,False,False,False,False,False,False,211.5,37.35224586288416,-79
validation_unc_luca,Rettenberger Uncertainty,luca_unc_low_mag_009,E3_imggen_deterministic,ImgGen mask,2026-06-28T16:23:51.361484+00:00,/home/nielsbroekhuizen/projects/my-vscode-project/outputs/case_study_2/runs/luca_unc_low_mag_009/20260628_162351,1,83,interval,83,340,82,0.3877,False,False,False,False,False,False,False,211.5,38.77068557919622,-82
validation_unc_luca,Rettenberger Uncertainty,luca_unc_low_mag_009,E4_sam2_overlay_vlm,SAM2 overlay,2026-06-28T16:23:51.361484+00:00,/home/nielsbroekhuizen/projects/my-vscode-project/outputs/case_study_2/runs/luca_unc_low_mag_009/20260628_162351,6,83,interval,83,340,77,0.3641,False,False,False,False,False,False,False,211.5,36.40661938534279,-77
validation_unc_luca,Rettenberger Uncertainty,luca_unc_low_mag_009,E5_imggen_overlay_vlm,ImgGen overlay,2026-06-28T16:23:51.361484+00:00,/home/nielsbroekhuizen/projects/my-vscode-project/outputs/case_study_2/runs/luca_unc_low_mag_009/20260628_162351,1,83,interval,83,340,82,0.3877,False,False,False,False,False,False,False,211.5,38.77068557919622,-82
validation_unc_luca,Rettenberger Uncertainty,luca_unc_low_mag_009,E6_sam3_deterministic,SAM3 mask,2026-06-28T16:23:51.361484+00:00,/home/nielsbroekhuizen/projects/my-vscode-project/outputs/case_study_2/runs/luca_unc_low_mag_009/20260628_162351,2,83,interval,83,340,81,0.383,False,False,False,False,False,False,False,211.5,38.297872340425535,-81
validation_unc_luca,Rettenberger Uncertainty,luca_unc_low_mag_009,E7_sam3_overlay_vlm,SAM3 overlay,2026-06-28T16:23:51.361484+00:00,/home/nielsbroekhuizen/projects/my-vscode-project/outputs/case_study_2/runs/luca_unc_low_mag_009/20260628_162351,2,83,interval,83,340,81,0.383,False,False,False,False,False,False,False,211.5,38.297872340425535,-81
validation_unc_luca,Rettenberger Uncertainty,luca_unc_low_mag_010,E1_raw_vlm,VLM,2026-06-28T16:26:48.990529+00:00,/home/nielsbroekhuizen/projects/my-vscode-project/outputs/case_study_2/runs/luca_unc_low_mag_010/20260628_162648,0,31,interval,31,62,31,0.6667,False,False,False,False,False,False,False,46.5,66.66666666666666,-31
validation_unc_luca,Rettenberger Uncertainty,luca_unc_low_mag_010,E2_sam2_deterministic,SAM2 mask,2026-06-28T16:26:48.990529+00:00,/home/nielsbroekhuizen/projects/my-vscode-project/outputs/case_study_2/runs/luca_unc_low_mag_010/20260628_162648,8,31,interval,31,62,23,0.4946,False,False,False,False,False,False,False,46.5,49.46236559139785,-23
validation_unc_luca,Rettenberger Uncertainty,luca_unc_low_mag_010,E3_imggen_deterministic,ImgGen mask,2026-06-28T16:26:48.990529+00:00,/home/nielsbroekhuizen/projects/my-vscode-project/outputs/case_study_2/runs/luca_unc_low_mag_010/20260628_162648,38,31,interval,31,62,0,0.0,True,True,True,True,True,True,True,46.5,0.0,7
validation_unc_luca,Rettenberger Uncertainty,luca_unc_low_mag_010,E4_sam2_overlay_vlm,SAM2 overlay,2026-06-28T16:26:48.990529+00:00,/home/nielsbroekhuizen/projects/my-vscode-project/outputs/case_study_2/runs/luca_unc_low_mag_010/20260628_162648,6,31,interval,31,62,25,0.5376,False,False,False,False,False,False,False,46.5,53.76344086021505,-25
validation_unc_luca,Rettenberger Uncertainty,luca_unc_low_mag_010,E5_imggen_overlay_vlm,ImgGen overlay,2026-06-28T16:26:48.990529+00:00,/home/nielsbroekhuizen/projects/my-vscode-project/outputs/case_study_2/runs/luca_unc_low_mag_010/20260628_162648,18,31,interval,31,62,13,0.2796,False,False,False,False,False,False,False,46.5,27.956989247311824,-13
validation_unc_luca,Rettenberger Uncertainty,luca_unc_low_mag_010,E6_sam3_deterministic,SAM3 mask,2026-06-28T16:26:48.990529+00:00,/home/nielsbroekhuizen/projects/my-vscode-project/outputs/case_study_2/runs/luca_unc_low_mag_010/20260628_162648,1,31,interval,31,62,30,0.6452,False,False,False,False,False,False,False,46.5,64.51612903225806,-30
validation_unc_luca,Rettenberger Uncertainty,luca_unc_low_mag_010,E7_sam3_overlay_vlm,SAM3 overlay,2026-06-28T16:26:48.990529+00:00,/home/nielsbroekhuizen/projects/my-vscode-project/outputs/case_study_2/runs/luca_unc_low_mag_010/20260628_162648,1,31,interval,31,62,30,0.6452,False,False,False,False,False,False,False,46.5,64.51612903225806,-30
validation_unc_luca,Rettenberger Uncertainty,luca_unc_low_mag_011,E1_raw_vlm,VLM,2026-06-28T16:31:01.599287+00:00,/home/nielsbroekhuizen/projects/my-vscode-project/outputs/case_study_2/runs/luca_unc_low_mag_011/20260628_163101,0,1,interval,1,3,1,0.5,False,False,True,True,True,False,False,2.0,50.0,-1
validation_unc_luca,Rettenberger Uncertainty,luca_unc_low_mag_011,E2_sam2_deterministic,SAM2 mask,2026-06-28T16:31:01.599287+00:00,/home/nielsbroekhuizen/projects/my-vscode-project/outputs/case_study_2/runs/luca_unc_low_mag_011/20260628_163101,1,1,interval,1,3,0,0.0,True,True,True,True,True,True,True,2.0,0.0,0
validation_unc_luca,Rettenberger Uncertainty,luca_unc_low_mag_011,E3_imggen_deterministic,ImgGen mask,2026-06-28T16:31:01.599287+00:00,/home/nielsbroekhuizen/projects/my-vscode-project/outputs/case_study_2/runs/luca_unc_low_mag_011/20260628_163101,2,1,interval,1,3,0,0.0,True,True,True,True,True,True,True,2.0,0.0,1
validation_unc_luca,Rettenberger Uncertainty,luca_unc_low_mag_011,E4_sam2_overlay_vlm,SAM2 overlay,2026-06-28T16:31:01.599287+00:00,/home/nielsbroekhuizen/projects/my-vscode-project/outputs/case_study_2/runs/luca_unc_low_mag_011/20260628_163101,3,1,interval,1,3,0,0.0,True,True,True,True,True,True,True,2.0,0.0,2
validation_unc_luca,Rettenberger Uncertainty,luca_unc_low_mag_011,E5_imggen_overlay_vlm,ImgGen overlay,2026-06-28T16:31:01.599287+00:00,/home/nielsbroekhuizen/projects/my-vscode-project/outputs/case_study_2/runs/luca_unc_low_mag_011/20260628_163101,2,1,interval,1,3,0,0.0,True,True,True,True,True,True,True,2.0,0.0,1
validation_unc_luca,Rettenberger Uncertainty,luca_unc_low_mag_011,E6_sam3_deterministic,SAM3 mask,2026-06-28T16:31:01.599287+00:00,/home/nielsbroekhuizen/projects/my-vscode-project/outputs/case_study_2/runs/luca_unc_low_mag_011/20260628_163101,2,1,interval,1,3,0,0.0,True,True,True,True,True,True,True,2.0,0.0,1
validation_unc_luca,Rettenberger Uncertainty,luca_unc_low_mag_011,E7_sam3_overlay_vlm,SAM3 overlay,2026-06-28T16:31:01.599287+00:00,/home/nielsbroekhuizen/projects/my-vscode-project/outputs/case_study_2/runs/luca_unc_low_mag_011/20260628_163101,2,1,interval,1,3,0,0.0,True,True,True,True,True,True,True,2.0,0.0,1
validation_unc_luca,Rettenberger Uncertainty,luca_unc_low_mag_012,E1_raw_vlm,VLM,2026-06-28T16:34:24.592753+00:00,/home/nielsbroekhuizen/projects/my-vscode-project/outputs/case_study_2/runs/luca_unc_low_mag_012/20260628_163424,0,2,interval,2,28,2,0.1333,False,False,False,True,True,False,False,15.0,13.333333333333334,-2
validation_unc_luca,Rettenberger Uncertainty,luca_unc_low_mag_012,E2_sam2_deterministic,SAM2 mask,2026-06-28T16:34:24.592753+00:00,/home/nielsbroekhuizen/projects/my-vscode-project/outputs/case_study_2/runs/luca_unc_low_mag_012/20260628_163424,20,2,interval,2,28,0,0.0,True,True,True,True,True,True,True,15.0,0.0,18
validation_unc_luca,Rettenberger Uncertainty,luca_unc_low_mag_012,E3_imggen_deterministic,ImgGen mask,2026-06-28T16:34:24.592753+00:00,/home/nielsbroekhuizen/projects/my-vscode-project/outputs/case_study_2/runs/luca_unc_low_mag_012/20260628_163424,38,2,interval,2,28,10,0.6667,False,False,False,False,False,False,False,15.0,66.66666666666666,36
validation_unc_luca,Rettenberger Uncertainty,luca_unc_low_mag_012,E4_sam2_overlay_vlm,SAM2 overlay,2026-06-28T16:34:24.592753+00:00,/home/nielsbroekhuizen/projects/my-vscode-project/outputs/case_study_2/runs/luca_unc_low_mag_012/20260628_163424,21,2,interval,2,28,0,0.0,True,True,True,True,True,True,True,15.0,0.0,19
validation_unc_luca,Rettenberger Uncertainty,luca_unc_low_mag_012,E5_imggen_overlay_vlm,ImgGen overlay,2026-06-28T16:34:24.592753+00:00,/home/nielsbroekhuizen/projects/my-vscode-project/outputs/case_study_2/runs/luca_unc_low_mag_012/20260628_163424,61,2,interval,2,28,33,2.2,False,False,False,False,False,False,False,15.0,220.00000000000003,59
validation_unc_luca,Rettenberger Uncertainty,luca_unc_low_mag_012,E6_sam3_deterministic,SAM3 mask,2026-06-28T16:34:24.592753+00:00,/home/nielsbroekhuizen/projects/my-vscode-project/outputs/case_study_2/runs/luca_unc_low_mag_012/20260628_163424,33,2,interval,2,28,5,0.3333,False,False,False,False,False,False,False,15.0,33.33333333333333,31
validation_unc_luca,Rettenberger Uncertainty,luca_unc_low_mag_012,E7_sam3_overlay_vlm,SAM3 overlay,2026-06-28T16:34:24.592753+00:00,/home/nielsbroekhuizen/projects/my-vscode-project/outputs/case_study_2/runs/luca_unc_low_mag_012/20260628_163424,42,2,interval,2,28,14,0.9333,False,False,False,False,False,False,False,15.0,93.33333333333333,40
validation_unc_luca,Rettenberger Uncertainty,luca_unc_low_mag_013,E1_raw_vlm,VLM,2026-06-28T16:43:22.424479+00:00,/home/nielsbroekhuizen/projects/my-vscode-project/outputs/case_study_2/runs/luca_unc_low_mag_013/20260628_164322,0,2,interval,2,5,2,0.5714,False,False,False,True,True,False,False,3.5,57.14285714285714,-2
validation_unc_luca,Rettenberger Uncertainty,luca_unc_low_mag_013,E2_sam2_deterministic,SAM2 mask,2026-06-28T16:43:22.424479+00:00,/home/nielsbroekhuizen/projects/my-vscode-project/outputs/case_study_2/runs/luca_unc_low_mag_013/20260628_164322,2,2,interval,2,5,0,0.0,True,True,True,True,True,True,True,3.5,0.0,0
validation_unc_luca,Rettenberger Uncertainty,luca_unc_low_mag_013,E3_imggen_deterministic,ImgGen mask,2026-06-28T16:43:22.424479+00:00,/home/nielsbroekhuizen/projects/my-vscode-project/outputs/case_study_2/runs/luca_unc_low_mag_013/20260628_164322,1,2,interval,2,5,1,0.2857,False,False,True,True,True,False,False,3.5,28.57142857142857,-1
validation_unc_luca,Rettenberger Uncertainty,luca_unc_low_mag_013,E4_sam2_overlay_vlm,SAM2 overlay,2026-06-28T16:43:22.424479+00:00,/home/nielsbroekhuizen/projects/my-vscode-project/outputs/case_study_2/runs/luca_unc_low_mag_013/20260628_164322,4,2,interval,2,5,0,0.0,True,True,True,True,True,True,True,3.5,0.0,2
validation_unc_luca,Rettenberger Uncertainty,luca_unc_low_mag_013,E5_imggen_overlay_vlm,ImgGen overlay,2026-06-28T16:43:22.424479+00:00,/home/nielsbroekhuizen/projects/my-vscode-project/outputs/case_study_2/runs/luca_unc_low_mag_013/20260628_164322,2,2,interval,2,5,0,0.0,True,True,True,True,True,True,True,3.5,0.0,0
validation_unc_luca,Rettenberger Uncertainty,luca_unc_low_mag_013,E6_sam3_deterministic,SAM3 mask,2026-06-28T16:43:22.424479+00:00,/home/nielsbroekhuizen/projects/my-vscode-project/outputs/case_study_2/runs/luca_unc_low_mag_013/20260628_164322,1,2,interval,2,5,1,0.2857,False,False,True,True,True,False,False,3.5,28.57142857142857,-1
validation_unc_luca,Rettenberger Uncertainty,luca_unc_low_mag_013,E7_sam3_overlay_vlm,SAM3 overlay,2026-06-28T16:43:22.424479+00:00,/home/nielsbroekhuizen/projects/my-vscode-project/outputs/case_study_2/runs/luca_unc_low_mag_013/20260628_164322,2,2,interval,2,5,0,0.0,True,True,True,True,True,True,True,3.5,0.0,0
validation_unc_luca,Rettenberger Uncertainty,luca_unc_low_mag_014,E1_raw_vlm,VLM,2026-06-28T16:47:05.723776+00:00,/home/nielsbroekhuizen/projects/my-vscode-project/outputs/case_study_2/runs/luca_unc_low_mag_014/20260628_164705,0,3,interval,3,12,3,0.4,False,False,False,False,True,False,False,7.5,40.0,-3
validation_unc_luca,Rettenberger Uncertainty,luca_unc_low_mag_014,E2_sam2_deterministic,SAM2 mask,2026-06-28T16:47:05.723776+00:00,/home/nielsbroekhuizen/projects/my-vscode-project/outputs/case_study_2/runs/luca_unc_low_mag_014/20260628_164705,13,3,interval,3,12,1,0.1333,False,False,True,True,True,False,False,7.5,13.333333333333334,10
validation_unc_luca,Rettenberger Uncertainty,luca_unc_low_mag_014,E3_imggen_deterministic,ImgGen mask,2026-06-28T16:47:05.723776+00:00,/home/nielsbroekhuizen/projects/my-vscode-project/outputs/case_study_2/runs/luca_unc_low_mag_014/20260628_164705,15,3,interval,3,12,3,0.4,False,False,False,False,True,False,False,7.5,40.0,12
validation_unc_luca,Rettenberger Uncertainty,luca_unc_low_mag_014,E4_sam2_overlay_vlm,SAM2 overlay,2026-06-28T16:47:05.723776+00:00,/home/nielsbroekhuizen/projects/my-vscode-project/outputs/case_study_2/runs/luca_unc_low_mag_014/20260628_164705,19,3,interval,3,12,7,0.9333,False,False,False,False,False,False,False,7.5,93.33333333333333,16
validation_unc_luca,Rettenberger Uncertainty,luca_unc_low_mag_014,E5_imggen_overlay_vlm,ImgGen overlay,2026-06-28T16:47:05.723776+00:00,/home/nielsbroekhuizen/projects/my-vscode-project/outputs/case_study_2/runs/luca_unc_low_mag_014/20260628_164705,16,3,interval,3,12,4,0.5333,False,False,False,False,False,False,False,7.5,53.333333333333336,13
validation_unc_luca,Rettenberger Uncertainty,luca_unc_low_mag_014,E6_sam3_deterministic,SAM3 mask,2026-06-28T16:47:05.723776+00:00,/home/nielsbroekhuizen/projects/my-vscode-project/outputs/case_study_2/runs/luca_unc_low_mag_014/20260628_164705,31,3,interval,3,12,19,2.5333,False,False,False,False,False,False,False,7.5,253.33333333333331,28
validation_unc_luca,Rettenberger Uncertainty,luca_unc_low_mag_014,E7_sam3_overlay_vlm,SAM3 overlay,2026-06-28T16:47:05.723776+00:00,/home/nielsbroekhuizen/projects/my-vscode-project/outputs/case_study_2/runs/luca_unc_low_mag_014/20260628_164705,32,3,interval,3,12,20,2.6667,False,False,False,False,False,False,False,7.5,266.66666666666663,29
validation_unc_luca,Rettenberger Uncertainty,luca_unc_low_mag_015,E1_raw_vlm,VLM,2026-06-28T16:53:14.637528+00:00,/home/nielsbroekhuizen/projects/my-vscode-project/outputs/case_study_2/runs/luca_unc_low_mag_015/20260628_165314,0,3,interval,3,8,3,0.5455,False,False,False,False,True,False,False,5.5,54.54545454545454,-3
validation_unc_luca,Rettenberger Uncertainty,luca_unc_low_mag_015,E2_sam2_deterministic,SAM2 mask,2026-06-28T16:53:14.637528+00:00,/home/nielsbroekhuizen/projects/my-vscode-project/outputs/case_study_2/runs/luca_unc_low_mag_015/20260628_165314,1,3,interval,3,8,2,0.3636,False,False,False,True,True,False,False,5.5,36.36363636363637,-2
validation_unc_luca,Rettenberger Uncertainty,luca_unc_low_mag_015,E3_imggen_deterministic,ImgGen mask,2026-06-28T16:53:14.637528+00:00,/home/nielsbroekhuizen/projects/my-vscode-project/outputs/case_study_2/runs/luca_unc_low_mag_015/20260628_165314,14,3,interval,3,8,6,1.0909,False,False,False,False,False,False,False,5.5,109.09090909090908,11
validation_unc_luca,Rettenberger Uncertainty,luca_unc_low_mag_015,E4_sam2_overlay_vlm,SAM2 overlay,2026-06-28T16:53:14.637528+00:00,/home/nielsbroekhuizen/projects/my-vscode-project/outputs/case_study_2/runs/luca_unc_low_mag_015/20260628_165314,7,3,interval,3,8,0,0.0,True,True,True,True,True,True,True,5.5,0.0,4
validation_unc_luca,Rettenberger Uncertainty,luca_unc_low_mag_015,E5_imggen_overlay_vlm,ImgGen overlay,2026-06-28T16:53:14.637528+00:00,/home/nielsbroekhuizen/projects/my-vscode-project/outputs/case_study_2/runs/luca_unc_low_mag_015/20260628_165314,15,3,interval,3,8,7,1.2727,False,False,False,False,False,False,False,5.5,127.27272727272727,12
validation_unc_luca,Rettenberger Uncertainty,luca_unc_low_mag_015,E6_sam3_deterministic,SAM3 mask,2026-06-28T16:53:14.637528+00:00,/home/nielsbroekhuizen/projects/my-vscode-project/outputs/case_study_2/runs/luca_unc_low_mag_015/20260628_165314,20,3,interval,3,8,12,2.1818,False,False,False,False,False,False,False,5.5,218.18181818181816,17
validation_unc_luca,Rettenberger Uncertainty,luca_unc_low_mag_015,E7_sam3_overlay_vlm,SAM3 overlay,2026-06-28T16:53:14.637528+00:00,/home/nielsbroekhuizen/projects/my-vscode-project/outputs/case_study_2/runs/luca_unc_low_mag_015/20260628_165314,16,3,interval,3,8,8,1.4545,False,False,False,False,False,False,False,5.5,145.45454545454547,13
validation_unc_luca,Rettenberger Uncertainty,luca_unc_low_mag_016,E1_raw_vlm,VLM,2026-06-28T16:57:33.795829+00:00,/home/nielsbroekhuizen/projects/my-vscode-project/outputs/case_study_2/runs/luca_unc_low_mag_016/20260628_165733,0,3,interval,3,14,3,0.3529,False,False,False,False,True,False,False,8.5,35.294117647058826,-3
validation_unc_luca,Rettenberger Uncertainty,luca_unc_low_mag_016,E2_sam2_deterministic,SAM2 mask,2026-06-28T16:57:33.795829+00:00,/home/nielsbroekhuizen/projects/my-vscode-project/outputs/case_study_2/runs/luca_unc_low_mag_016/20260628_165733,20,3,interval,3,14,6,0.7059,False,False,False,False,False,False,False,8.5,70.58823529411765,17
validation_unc_luca,Rettenberger Uncertainty,luca_unc_low_mag_016,E3_imggen_deterministic,ImgGen mask,2026-06-28T16:57:33.795829+00:00,/home/nielsbroekhuizen/projects/my-vscode-project/outputs/case_study_2/runs/luca_unc_low_mag_016/20260628_165733,11,3,interval,3,14,0,0.0,True,True,True,True,True,True,True,8.5,0.0,8
validation_unc_luca,Rettenberger Uncertainty,luca_unc_low_mag_016,E4_sam2_overlay_vlm,SAM2 overlay,2026-06-28T16:57:33.795829+00:00,/home/nielsbroekhuizen/projects/my-vscode-project/outputs/case_study_2/runs/luca_unc_low_mag_016/20260628_165733,13,3,interval,3,14,0,0.0,True,True,True,True,True,True,True,8.5,0.0,10
validation_unc_luca,Rettenberger Uncertainty,luca_unc_low_mag_016,E5_imggen_overlay_vlm,ImgGen overlay,2026-06-28T16:57:33.795829+00:00,/home/nielsbroekhuizen/projects/my-vscode-project/outputs/case_study_2/runs/luca_unc_low_mag_016/20260628_165733,13,3,interval,3,14,0,0.0,True,True,True,True,True,True,True,8.5,0.0,10
validation_unc_luca,Rettenberger Uncertainty,luca_unc_low_mag_016,E6_sam3_deterministic,SAM3 mask,2026-06-28T16:57:33.795829+00:00,/home/nielsbroekhuizen/projects/my-vscode-project/outputs/case_study_2/runs/luca_unc_low_mag_016/20260628_165733,12,3,interval,3,14,0,0.0,True,True,True,True,True,True,True,8.5,0.0,9
validation_unc_luca,Rettenberger Uncertainty,luca_unc_low_mag_016,E7_sam3_overlay_vlm,SAM3 overlay,2026-06-28T16:57:33.795829+00:00,/home/nielsbroekhuizen/projects/my-vscode-project/outputs/case_study_2/runs/luca_unc_low_mag_016/20260628_165733,12,3,interval,3,14,0,0.0,True,True,True,True,True,True,True,8.5,0.0,9
validation_unc_luca,Rettenberger Uncertainty,luca_unc_low_mag_017,E1_raw_vlm,VLM,2026-06-28T17:02:05.786472+00:00,/home/nielsbroekhuizen/projects/my-vscode-project/outputs/case_study_2/runs/luca_unc_low_mag_017/20260628_170205,0,1,interval,1,5,1,0.3333,False,False,True,True,True,False,False,3.0,33.33333333333333,-1
validation_unc_luca,Rettenberger Uncertainty,luca_unc_low_mag_017,E2_sam2_deterministic,SAM2 mask,2026-06-28T17:02:05.786472+00:00,/home/nielsbroekhuizen/projects/my-vscode-project/outputs/case_study_2/runs/luca_unc_low_mag_017/20260628_170205,19,1,interval,1,5,14,4.6667,False,False,False,False,False,False,False,3.0,466.6666666666667,18
validation_unc_luca,Rettenberger Uncertainty,luca_unc_low_mag_017,E3_imggen_deterministic,ImgGen mask,2026-06-28T17:02:05.786472+00:00,/home/nielsbroekhuizen/projects/my-vscode-project/outputs/case_study_2/runs/luca_unc_low_mag_017/20260628_170205,15,1,interval,1,5,10,3.3333,False,False,False,False,False,False,False,3.0,333.33333333333337,14
validation_unc_luca,Rettenberger Uncertainty,luca_unc_low_mag_017,E4_sam2_overlay_vlm,SAM2 overlay,2026-06-28T17:02:05.786472+00:00,/home/nielsbroekhuizen/projects/my-vscode-project/outputs/case_study_2/runs/luca_unc_low_mag_017/20260628_170205,13,1,interval,1,5,8,2.6667,False,False,False,False,False,False,False,3.0,266.66666666666663,12
validation_unc_luca,Rettenberger Uncertainty,luca_unc_low_mag_017,E5_imggen_overlay_vlm,ImgGen overlay,2026-06-28T17:02:05.786472+00:00,/home/nielsbroekhuizen/projects/my-vscode-project/outputs/case_study_2/runs/luca_unc_low_mag_017/20260628_170205,17,1,interval,1,5,12,4.0,False,False,False,False,False,False,False,3.0,400.0,16
validation_unc_luca,Rettenberger Uncertainty,luca_unc_low_mag_017,E6_sam3_deterministic,SAM3 mask,2026-06-28T17:02:05.786472+00:00,/home/nielsbroekhuizen/projects/my-vscode-project/outputs/case_study_2/runs/luca_unc_low_mag_017/20260628_170205,20,1,interval,1,5,15,5.0,False,False,False,False,False,False,False,3.0,500.0,19
validation_unc_luca,Rettenberger Uncertainty,luca_unc_low_mag_017,E7_sam3_overlay_vlm,SAM3 overlay,2026-06-28T17:02:05.786472+00:00,/home/nielsbroekhuizen/projects/my-vscode-project/outputs/case_study_2/runs/luca_unc_low_mag_017/20260628_170205,26,1,interval,1,5,21,7.0,False,False,False,False,False,False,False,3.0,700.0,25
validation_unc_luca,Rettenberger Uncertainty,luca_unc_low_mag_018,E1_raw_vlm,VLM,2026-06-28T17:12:14.483974+00:00,/home/nielsbroekhuizen/projects/my-vscode-project/outputs/case_study_2/runs/luca_unc_low_mag_018/20260628_171214,0,1,interval,1,2,1,0.6667,False,False,True,True,True,False,False,1.5,66.66666666666666,-1
validation_unc_luca,Rettenberger Uncertainty,luca_unc_low_mag_018,E2_sam2_deterministic,SAM2 mask,2026-06-28T17:12:14.483974+00:00,/home/nielsbroekhuizen/projects/my-vscode-project/outputs/case_study_2/runs/luca_unc_low_mag_018/20260628_171214,6,1,interval,1,2,4,2.6667,False,False,False,False,False,False,False,1.5,266.66666666666663,5
validation_unc_luca,Rettenberger Uncertainty,luca_unc_low_mag_018,E3_imggen_deterministic,ImgGen mask,2026-06-28T17:12:14.483974+00:00,/home/nielsbroekhuizen/projects/my-vscode-project/outputs/case_study_2/runs/luca_unc_low_mag_018/20260628_171214,8,1,interval,1,2,6,4.0,False,False,False,False,False,False,False,1.5,400.0,7
validation_unc_luca,Rettenberger Uncertainty,luca_unc_low_mag_018,E4_sam2_overlay_vlm,SAM2 overlay,2026-06-28T17:12:14.483974+00:00,/home/nielsbroekhuizen/projects/my-vscode-project/outputs/case_study_2/runs/luca_unc_low_mag_018/20260628_171214,10,1,interval,1,2,8,5.3333,False,False,False,False,False,False,False,1.5,533.3333333333333,9
validation_unc_luca,Rettenberger Uncertainty,luca_unc_low_mag_018,E5_imggen_overlay_vlm,ImgGen overlay,2026-06-28T17:12:14.483974+00:00,/home/nielsbroekhuizen/projects/my-vscode-project/outputs/case_study_2/runs/luca_unc_low_mag_018/20260628_171214,11,1,interval,1,2,9,6.0,False,False,False,False,False,False,False,1.5,600.0,10
validation_unc_luca,Rettenberger Uncertainty,luca_unc_low_mag_018,E6_sam3_deterministic,SAM3 mask,2026-06-28T17:12:14.483974+00:00,/home/nielsbroekhuizen/projects/my-vscode-project/outputs/case_study_2/runs/luca_unc_low_mag_018/20260628_171214,7,1,interval,1,2,5,3.3333,False,False,False,False,False,False,False,1.5,333.33333333333337,6
validation_unc_luca,Rettenberger Uncertainty,luca_unc_low_mag_018,E7_sam3_overlay_vlm,SAM3 overlay,2026-06-28T17:12:14.483974+00:00,/home/nielsbroekhuizen/projects/my-vscode-project/outputs/case_study_2/runs/luca_unc_low_mag_018/20260628_171214,15,1,interval,1,2,13,8.6667,False,False,False,False,False,False,False,1.5,866.6666666666666,14
validation_unc_luca,Rettenberger Uncertainty,luca_unc_low_mag_019,E1_raw_vlm,VLM,2026-06-28T17:16:37.611469+00:00,/home/nielsbroekhuizen/projects/my-vscode-project/outputs/case_study_2/runs/luca_unc_low_mag_019/20260628_171637,0,2,interval,2,4,2,0.6667,False,False,False,True,True,False,False,3.0,66.66666666666666,-2
validation_unc_luca,Rettenberger Uncertainty,luca_unc_low_mag_019,E2_sam2_deterministic,SAM2 mask,2026-06-28T17:16:37.611469+00:00,/home/nielsbroekhuizen/projects/my-vscode-project/outputs/case_study_2/runs/luca_unc_low_mag_019/20260628_171637,6,2,interval,2,4,2,0.6667,False,False,False,True,True,False,False,3.0,66.66666666666666,4
validation_unc_luca,Rettenberger Uncertainty,luca_unc_low_mag_019,E3_imggen_deterministic,ImgGen mask,2026-06-28T17:16:37.611469+00:00,/home/nielsbroekhuizen/projects/my-vscode-project/outputs/case_study_2/runs/luca_unc_low_mag_019/20260628_171637,8,2,interval,2,4,4,1.3333,False,False,False,False,False,False,False,3.0,133.33333333333331,6
validation_unc_luca,Rettenberger Uncertainty,luca_unc_low_mag_019,E4_sam2_overlay_vlm,SAM2 overlay,2026-06-28T17:16:37.611469+00:00,/home/nielsbroekhuizen/projects/my-vscode-project/outputs/case_study_2/runs/luca_unc_low_mag_019/20260628_171637,7,2,interval,2,4,3,1.0,False,False,False,False,True,False,False,3.0,100.0,5
validation_unc_luca,Rettenberger Uncertainty,luca_unc_low_mag_019,E5_imggen_overlay_vlm,ImgGen overlay,2026-06-28T17:16:37.611469+00:00,/home/nielsbroekhuizen/projects/my-vscode-project/outputs/case_study_2/runs/luca_unc_low_mag_019/20260628_171637,6,2,interval,2,4,2,0.6667,False,False,False,True,True,False,False,3.0,66.66666666666666,4
validation_unc_luca,Rettenberger Uncertainty,luca_unc_low_mag_019,E6_sam3_deterministic,SAM3 mask,2026-06-28T17:16:37.611469+00:00,/home/nielsbroekhuizen/projects/my-vscode-project/outputs/case_study_2/runs/luca_unc_low_mag_019/20260628_171637,5,2,interval,2,4,1,0.3333,False,False,True,True,True,False,False,3.0,33.33333333333333,3
validation_unc_luca,Rettenberger Uncertainty,luca_unc_low_mag_019,E7_sam3_overlay_vlm,SAM3 overlay,2026-06-28T17:16:37.611469+00:00,/home/nielsbroekhuizen/projects/my-vscode-project/outputs/case_study_2/runs/luca_unc_low_mag_019/20260628_171637,5,2,interval,2,4,1,0.3333,False,False,True,True,True,False,False,3.0,33.33333333333333,3
validation_unc_luca,Rettenberger Uncertainty,luca_unc_low_mag_020,E1_raw_vlm,VLM,2026-06-28T17:20:23.929799+00:00,/home/nielsbroekhuizen/projects/my-vscode-project/outputs/case_study_2/runs/luca_unc_low_mag_020/20260628_172023,0,2,interval,2,6,2,0.5,False,False,False,True,True,False,False,4.0,50.0,-2
validation_unc_luca,Rettenberger Uncertainty,luca_unc_low_mag_020,E2_sam2_deterministic,SAM2 mask,2026-06-28T17:20:23.929799+00:00,/home/nielsbroekhuizen/projects/my-vscode-project/outputs/case_study_2/runs/luca_unc_low_mag_020/20260628_172023,41,2,interval,2,6,35,8.75,False,False,False,False,False,False,False,4.0,875.0,39
validation_unc_luca,Rettenberger Uncertainty,luca_unc_low_mag_020,E3_imggen_deterministic,ImgGen mask,2026-06-28T17:20:23.929799+00:00,/home/nielsbroekhuizen/projects/my-vscode-project/outputs/case_study_2/runs/luca_unc_low_mag_020/20260628_172023,342,2,interval,2,6,336,84.0,False,False,False,False,False,False,False,4.0,8400.0,340
validation_unc_luca,Rettenberger Uncertainty,luca_unc_low_mag_020,E4_sam2_overlay_vlm,SAM2 overlay,2026-06-28T17:20:23.929799+00:00,/home/nielsbroekhuizen/projects/my-vscode-project/outputs/case_study_2/runs/luca_unc_low_mag_020/20260628_172023,39,2,interval,2,6,33,8.25,False,False,False,False,False,False,False,4.0,825.0,37
validation_unc_luca,Rettenberger Uncertainty,luca_unc_low_mag_020,E5_imggen_overlay_vlm,ImgGen overlay,2026-06-28T17:20:23.929799+00:00,/home/nielsbroekhuizen/projects/my-vscode-project/outputs/case_study_2/runs/luca_unc_low_mag_020/20260628_172023,205,2,interval,2,6,199,49.75,False,False,False,False,False,False,False,4.0,4975.0,203
validation_unc_luca,Rettenberger Uncertainty,luca_unc_low_mag_020,E6_sam3_deterministic,SAM3 mask,2026-06-28T17:20:23.929799+00:00,/home/nielsbroekhuizen/projects/my-vscode-project/outputs/case_study_2/runs/luca_unc_low_mag_020/20260628_172023,25,2,interval,2,6,19,4.75,False,False,False,False,False,False,False,4.0,475.0,23
validation_unc_luca,Rettenberger Uncertainty,luca_unc_low_mag_020,E7_sam3_overlay_vlm,SAM3 overlay,2026-06-28T17:20:23.929799+00:00,/home/nielsbroekhuizen/projects/my-vscode-project/outputs/case_study_2/runs/luca_unc_low_mag_020/20260628_172023,30,2,interval,2,6,24,6.0,False,False,False,False,False,False,False,4.0,600.0,28
validation_unc_luca,Rettenberger Uncertainty,luca_unc_low_mag_021,E1_raw_vlm,VLM,2026-06-28T17:28:23.051325+00:00,/home/nielsbroekhuizen/projects/my-vscode-project/outputs/case_study_2/runs/luca_unc_low_mag_021/20260628_172823,0,23,interval,23,51,23,0.6216,False,False,False,False,False,False,False,37.0,62.16216216216216,-23
validation_unc_luca,Rettenberger Uncertainty,luca_unc_low_mag_021,E2_sam2_deterministic,SAM2 mask,2026-06-28T17:28:23.051325+00:00,/home/nielsbroekhuizen/projects/my-vscode-project/outputs/case_study_2/runs/luca_unc_low_mag_021/20260628_172823,46,23,interval,23,51,0,0.0,True,True,True,True,True,True,True,37.0,0.0,23
validation_unc_luca,Rettenberger Uncertainty,luca_unc_low_mag_021,E3_imggen_deterministic,ImgGen mask,2026-06-28T17:28:23.051325+00:00,/home/nielsbroekhuizen/projects/my-vscode-project/outputs/case_study_2/runs/luca_unc_low_mag_021/20260628_172823,116,23,interval,23,51,65,1.7568,False,False,False,False,False,False,False,37.0,175.67567567567568,93
validation_unc_luca,Rettenberger Uncertainty,luca_unc_low_mag_021,E4_sam2_overlay_vlm,SAM2 overlay,2026-06-28T17:28:23.051325+00:00,/home/nielsbroekhuizen/projects/my-vscode-project/outputs/case_study_2/runs/luca_unc_low_mag_021/20260628_172823,45,23,interval,23,51,0,0.0,True,True,True,True,True,True,True,37.0,0.0,22
validation_unc_luca,Rettenberger Uncertainty,luca_unc_low_mag_021,E5_imggen_overlay_vlm,ImgGen overlay,2026-06-28T17:28:23.051325+00:00,/home/nielsbroekhuizen/projects/my-vscode-project/outputs/case_study_2/runs/luca_unc_low_mag_021/20260628_172823,117,23,interval,23,51,66,1.7838,False,False,False,False,False,False,False,37.0,178.3783783783784,94
validation_unc_luca,Rettenberger Uncertainty,luca_unc_low_mag_021,E6_sam3_deterministic,SAM3 mask,2026-06-28T17:28:23.051325+00:00,/home/nielsbroekhuizen/projects/my-vscode-project/outputs/case_study_2/runs/luca_unc_low_mag_021/20260628_172823,22,23,interval,23,51,1,0.027,False,False,True,True,True,True,True,37.0,2.7027027027027026,-1
validation_unc_luca,Rettenberger Uncertainty,luca_unc_low_mag_021,E7_sam3_overlay_vlm,SAM3 overlay,2026-06-28T17:28:23.051325+00:00,/home/nielsbroekhuizen/projects/my-vscode-project/outputs/case_study_2/runs/luca_unc_low_mag_021/20260628_172823,22,23,interval,23,51,1,0.027,False,False,True,True,True,True,True,37.0,2.7027027027027026,-1
validation_unc_luca,Rettenberger Uncertainty,luca_unc_low_mag_022,E1_raw_vlm,VLM,2026-06-28T17:36:21.660830+00:00,/home/nielsbroekhuizen/projects/my-vscode-project/outputs/case_study_2/runs/luca_unc_low_mag_022/20260628_173621,0,5,interval,5,13,5,0.5556,False,False,False,False,False,False,False,9.0,55.55555555555556,-5
validation_unc_luca,Rettenberger Uncertainty,luca_unc_low_mag_022,E2_sam2_deterministic,SAM2 mask,2026-06-28T17:36:21.660830+00:00,/home/nielsbroekhuizen/projects/my-vscode-project/outputs/case_study_2/runs/luca_unc_low_mag_022/20260628_173621,34,5,interval,5,13,21,2.3333,False,False,False,False,False,False,False,9.0,233.33333333333334,29
validation_unc_luca,Rettenberger Uncertainty,luca_unc_low_mag_022,E3_imggen_deterministic,ImgGen mask,2026-06-28T17:36:21.660830+00:00,/home/nielsbroekhuizen/projects/my-vscode-project/outputs/case_study_2/runs/luca_unc_low_mag_022/20260628_173621,446,5,interval,5,13,433,48.1111,False,False,False,False,False,False,False,9.0,4811.111111111111,441
validation_unc_luca,Rettenberger Uncertainty,luca_unc_low_mag_022,E4_sam2_overlay_vlm,SAM2 overlay,2026-06-28T17:36:21.660830+00:00,/home/nielsbroekhuizen/projects/my-vscode-project/outputs/case_study_2/runs/luca_unc_low_mag_022/20260628_173621,34,5,interval,5,13,21,2.3333,False,False,False,False,False,False,False,9.0,233.33333333333334,29
validation_unc_luca,Rettenberger Uncertainty,luca_unc_low_mag_022,E5_imggen_overlay_vlm,ImgGen overlay,2026-06-28T17:36:21.660830+00:00,/home/nielsbroekhuizen/projects/my-vscode-project/outputs/case_study_2/runs/luca_unc_low_mag_022/20260628_173621,259,5,interval,5,13,246,27.3333,False,False,False,False,False,False,False,9.0,2733.333333333333,254
validation_unc_luca,Rettenberger Uncertainty,luca_unc_low_mag_022,E6_sam3_deterministic,SAM3 mask,2026-06-28T17:36:21.660830+00:00,/home/nielsbroekhuizen/projects/my-vscode-project/outputs/case_study_2/runs/luca_unc_low_mag_022/20260628_173621,20,5,interval,5,13,7,0.7778,False,False,False,False,False,False,False,9.0,77.77777777777779,15
validation_unc_luca,Rettenberger Uncertainty,luca_unc_low_mag_022,E7_sam3_overlay_vlm,SAM3 overlay,2026-06-28T17:36:21.660830+00:00,/home/nielsbroekhuizen/projects/my-vscode-project/outputs/case_study_2/runs/luca_unc_low_mag_022/20260628_173621,21,5,interval,5,13,8,0.8889,False,False,False,False,False,False,False,9.0,88.88888888888889,16
validation_unc_luca,Rettenberger Uncertainty,luca_unc_low_mag_023,E1_raw_vlm,VLM,2026-06-28T17:42:29.197548+00:00,/home/nielsbroekhuizen/projects/my-vscode-project/outputs/case_study_2/runs/luca_unc_low_mag_023/20260628_174229,0,11,interval,11,31,11,0.5238,False,False,False,False,False,False,False,21.0,52.38095238095239,-11
validation_unc_luca,Rettenberger Uncertainty,luca_unc_low_mag_023,E2_sam2_deterministic,SAM2 mask,2026-06-28T17:42:29.197548+00:00,/home/nielsbroekhuizen/projects/my-vscode-project/outputs/case_study_2/runs/luca_unc_low_mag_023/20260628_174229,7,11,interval,11,31,4,0.1905,False,False,False,False,False,False,False,21.0,19.047619047619047,-4
validation_unc_luca,Rettenberger Uncertainty,luca_unc_low_mag_023,E3_imggen_deterministic,ImgGen mask,2026-06-28T17:42:29.197548+00:00,/home/nielsbroekhuizen/projects/my-vscode-project/outputs/case_study_2/runs/luca_unc_low_mag_023/20260628_174229,16,11,interval,11,31,0,0.0,True,True,True,True,True,True,True,21.0,0.0,5
validation_unc_luca,Rettenberger Uncertainty,luca_unc_low_mag_023,E4_sam2_overlay_vlm,SAM2 overlay,2026-06-28T17:42:29.197548+00:00,/home/nielsbroekhuizen/projects/my-vscode-project/outputs/case_study_2/runs/luca_unc_low_mag_023/20260628_174229,4,11,interval,11,31,7,0.3333,False,False,False,False,False,False,False,21.0,33.33333333333333,-7
validation_unc_luca,Rettenberger Uncertainty,luca_unc_low_mag_023,E5_imggen_overlay_vlm,ImgGen overlay,2026-06-28T17:42:29.197548+00:00,/home/nielsbroekhuizen/projects/my-vscode-project/outputs/case_study_2/runs/luca_unc_low_mag_023/20260628_174229,17,11,interval,11,31,0,0.0,True,True,True,True,True,True,True,21.0,0.0,6
validation_unc_luca,Rettenberger Uncertainty,luca_unc_low_mag_023,E6_sam3_deterministic,SAM3 mask,2026-06-28T17:42:29.197548+00:00,/home/nielsbroekhuizen/projects/my-vscode-project/outputs/case_study_2/runs/luca_unc_low_mag_023/20260628_174229,22,11,interval,11,31,0,0.0,True,True,True,True,True,True,True,21.0,0.0,11
validation_unc_luca,Rettenberger Uncertainty,luca_unc_low_mag_023,E7_sam3_overlay_vlm,SAM3 overlay,2026-06-28T17:42:29.197548+00:00,/home/nielsbroekhuizen/projects/my-vscode-project/outputs/case_study_2/runs/luca_unc_low_mag_023/20260628_174229,22,11,interval,11,31,0,0.0,True,True,True,True,True,True,True,21.0,0.0,11
validation_unc_luca,Rettenberger Uncertainty,luca_unc_low_mag_024,E1_raw_vlm,VLM,2026-06-28T17:47:08.328496+00:00,/home/nielsbroekhuizen/projects/my-vscode-project/outputs/case_study_2/runs/luca_unc_low_mag_024/20260628_174708,0,18,interval,18,38,18,0.6429,False,False,False,False,False,False,False,28.0,64.28571428571429,-18
validation_unc_luca,Rettenberger Uncertainty,luca_unc_low_mag_024,E2_sam2_deterministic,SAM2 mask,2026-06-28T17:47:08.328496+00:00,/home/nielsbroekhuizen/projects/my-vscode-project/outputs/case_study_2/runs/luca_unc_low_mag_024/20260628_174708,29,18,interval,18,38,0,0.0,True,True,True,True,True,True,True,28.0,0.0,11
validation_unc_luca,Rettenberger Uncertainty,luca_unc_low_mag_024,E3_imggen_deterministic,ImgGen mask,2026-06-28T17:47:08.328496+00:00,/home/nielsbroekhuizen/projects/my-vscode-project/outputs/case_study_2/runs/luca_unc_low_mag_024/20260628_174708,145,18,interval,18,38,107,3.8214,False,False,False,False,False,False,False,28.0,382.14285714285717,127
validation_unc_luca,Rettenberger Uncertainty,luca_unc_low_mag_024,E4_sam2_overlay_vlm,SAM2 overlay,2026-06-28T17:47:08.328496+00:00,/home/nielsbroekhuizen/projects/my-vscode-project/outputs/case_study_2/runs/luca_unc_low_mag_024/20260628_174708,28,18,interval,18,38,0,0.0,True,True,True,True,True,True,True,28.0,0.0,10
validation_unc_luca,Rettenberger Uncertainty,luca_unc_low_mag_024,E5_imggen_overlay_vlm,ImgGen overlay,2026-06-28T17:47:08.328496+00:00,/home/nielsbroekhuizen/projects/my-vscode-project/outputs/case_study_2/runs/luca_unc_low_mag_024/20260628_174708,154,18,interval,18,38,116,4.1429,False,False,False,False,False,False,False,28.0,414.28571428571433,136
validation_unc_luca,Rettenberger Uncertainty,luca_unc_low_mag_024,E6_sam3_deterministic,SAM3 mask,2026-06-28T17:47:08.328496+00:00,/home/nielsbroekhuizen/projects/my-vscode-project/outputs/case_study_2/runs/luca_unc_low_mag_024/20260628_174708,33,18,interval,18,38,0,0.0,True,True,True,True,True,True,True,28.0,0.0,15
validation_unc_luca,Rettenberger Uncertainty,luca_unc_low_mag_024,E7_sam3_overlay_vlm,SAM3 overlay,2026-06-28T17:47:08.328496+00:00,/home/nielsbroekhuizen/projects/my-vscode-project/outputs/case_study_2/runs/luca_unc_low_mag_024/20260628_174708,33,18,interval,18,38,0,0.0,True,True,True,True,True,True,True,28.0,0.0,15
validation_unc_luca,Rettenberger Uncertainty,luca_unc_low_mag_025,E1_raw_vlm,VLM,2026-06-28T17:55:15.447424+00:00,/home/nielsbroekhuizen/projects/my-vscode-project/outputs/case_study_2/runs/luca_unc_low_mag_025/20260628_175515,0,11,interval,11,25,11,0.6111,False,False,False,False,False,False,False,18.0,61.111111111111114,-11
validation_unc_luca,Rettenberger Uncertainty,luca_unc_low_mag_025,E2_sam2_deterministic,SAM2 mask,2026-06-28T17:55:15.447424+00:00,/home/nielsbroekhuizen/projects/my-vscode-project/outputs/case_study_2/runs/luca_unc_low_mag_025/20260628_175515,22,11,interval,11,25,0,0.0,True,True,True,True,True,True,True,18.0,0.0,11
validation_unc_luca,Rettenberger Uncertainty,luca_unc_low_mag_025,E3_imggen_deterministic,ImgGen mask,2026-06-28T17:55:15.447424+00:00,/home/nielsbroekhuizen/projects/my-vscode-project/outputs/case_study_2/runs/luca_unc_low_mag_025/20260628_175515,22,11,interval,11,25,0,0.0,True,True,True,True,True,True,True,18.0,0.0,11
validation_unc_luca,Rettenberger Uncertainty,luca_unc_low_mag_025,E4_sam2_overlay_vlm,SAM2 overlay,2026-06-28T17:55:15.447424+00:00,/home/nielsbroekhuizen/projects/my-vscode-project/outputs/case_study_2/runs/luca_unc_low_mag_025/20260628_175515,24,11,interval,11,25,0,0.0,True,True,True,True,True,True,True,18.0,0.0,13
validation_unc_luca,Rettenberger Uncertainty,luca_unc_low_mag_025,E5_imggen_overlay_vlm,ImgGen overlay,2026-06-28T17:55:15.447424+00:00,/home/nielsbroekhuizen/projects/my-vscode-project/outputs/case_study_2/runs/luca_unc_low_mag_025/20260628_175515,27,11,interval,11,25,2,0.1111,False,False,False,True,True,False,False,18.0,11.11111111111111,16
validation_unc_luca,Rettenberger Uncertainty,luca_unc_low_mag_025,E6_sam3_deterministic,SAM3 mask,2026-06-28T17:55:15.447424+00:00,/home/nielsbroekhuizen/projects/my-vscode-project/outputs/case_study_2/runs/luca_unc_low_mag_025/20260628_175515,24,11,interval,11,25,0,0.0,True,True,True,True,True,True,True,18.0,0.0,13
validation_unc_luca,Rettenberger Uncertainty,luca_unc_low_mag_025,E7_sam3_overlay_vlm,SAM3 overlay,2026-06-28T17:55:15.447424+00:00,/home/nielsbroekhuizen/projects/my-vscode-project/outputs/case_study_2/runs/luca_unc_low_mag_025/20260628_175515,29,11,interval,11,25,4,0.2222,False,False,False,False,False,False,False,18.0,22.22222222222222,18
validation_unc_luca,Rettenberger Uncertainty,luca_unc_low_mag_026,E1_raw_vlm,VLM,2026-06-28T17:59:38.012473+00:00,/home/nielsbroekhuizen/projects/my-vscode-project/outputs/case_study_2/runs/luca_unc_low_mag_026/20260628_175938,0,9,interval,9,20,9,0.6207,False,False,False,False,False,False,False,14.5,62.06896551724138,-9
validation_unc_luca,Rettenberger Uncertainty,luca_unc_low_mag_026,E2_sam2_deterministic,SAM2 mask,2026-06-28T17:59:38.012473+00:00,/home/nielsbroekhuizen/projects/my-vscode-project/outputs/case_study_2/runs/luca_unc_low_mag_026/20260628_175938,36,9,interval,9,20,16,1.1034,False,False,False,False,False,False,False,14.5,110.34482758620689,27
validation_unc_luca,Rettenberger Uncertainty,luca_unc_low_mag_026,E3_imggen_deterministic,ImgGen mask,2026-06-28T17:59:38.012473+00:00,/home/nielsbroekhuizen/projects/my-vscode-project/outputs/case_study_2/runs/luca_unc_low_mag_026/20260628_175938,61,9,interval,9,20,41,2.8276,False,False,False,False,False,False,False,14.5,282.7586206896552,52
validation_unc_luca,Rettenberger Uncertainty,luca_unc_low_mag_026,E4_sam2_overlay_vlm,SAM2 overlay,2026-06-28T17:59:38.012473+00:00,/home/nielsbroekhuizen/projects/my-vscode-project/outputs/case_study_2/runs/luca_unc_low_mag_026/20260628_175938,46,9,interval,9,20,26,1.7931,False,False,False,False,False,False,False,14.5,179.31034482758622,37
validation_unc_luca,Rettenberger Uncertainty,luca_unc_low_mag_026,E5_imggen_overlay_vlm,ImgGen overlay,2026-06-28T17:59:38.012473+00:00,/home/nielsbroekhuizen/projects/my-vscode-project/outputs/case_study_2/runs/luca_unc_low_mag_026/20260628_175938,74,9,interval,9,20,54,3.7241,False,False,False,False,False,False,False,14.5,372.41379310344826,65
validation_unc_luca,Rettenberger Uncertainty,luca_unc_low_mag_026,E6_sam3_deterministic,SAM3 mask,2026-06-28T17:59:38.012473+00:00,/home/nielsbroekhuizen/projects/my-vscode-project/outputs/case_study_2/runs/luca_unc_low_mag_026/20260628_175938,42,9,interval,9,20,22,1.5172,False,False,False,False,False,False,False,14.5,151.72413793103448,33
validation_unc_luca,Rettenberger Uncertainty,luca_unc_low_mag_026,E7_sam3_overlay_vlm,SAM3 overlay,2026-06-28T17:59:38.012473+00:00,/home/nielsbroekhuizen/projects/my-vscode-project/outputs/case_study_2/runs/luca_unc_low_mag_026/20260628_175938,60,9,interval,9,20,40,2.7586,False,False,False,False,False,False,False,14.5,275.86206896551727,51
validation_unc_luca,Rettenberger Uncertainty,luca_unc_low_mag_027,E1_raw_vlm,VLM,2026-06-28T18:08:09.400677+00:00,/home/nielsbroekhuizen/projects/my-vscode-project/outputs/case_study_2/runs/luca_unc_low_mag_027/20260628_180809,0,48,interval,48,136,48,0.5217,False,False,False,False,False,False,False,92.0,52.17391304347826,-48
validation_unc_luca,Rettenberger Uncertainty,luca_unc_low_mag_027,E2_sam2_deterministic,SAM2 mask,2026-06-28T18:08:09.400677+00:00,/home/nielsbroekhuizen/projects/my-vscode-project/outputs/case_study_2/runs/luca_unc_low_mag_027/20260628_180809,44,48,interval,48,136,4,0.0435,False,False,False,False,False,True,True,92.0,4.3478260869565215,-4
validation_unc_luca,Rettenberger Uncertainty,luca_unc_low_mag_027,E3_imggen_deterministic,ImgGen mask,2026-06-28T18:08:09.400677+00:00,/home/nielsbroekhuizen/projects/my-vscode-project/outputs/case_study_2/runs/luca_unc_low_mag_027/20260628_180809,57,48,interval,48,136,0,0.0,True,True,True,True,True,True,True,92.0,0.0,9
validation_unc_luca,Rettenberger Uncertainty,luca_unc_low_mag_027,E4_sam2_overlay_vlm,SAM2 overlay,2026-06-28T18:08:09.400677+00:00,/home/nielsbroekhuizen/projects/my-vscode-project/outputs/case_study_2/runs/luca_unc_low_mag_027/20260628_180809,43,48,interval,48,136,5,0.0543,False,False,False,False,False,False,True,92.0,5.434782608695652,-5
validation_unc_luca,Rettenberger Uncertainty,luca_unc_low_mag_027,E5_imggen_overlay_vlm,ImgGen overlay,2026-06-28T18:08:09.400677+00:00,/home/nielsbroekhuizen/projects/my-vscode-project/outputs/case_study_2/runs/luca_unc_low_mag_027/20260628_180809,63,48,interval,48,136,0,0.0,True,True,True,True,True,True,True,92.0,0.0,15
validation_unc_luca,Rettenberger Uncertainty,luca_unc_low_mag_027,E6_sam3_deterministic,SAM3 mask,2026-06-28T18:08:09.400677+00:00,/home/nielsbroekhuizen/projects/my-vscode-project/outputs/case_study_2/runs/luca_unc_low_mag_027/20260628_180809,50,48,interval,48,136,0,0.0,True,True,True,True,True,True,True,92.0,0.0,2
validation_unc_luca,Rettenberger Uncertainty,luca_unc_low_mag_027,E7_sam3_overlay_vlm,SAM3 overlay,2026-06-28T18:08:09.400677+00:00,/home/nielsbroekhuizen/projects/my-vscode-project/outputs/case_study_2/runs/luca_unc_low_mag_027/20260628_180809,63,48,interval,48,136,0,0.0,True,True,True,True,True,True,True,92.0,0.0,15
validation_unc_luca,Rettenberger Uncertainty,luca_unc_low_mag_028,E1_raw_vlm,VLM,2026-06-28T18:14:18.041104+00:00,/home/nielsbroekhuizen/projects/my-vscode-project/outputs/case_study_2/runs/luca_unc_low_mag_028/20260628_181418,0,25,interval,25,84,25,0.4587,False,False,False,False,False,False,False,54.5,45.87155963302752,-25
validation_unc_luca,Rettenberger Uncertainty,luca_unc_low_mag_028,E2_sam2_deterministic,SAM2 mask,2026-06-28T18:14:18.041104+00:00,/home/nielsbroekhuizen/projects/my-vscode-project/outputs/case_study_2/runs/luca_unc_low_mag_028/20260628_181418,32,25,interval,25,84,0,0.0,True,True,True,True,True,True,True,54.5,0.0,7
validation_unc_luca,Rettenberger Uncertainty,luca_unc_low_mag_028,E3_imggen_deterministic,ImgGen mask,2026-06-28T18:14:18.041104+00:00,/home/nielsbroekhuizen/projects/my-vscode-project/outputs/case_study_2/runs/luca_unc_low_mag_028/20260628_181418,51,25,interval,25,84,0,0.0,True,True,True,True,True,True,True,54.5,0.0,26
validation_unc_luca,Rettenberger Uncertainty,luca_unc_low_mag_028,E4_sam2_overlay_vlm,SAM2 overlay,2026-06-28T18:14:18.041104+00:00,/home/nielsbroekhuizen/projects/my-vscode-project/outputs/case_study_2/runs/luca_unc_low_mag_028/20260628_181418,39,25,interval,25,84,0,0.0,True,True,True,True,True,True,True,54.5,0.0,14
validation_unc_luca,Rettenberger Uncertainty,luca_unc_low_mag_028,E5_imggen_overlay_vlm,ImgGen overlay,2026-06-28T18:14:18.041104+00:00,/home/nielsbroekhuizen/projects/my-vscode-project/outputs/case_study_2/runs/luca_unc_low_mag_028/20260628_181418,63,25,interval,25,84,0,0.0,True,True,True,True,True,True,True,54.5,0.0,38
validation_unc_luca,Rettenberger Uncertainty,luca_unc_low_mag_028,E6_sam3_deterministic,SAM3 mask,2026-06-28T18:14:18.041104+00:00,/home/nielsbroekhuizen/projects/my-vscode-project/outputs/case_study_2/runs/luca_unc_low_mag_028/20260628_181418,19,25,interval,25,84,6,0.1101,False,False,False,False,False,False,False,54.5,11.009174311926607,-6
validation_unc_luca,Rettenberger Uncertainty,luca_unc_low_mag_028,E7_sam3_overlay_vlm,SAM3 overlay,2026-06-28T18:14:18.041104+00:00,/home/nielsbroekhuizen/projects/my-vscode-project/outputs/case_study_2/runs/luca_unc_low_mag_028/20260628_181418,21,25,interval,25,84,4,0.0734,False,False,False,False,False,False,True,54.5,7.339449541284404,-4
validation_unc_luca,Rettenberger Uncertainty,luca_unc_low_mag_029,E1_raw_vlm,VLM,2026-06-28T18:19:20.937540+00:00,/home/nielsbroekhuizen/projects/my-vscode-project/outputs/case_study_2/runs/luca_unc_low_mag_029/20260628_181920,0,32,interval,32,102,32,0.4776,False,False,False,False,False,False,False,67.0,47.76119402985074,-32
validation_unc_luca,Rettenberger Uncertainty,luca_unc_low_mag_029,E2_sam2_deterministic,SAM2 mask,2026-06-28T18:19:20.937540+00:00,/home/nielsbroekhuizen/projects/my-vscode-project/outputs/case_study_2/runs/luca_unc_low_mag_029/20260628_181920,19,32,interval,32,102,13,0.194,False,False,False,False,False,False,False,67.0,19.402985074626866,-13
validation_unc_luca,Rettenberger Uncertainty,luca_unc_low_mag_029,E3_imggen_deterministic,ImgGen mask,2026-06-28T18:19:20.937540+00:00,/home/nielsbroekhuizen/projects/my-vscode-project/outputs/case_study_2/runs/luca_unc_low_mag_029/20260628_181920,50,32,interval,32,102,0,0.0,True,True,True,True,True,True,True,67.0,0.0,18
validation_unc_luca,Rettenberger Uncertainty,luca_unc_low_mag_029,E4_sam2_overlay_vlm,SAM2 overlay,2026-06-28T18:19:20.937540+00:00,/home/nielsbroekhuizen/projects/my-vscode-project/outputs/case_study_2/runs/luca_unc_low_mag_029/20260628_181920,19,32,interval,32,102,13,0.194,False,False,False,False,False,False,False,67.0,19.402985074626866,-13
validation_unc_luca,Rettenberger Uncertainty,luca_unc_low_mag_029,E5_imggen_overlay_vlm,ImgGen overlay,2026-06-28T18:19:20.937540+00:00,/home/nielsbroekhuizen/projects/my-vscode-project/outputs/case_study_2/runs/luca_unc_low_mag_029/20260628_181920,55,32,interval,32,102,0,0.0,True,True,True,True,True,True,True,67.0,0.0,23
validation_unc_luca,Rettenberger Uncertainty,luca_unc_low_mag_029,E6_sam3_deterministic,SAM3 mask,2026-06-28T18:19:20.937540+00:00,/home/nielsbroekhuizen/projects/my-vscode-project/outputs/case_study_2/runs/luca_unc_low_mag_029/20260628_181920,10,32,interval,32,102,22,0.3284,False,False,False,False,False,False,False,67.0,32.83582089552239,-22
validation_unc_luca,Rettenberger Uncertainty,luca_unc_low_mag_029,E7_sam3_overlay_vlm,SAM3 overlay,2026-06-28T18:19:20.937540+00:00,/home/nielsbroekhuizen/projects/my-vscode-project/outputs/case_study_2/runs/luca_unc_low_mag_029/20260628_181920,10,32,interval,32,102,22,0.3284,False,False,False,False,False,False,False,67.0,32.83582089552239,-22
validation_unc_luca,Rettenberger Uncertainty,luca_unc_low_mag_030,E1_raw_vlm,VLM,2026-06-28T18:24:52.758821+00:00,/home/nielsbroekhuizen/projects/my-vscode-project/outputs/case_study_2/runs/luca_unc_low_mag_030/20260628_182452,0,51,interval,51,123,51,0.5862,False,False,False,False,False,False,False,87.0,58.620689655172406,-51
validation_unc_luca,Rettenberger Uncertainty,luca_unc_low_mag_030,E2_sam2_deterministic,SAM2 mask,2026-06-28T18:24:52.758821+00:00,/home/nielsbroekhuizen/projects/my-vscode-project/outputs/case_study_2/runs/luca_unc_low_mag_030/20260628_182452,35,51,interval,51,123,16,0.1839,False,False,False,False,False,False,False,87.0,18.39080459770115,-16
validation_unc_luca,Rettenberger Uncertainty,luca_unc_low_mag_030,E3_imggen_deterministic,ImgGen mask,2026-06-28T18:24:52.758821+00:00,/home/nielsbroekhuizen/projects/my-vscode-project/outputs/case_study_2/runs/luca_unc_low_mag_030/20260628_182452,78,51,interval,51,123,0,0.0,True,True,True,True,True,True,True,87.0,0.0,27
validation_unc_luca,Rettenberger Uncertainty,luca_unc_low_mag_030,E4_sam2_overlay_vlm,SAM2 overlay,2026-06-28T18:24:52.758821+00:00,/home/nielsbroekhuizen/projects/my-vscode-project/outputs/case_study_2/runs/luca_unc_low_mag_030/20260628_182452,37,51,interval,51,123,14,0.1609,False,False,False,False,False,False,False,87.0,16.091954022988507,-14
validation_unc_luca,Rettenberger Uncertainty,luca_unc_low_mag_030,E5_imggen_overlay_vlm,ImgGen overlay,2026-06-28T18:24:52.758821+00:00,/home/nielsbroekhuizen/projects/my-vscode-project/outputs/case_study_2/runs/luca_unc_low_mag_030/20260628_182452,97,51,interval,51,123,0,0.0,True,True,True,True,True,True,True,87.0,0.0,46
validation_unc_luca,Rettenberger Uncertainty,luca_unc_low_mag_030,E6_sam3_deterministic,SAM3 mask,2026-06-28T18:24:52.758821+00:00,/home/nielsbroekhuizen/projects/my-vscode-project/outputs/case_study_2/runs/luca_unc_low_mag_030/20260628_182452,50,51,interval,51,123,1,0.0115,False,False,True,True,True,True,True,87.0,1.1494252873563218,-1
validation_unc_luca,Rettenberger Uncertainty,luca_unc_low_mag_030,E7_sam3_overlay_vlm,SAM3 overlay,2026-06-28T18:24:52.758821+00:00,/home/nielsbroekhuizen/projects/my-vscode-project/outputs/case_study_2/runs/luca_unc_low_mag_030/20260628_182452,67,51,interval,51,123,0,0.0,True,True,True,True,True,True,True,87.0,0.0,16
validation_unc_luca,Rettenberger Uncertainty,luca_unc_low_mag_031,E1_raw_vlm,VLM,2026-06-28T18:34:06.715054+00:00,/home/nielsbroekhuizen/projects/my-vscode-project/outputs/case_study_2/runs/luca_unc_low_mag_031/20260628_183406,0,25,interval,25,54,25,0.6329,False,False,False,False,False,False,False,39.5,63.29113924050633,-25
validation_unc_luca,Rettenberger Uncertainty,luca_unc_low_mag_031,E2_sam2_deterministic,SAM2 mask,2026-06-28T18:34:06.715054+00:00,/home/nielsbroekhuizen/projects/my-vscode-project/outputs/case_study_2/runs/luca_unc_low_mag_031/20260628_183406,39,25,interval,25,54,0,0.0,True,True,True,True,True,True,True,39.5,0.0,14
validation_unc_luca,Rettenberger Uncertainty,luca_unc_low_mag_031,E3_imggen_deterministic,ImgGen mask,2026-06-28T18:34:06.715054+00:00,/home/nielsbroekhuizen/projects/my-vscode-project/outputs/case_study_2/runs/luca_unc_low_mag_031/20260628_183406,77,25,interval,25,54,23,0.5823,False,False,False,False,False,False,False,39.5,58.22784810126582,52
validation_unc_luca,Rettenberger Uncertainty,luca_unc_low_mag_031,E4_sam2_overlay_vlm,SAM2 overlay,2026-06-28T18:34:06.715054+00:00,/home/nielsbroekhuizen/projects/my-vscode-project/outputs/case_study_2/runs/luca_unc_low_mag_031/20260628_183406,39,25,interval,25,54,0,0.0,True,True,True,True,True,True,True,39.5,0.0,14
validation_unc_luca,Rettenberger Uncertainty,luca_unc_low_mag_031,E5_imggen_overlay_vlm,ImgGen overlay,2026-06-28T18:34:06.715054+00:00,/home/nielsbroekhuizen/projects/my-vscode-project/outputs/case_study_2/runs/luca_unc_low_mag_031/20260628_183406,100,25,interval,25,54,46,1.1646,False,False,False,False,False,False,False,39.5,116.45569620253164,75
validation_unc_luca,Rettenberger Uncertainty,luca_unc_low_mag_031,E6_sam3_deterministic,SAM3 mask,2026-06-28T18:34:06.715054+00:00,/home/nielsbroekhuizen/projects/my-vscode-project/outputs/case_study_2/runs/luca_unc_low_mag_031/20260628_183406,12,25,interval,25,54,13,0.3291,False,False,False,False,False,False,False,39.5,32.91139240506329,-13
validation_unc_luca,Rettenberger Uncertainty,luca_unc_low_mag_031,E7_sam3_overlay_vlm,SAM3 overlay,2026-06-28T18:34:06.715054+00:00,/home/nielsbroekhuizen/projects/my-vscode-project/outputs/case_study_2/runs/luca_unc_low_mag_031/20260628_183406,15,25,interval,25,54,10,0.2532,False,False,False,False,False,False,False,39.5,25.31645569620253,-10
validation_unc_luca,Rettenberger Uncertainty,luca_unc_low_mag_032,E1_raw_vlm,VLM,2026-06-28T18:41:49.495357+00:00,/home/nielsbroekhuizen/projects/my-vscode-project/outputs/case_study_2/runs/luca_unc_low_mag_032/20260628_184149,0,49,interval,49,109,49,0.6203,False,False,False,False,False,False,False,79.0,62.0253164556962,-49
validation_unc_luca,Rettenberger Uncertainty,luca_unc_low_mag_032,E2_sam2_deterministic,SAM2 mask,2026-06-28T18:41:49.495357+00:00,/home/nielsbroekhuizen/projects/my-vscode-project/outputs/case_study_2/runs/luca_unc_low_mag_032/20260628_184149,21,49,interval,49,109,28,0.3544,False,False,False,False,False,False,False,79.0,35.44303797468354,-28
validation_unc_luca,Rettenberger Uncertainty,luca_unc_low_mag_032,E3_imggen_deterministic,ImgGen mask,2026-06-28T18:41:49.495357+00:00,/home/nielsbroekhuizen/projects/my-vscode-project/outputs/case_study_2/runs/luca_unc_low_mag_032/20260628_184149,37,49,interval,49,109,12,0.1519,False,False,False,False,False,False,False,79.0,15.18987341772152,-12
validation_unc_luca,Rettenberger Uncertainty,luca_unc_low_mag_032,E4_sam2_overlay_vlm,SAM2 overlay,2026-06-28T18:41:49.495357+00:00,/home/nielsbroekhuizen/projects/my-vscode-project/outputs/case_study_2/runs/luca_unc_low_mag_032/20260628_184149,25,49,interval,49,109,24,0.3038,False,False,False,False,False,False,False,79.0,30.37974683544304,-24
validation_unc_luca,Rettenberger Uncertainty,luca_unc_low_mag_032,E5_imggen_overlay_vlm,ImgGen overlay,2026-06-28T18:41:49.495357+00:00,/home/nielsbroekhuizen/projects/my-vscode-project/outputs/case_study_2/runs/luca_unc_low_mag_032/20260628_184149,40,49,interval,49,109,9,0.1139,False,False,False,False,False,False,False,79.0,11.39240506329114,-9
validation_unc_luca,Rettenberger Uncertainty,luca_unc_low_mag_032,E6_sam3_deterministic,SAM3 mask,2026-06-28T18:41:49.495357+00:00,/home/nielsbroekhuizen/projects/my-vscode-project/outputs/case_study_2/runs/luca_unc_low_mag_032/20260628_184149,37,49,interval,49,109,12,0.1519,False,False,False,False,False,False,False,79.0,15.18987341772152,-12
validation_unc_luca,Rettenberger Uncertainty,luca_unc_low_mag_032,E7_sam3_overlay_vlm,SAM3 overlay,2026-06-28T18:41:49.495357+00:00,/home/nielsbroekhuizen/projects/my-vscode-project/outputs/case_study_2/runs/luca_unc_low_mag_032/20260628_184149,40,49,interval,49,109,9,0.1139,False,False,False,False,False,False,False,79.0,11.39240506329114,-9
validation_unc_luca,Rettenberger Uncertainty,luca_unc_low_mag_033,E1_raw_vlm,VLM,2026-06-28T18:46:58.690673+00:00,/home/nielsbroekhuizen/projects/my-vscode-project/outputs/case_study_2/runs/luca_unc_low_mag_033/20260628_184658,0,45,interval,45,101,45,0.6164,False,False,False,False,False,False,False,73.0,61.64383561643836,-45
validation_unc_luca,Rettenberger Uncertainty,luca_unc_low_mag_033,E2_sam2_deterministic,SAM2 mask,2026-06-28T18:46:58.690673+00:00,/home/nielsbroekhuizen/projects/my-vscode-project/outputs/case_study_2/runs/luca_unc_low_mag_033/20260628_184658,32,45,interval,45,101,13,0.1781,False,False,False,False,False,False,False,73.0,17.80821917808219,-13
validation_unc_luca,Rettenberger Uncertainty,luca_unc_low_mag_033,E3_imggen_deterministic,ImgGen mask,2026-06-28T18:46:58.690673+00:00,/home/nielsbroekhuizen/projects/my-vscode-project/outputs/case_study_2/runs/luca_unc_low_mag_033/20260628_184658,29,45,interval,45,101,16,0.2192,False,False,False,False,False,False,False,73.0,21.91780821917808,-16
validation_unc_luca,Rettenberger Uncertainty,luca_unc_low_mag_033,E4_sam2_overlay_vlm,SAM2 overlay,2026-06-28T18:46:58.690673+00:00,/home/nielsbroekhuizen/projects/my-vscode-project/outputs/case_study_2/runs/luca_unc_low_mag_033/20260628_184658,32,45,interval,45,101,13,0.1781,False,False,False,False,False,False,False,73.0,17.80821917808219,-13
validation_unc_luca,Rettenberger Uncertainty,luca_unc_low_mag_033,E5_imggen_overlay_vlm,ImgGen overlay,2026-06-28T18:46:58.690673+00:00,/home/nielsbroekhuizen/projects/my-vscode-project/outputs/case_study_2/runs/luca_unc_low_mag_033/20260628_184658,34,45,interval,45,101,11,0.1507,False,False,False,False,False,False,False,73.0,15.068493150684931,-11
validation_unc_luca,Rettenberger Uncertainty,luca_unc_low_mag_033,E6_sam3_deterministic,SAM3 mask,2026-06-28T18:46:58.690673+00:00,/home/nielsbroekhuizen/projects/my-vscode-project/outputs/case_study_2/runs/luca_unc_low_mag_033/20260628_184658,28,45,interval,45,101,17,0.2329,False,False,False,False,False,False,False,73.0,23.28767123287671,-17
validation_unc_luca,Rettenberger Uncertainty,luca_unc_low_mag_033,E7_sam3_overlay_vlm,SAM3 overlay,2026-06-28T18:46:58.690673+00:00,/home/nielsbroekhuizen/projects/my-vscode-project/outputs/case_study_2/runs/luca_unc_low_mag_033/20260628_184658,32,45,interval,45,101,13,0.1781,False,False,False,False,False,False,False,73.0,17.80821917808219,-13
validation_unc_luca,Rettenberger Uncertainty,luca_unc_low_mag_034,E1_raw_vlm,VLM,2026-06-28T18:52:09.170810+00:00,/home/nielsbroekhuizen/projects/my-vscode-project/outputs/case_study_2/runs/luca_unc_low_mag_034/20260628_185209,0,49,interval,49,103,49,0.6447,False,False,False,False,False,False,False,76.0,64.47368421052632,-49
validation_unc_luca,Rettenberger Uncertainty,luca_unc_low_mag_034,E2_sam2_deterministic,SAM2 mask,2026-06-28T18:52:09.170810+00:00,/home/nielsbroekhuizen/projects/my-vscode-project/outputs/case_study_2/runs/luca_unc_low_mag_034/20260628_185209,9,49,interval,49,103,40,0.5263,False,False,False,False,False,False,False,76.0,52.63157894736842,-40
validation_unc_luca,Rettenberger Uncertainty,luca_unc_low_mag_034,E3_imggen_deterministic,ImgGen mask,2026-06-28T18:52:09.170810+00:00,/home/nielsbroekhuizen/projects/my-vscode-project/outputs/case_study_2/runs/luca_unc_low_mag_034/20260628_185209,7,49,interval,49,103,42,0.5526,False,False,False,False,False,False,False,76.0,55.26315789473685,-42
validation_unc_luca,Rettenberger Uncertainty,luca_unc_low_mag_034,E4_sam2_overlay_vlm,SAM2 overlay,2026-06-28T18:52:09.170810+00:00,/home/nielsbroekhuizen/projects/my-vscode-project/outputs/case_study_2/runs/luca_unc_low_mag_034/20260628_185209,6,49,interval,49,103,43,0.5658,False,False,False,False,False,False,False,76.0,56.57894736842105,-43
validation_unc_luca,Rettenberger Uncertainty,luca_unc_low_mag_034,E5_imggen_overlay_vlm,ImgGen overlay,2026-06-28T18:52:09.170810+00:00,/home/nielsbroekhuizen/projects/my-vscode-project/outputs/case_study_2/runs/luca_unc_low_mag_034/20260628_185209,7,49,interval,49,103,42,0.5526,False,False,False,False,False,False,False,76.0,55.26315789473685,-42
validation_unc_luca,Rettenberger Uncertainty,luca_unc_low_mag_034,E6_sam3_deterministic,SAM3 mask,2026-06-28T18:52:09.170810+00:00,/home/nielsbroekhuizen/projects/my-vscode-project/outputs/case_study_2/runs/luca_unc_low_mag_034/20260628_185209,4,49,interval,49,103,45,0.5921,False,False,False,False,False,False,False,76.0,59.210526315789465,-45
validation_unc_luca,Rettenberger Uncertainty,luca_unc_low_mag_034,E7_sam3_overlay_vlm,SAM3 overlay,2026-06-28T18:52:09.170810+00:00,/home/nielsbroekhuizen/projects/my-vscode-project/outputs/case_study_2/runs/luca_unc_low_mag_034/20260628_185209,4,49,interval,49,103,45,0.5921,False,False,False,False,False,False,False,76.0,59.210526315789465,-45
validation_unc_luca,Rettenberger Uncertainty,luca_unc_low_mag_035,E1_raw_vlm,VLM,2026-06-28T18:55:06.345435+00:00,/home/nielsbroekhuizen/projects/my-vscode-project/outputs/case_study_2/runs/luca_unc_low_mag_035/20260628_185506,0,33,interval,33,92,33,0.528,False,False,False,False,False,False,False,62.5,52.800000000000004,-33
validation_unc_luca,Rettenberger Uncertainty,luca_unc_low_mag_035,E2_sam2_deterministic,SAM2 mask,2026-06-28T18:55:06.345435+00:00,/home/nielsbroekhuizen/projects/my-vscode-project/outputs/case_study_2/runs/luca_unc_low_mag_035/20260628_185506,20,33,interval,33,92,13,0.208,False,False,False,False,False,False,False,62.5,20.8,-13
validation_unc_luca,Rettenberger Uncertainty,luca_unc_low_mag_035,E3_imggen_deterministic,ImgGen mask,2026-06-28T18:55:06.345435+00:00,/home/nielsbroekhuizen/projects/my-vscode-project/outputs/case_study_2/runs/luca_unc_low_mag_035/20260628_185506,329,33,interval,33,92,237,3.792,False,False,False,False,False,False,False,62.5,379.2,296
validation_unc_luca,Rettenberger Uncertainty,luca_unc_low_mag_035,E4_sam2_overlay_vlm,SAM2 overlay,2026-06-28T18:55:06.345435+00:00,/home/nielsbroekhuizen/projects/my-vscode-project/outputs/case_study_2/runs/luca_unc_low_mag_035/20260628_185506,24,33,interval,33,92,9,0.144,False,False,False,False,False,False,False,62.5,14.399999999999999,-9
validation_unc_luca,Rettenberger Uncertainty,luca_unc_low_mag_035,E5_imggen_overlay_vlm,ImgGen overlay,2026-06-28T18:55:06.345435+00:00,/home/nielsbroekhuizen/projects/my-vscode-project/outputs/case_study_2/runs/luca_unc_low_mag_035/20260628_185506,302,33,interval,33,92,210,3.36,False,False,False,False,False,False,False,62.5,336.0,269
validation_unc_luca,Rettenberger Uncertainty,luca_unc_low_mag_035,E6_sam3_deterministic,SAM3 mask,2026-06-28T18:55:06.345435+00:00,/home/nielsbroekhuizen/projects/my-vscode-project/outputs/case_study_2/runs/luca_unc_low_mag_035/20260628_185506,36,33,interval,33,92,0,0.0,True,True,True,True,True,True,True,62.5,0.0,3
validation_unc_luca,Rettenberger Uncertainty,luca_unc_low_mag_035,E7_sam3_overlay_vlm,SAM3 overlay,2026-06-28T18:55:06.345435+00:00,/home/nielsbroekhuizen/projects/my-vscode-project/outputs/case_study_2/runs/luca_unc_low_mag_035/20260628_185506,36,33,interval,33,92,0,0.0,True,True,True,True,True,True,True,62.5,0.0,3
validation_unc_luca,Rettenberger Uncertainty,luca_unc_low_mag_036,E1_raw_vlm,VLM,2026-06-28T19:01:32.765412+00:00,/home/nielsbroekhuizen/projects/my-vscode-project/outputs/case_study_2/runs/luca_unc_low_mag_036/20260628_190132,0,44,interval,44,111,44,0.5677,False,False,False,False,False,False,False,77.5,56.774193548387096,-44
validation_unc_luca,Rettenberger Uncertainty,luca_unc_low_mag_036,E2_sam2_deterministic,SAM2 mask,2026-06-28T19:01:32.765412+00:00,/home/nielsbroekhuizen/projects/my-vscode-project/outputs/case_study_2/runs/luca_unc_low_mag_036/20260628_190132,8,44,interval,44,111,36,0.4645,False,False,False,False,False,False,False,77.5,46.45161290322581,-36
validation_unc_luca,Rettenberger Uncertainty,luca_unc_low_mag_036,E3_imggen_deterministic,ImgGen mask,2026-06-28T19:01:32.765412+00:00,/home/nielsbroekhuizen/projects/my-vscode-project/outputs/case_study_2/runs/luca_unc_low_mag_036/20260628_190132,66,44,interval,44,111,0,0.0,True,True,True,True,True,True,True,77.5,0.0,22
validation_unc_luca,Rettenberger Uncertainty,luca_unc_low_mag_036,E4_sam2_overlay_vlm,SAM2 overlay,2026-06-28T19:01:32.765412+00:00,/home/nielsbroekhuizen/projects/my-vscode-project/outputs/case_study_2/runs/luca_unc_low_mag_036/20260628_190132,18,44,interval,44,111,26,0.3355,False,False,False,False,False,False,False,77.5,33.5483870967742,-26
validation_unc_luca,Rettenberger Uncertainty,luca_unc_low_mag_036,E5_imggen_overlay_vlm,ImgGen overlay,2026-06-28T19:01:32.765412+00:00,/home/nielsbroekhuizen/projects/my-vscode-project/outputs/case_study_2/runs/luca_unc_low_mag_036/20260628_190132,56,44,interval,44,111,0,0.0,True,True,True,True,True,True,True,77.5,0.0,12
validation_unc_luca,Rettenberger Uncertainty,luca_unc_low_mag_036,E6_sam3_deterministic,SAM3 mask,2026-06-28T19:01:32.765412+00:00,/home/nielsbroekhuizen/projects/my-vscode-project/outputs/case_study_2/runs/luca_unc_low_mag_036/20260628_190132,52,44,interval,44,111,0,0.0,True,True,True,True,True,True,True,77.5,0.0,8
validation_unc_luca,Rettenberger Uncertainty,luca_unc_low_mag_036,E7_sam3_overlay_vlm,SAM3 overlay,2026-06-28T19:01:32.765412+00:00,/home/nielsbroekhuizen/projects/my-vscode-project/outputs/case_study_2/runs/luca_unc_low_mag_036/20260628_190132,52,44,interval,44,111,0,0.0,True,True,True,True,True,True,True,77.5,0.0,8
validation_unc_luca,Rettenberger Uncertainty,luca_unc_low_mag_037,E1_raw_vlm,VLM,2026-06-28T19:07:19.747717+00:00,/home/nielsbroekhuizen/projects/my-vscode-project/outputs/case_study_2/runs/luca_unc_low_mag_037/20260628_190719,0,50,interval,50,121,50,0.5848,False,False,False,False,False,False,False,85.5,58.47953216374269,-50
validation_unc_luca,Rettenberger Uncertainty,luca_unc_low_mag_037,E2_sam2_deterministic,SAM2 mask,2026-06-28T19:07:19.747717+00:00,/home/nielsbroekhuizen/projects/my-vscode-project/outputs/case_study_2/runs/luca_unc_low_mag_037/20260628_190719,10,50,interval,50,121,40,0.4678,False,False,False,False,False,False,False,85.5,46.783625730994146,-40
validation_unc_luca,Rettenberger Uncertainty,luca_unc_low_mag_037,E3_imggen_deterministic,ImgGen mask,2026-06-28T19:07:19.747717+00:00,/home/nielsbroekhuizen/projects/my-vscode-project/outputs/case_study_2/runs/luca_unc_low_mag_037/20260628_190719,56,50,interval,50,121,0,0.0,True,True,True,True,True,True,True,85.5,0.0,6
validation_unc_luca,Rettenberger Uncertainty,luca_unc_low_mag_037,E4_sam2_overlay_vlm,SAM2 overlay,2026-06-28T19:07:19.747717+00:00,/home/nielsbroekhuizen/projects/my-vscode-project/outputs/case_study_2/runs/luca_unc_low_mag_037/20260628_190719,42,50,interval,50,121,8,0.0936,False,False,False,False,False,False,True,85.5,9.35672514619883,-8
validation_unc_luca,Rettenberger Uncertainty,luca_unc_low_mag_037,E5_imggen_overlay_vlm,ImgGen overlay,2026-06-28T19:07:19.747717+00:00,/home/nielsbroekhuizen/projects/my-vscode-project/outputs/case_study_2/runs/luca_unc_low_mag_037/20260628_190719,58,50,interval,50,121,0,0.0,True,True,True,True,True,True,True,85.5,0.0,8
validation_unc_luca,Rettenberger Uncertainty,luca_unc_low_mag_037,E6_sam3_deterministic,SAM3 mask,2026-06-28T19:07:19.747717+00:00,/home/nielsbroekhuizen/projects/my-vscode-project/outputs/case_study_2/runs/luca_unc_low_mag_037/20260628_190719,52,50,interval,50,121,0,0.0,True,True,True,True,True,True,True,85.5,0.0,2
validation_unc_luca,Rettenberger Uncertainty,luca_unc_low_mag_037,E7_sam3_overlay_vlm,SAM3 overlay,2026-06-28T19:07:19.747717+00:00,/home/nielsbroekhuizen/projects/my-vscode-project/outputs/case_study_2/runs/luca_unc_low_mag_037/20260628_190719,53,50,interval,50,121,0,0.0,True,True,True,True,True,True,True,85.5,0.0,3
validation_unc_luca,Rettenberger Uncertainty,luca_unc_low_mag_038,E1_raw_vlm,VLM,2026-06-28T19:15:01.975132+00:00,/home/nielsbroekhuizen/projects/my-vscode-project/outputs/case_study_2/runs/luca_unc_low_mag_038/20260628_191501,0,24,interval,24,59,24,0.5783,False,False,False,False,False,False,False,41.5,57.831325301204814,-24
validation_unc_luca,Rettenberger Uncertainty,luca_unc_low_mag_038,E2_sam2_deterministic,SAM2 mask,2026-06-28T19:15:01.975132+00:00,/home/nielsbroekhuizen/projects/my-vscode-project/outputs/case_study_2/runs/luca_unc_low_mag_038/20260628_191501,22,24,interval,24,59,2,0.0482,False,False,False,True,True,True,True,41.5,4.819277108433735,-2
validation_unc_luca,Rettenberger Uncertainty,luca_unc_low_mag_038,E3_imggen_deterministic,ImgGen mask,2026-06-28T19:15:01.975132+00:00,/home/nielsbroekhuizen/projects/my-vscode-project/outputs/case_study_2/runs/luca_unc_low_mag_038/20260628_191501,193,24,interval,24,59,134,3.2289,False,False,False,False,False,False,False,41.5,322.89156626506025,169
validation_unc_luca,Rettenberger Uncertainty,luca_unc_low_mag_038,E4_sam2_overlay_vlm,SAM2 overlay,2026-06-28T19:15:01.975132+00:00,/home/nielsbroekhuizen/projects/my-vscode-project/outputs/case_study_2/runs/luca_unc_low_mag_038/20260628_191501,23,24,interval,24,59,1,0.0241,False,False,True,True,True,True,True,41.5,2.4096385542168677,-1
validation_unc_luca,Rettenberger Uncertainty,luca_unc_low_mag_038,E5_imggen_overlay_vlm,ImgGen overlay,2026-06-28T19:15:01.975132+00:00,/home/nielsbroekhuizen/projects/my-vscode-project/outputs/case_study_2/runs/luca_unc_low_mag_038/20260628_191501,153,24,interval,24,59,94,2.2651,False,False,False,False,False,False,False,41.5,226.50602409638557,129
validation_unc_luca,Rettenberger Uncertainty,luca_unc_low_mag_038,E6_sam3_deterministic,SAM3 mask,2026-06-28T19:15:01.975132+00:00,/home/nielsbroekhuizen/projects/my-vscode-project/outputs/case_study_2/runs/luca_unc_low_mag_038/20260628_191501,52,24,interval,24,59,0,0.0,True,True,True,True,True,True,True,41.5,0.0,28
validation_unc_luca,Rettenberger Uncertainty,luca_unc_low_mag_038,E7_sam3_overlay_vlm,SAM3 overlay,2026-06-28T19:15:01.975132+00:00,/home/nielsbroekhuizen/projects/my-vscode-project/outputs/case_study_2/runs/luca_unc_low_mag_038/20260628_191501,57,24,interval,24,59,0,0.0,True,True,True,True,True,True,True,41.5,0.0,33
validation_unc_luca,Rettenberger Uncertainty,luca_unc_low_mag_039,E1_raw_vlm,VLM,2026-06-28T19:22:12.091725+00:00,/home/nielsbroekhuizen/projects/my-vscode-project/outputs/case_study_2/runs/luca_unc_low_mag_039/20260628_192212,0,26,interval,26,61,26,0.5977,False,False,False,False,False,False,False,43.5,59.77011494252874,-26
validation_unc_luca,Rettenberger Uncertainty,luca_unc_low_mag_039,E2_sam2_deterministic,SAM2 mask,2026-06-28T19:22:12.091725+00:00,/home/nielsbroekhuizen/projects/my-vscode-project/outputs/case_study_2/runs/luca_unc_low_mag_039/20260628_192212,17,26,interval,26,61,9,0.2069,False,False,False,False,False,False,False,43.5,20.689655172413794,-9
validation_unc_luca,Rettenberger Uncertainty,luca_unc_low_mag_039,E3_imggen_deterministic,ImgGen mask,2026-06-28T19:22:12.091725+00:00,/home/nielsbroekhuizen/projects/my-vscode-project/outputs/case_study_2/runs/luca_unc_low_mag_039/20260628_192212,21,26,interval,26,61,5,0.1149,False,False,False,False,False,False,False,43.5,11.494252873563218,-5
validation_unc_luca,Rettenberger Uncertainty,luca_unc_low_mag_039,E4_sam2_overlay_vlm,SAM2 overlay,2026-06-28T19:22:12.091725+00:00,/home/nielsbroekhuizen/projects/my-vscode-project/outputs/case_study_2/runs/luca_unc_low_mag_039/20260628_192212,17,26,interval,26,61,9,0.2069,False,False,False,False,False,False,False,43.5,20.689655172413794,-9
validation_unc_luca,Rettenberger Uncertainty,luca_unc_low_mag_039,E5_imggen_overlay_vlm,ImgGen overlay,2026-06-28T19:22:12.091725+00:00,/home/nielsbroekhuizen/projects/my-vscode-project/outputs/case_study_2/runs/luca_unc_low_mag_039/20260628_192212,24,26,interval,26,61,2,0.046,False,False,False,True,True,True,True,43.5,4.597701149425287,-2
validation_unc_luca,Rettenberger Uncertainty,luca_unc_low_mag_039,E6_sam3_deterministic,SAM3 mask,2026-06-28T19:22:12.091725+00:00,/home/nielsbroekhuizen/projects/my-vscode-project/outputs/case_study_2/runs/luca_unc_low_mag_039/20260628_192212,28,26,interval,26,61,0,0.0,True,True,True,True,True,True,True,43.5,0.0,2
validation_unc_luca,Rettenberger Uncertainty,luca_unc_low_mag_039,E7_sam3_overlay_vlm,SAM3 overlay,2026-06-28T19:22:12.091725+00:00,/home/nielsbroekhuizen/projects/my-vscode-project/outputs/case_study_2/runs/luca_unc_low_mag_039/20260628_192212,34,26,interval,26,61,0,0.0,True,True,True,True,True,True,True,43.5,0.0,8
validation_unc_luca,Rettenberger Uncertainty,luca_unc_low_mag_040,E1_raw_vlm,VLM,2026-06-28T19:27:37.457302+00:00,/home/nielsbroekhuizen/projects/my-vscode-project/outputs/case_study_2/runs/luca_unc_low_mag_040/20260628_192737,0,27,interval,27,90,27,0.4615,False,False,False,False,False,False,False,58.5,46.15384615384615,-27
validation_unc_luca,Rettenberger Uncertainty,luca_unc_low_mag_040,E2_sam2_deterministic,SAM2 mask,2026-06-28T19:27:37.457302+00:00,/home/nielsbroekhuizen/projects/my-vscode-project/outputs/case_study_2/runs/luca_unc_low_mag_040/20260628_192737,6,27,interval,27,90,21,0.359,False,False,False,False,False,False,False,58.5,35.8974358974359,-21
validation_unc_luca,Rettenberger Uncertainty,luca_unc_low_mag_040,E3_imggen_deterministic,ImgGen mask,2026-06-28T19:27:37.457302+00:00,/home/nielsbroekhuizen/projects/my-vscode-project/outputs/case_study_2/runs/luca_unc_low_mag_040/20260628_192737,8,27,interval,27,90,19,0.3248,False,False,False,False,False,False,False,58.5,32.47863247863248,-19
validation_unc_luca,Rettenberger Uncertainty,luca_unc_low_mag_040,E4_sam2_overlay_vlm,SAM2 overlay,2026-06-28T19:27:37.457302+00:00,/home/nielsbroekhuizen/projects/my-vscode-project/outputs/case_study_2/runs/luca_unc_low_mag_040/20260628_192737,5,27,interval,27,90,22,0.3761,False,False,False,False,False,False,False,58.5,37.60683760683761,-22
validation_unc_luca,Rettenberger Uncertainty,luca_unc_low_mag_040,E5_imggen_overlay_vlm,ImgGen overlay,2026-06-28T19:27:37.457302+00:00,/home/nielsbroekhuizen/projects/my-vscode-project/outputs/case_study_2/runs/luca_unc_low_mag_040/20260628_192737,8,27,interval,27,90,19,0.3248,False,False,False,False,False,False,False,58.5,32.47863247863248,-19
validation_unc_luca,Rettenberger Uncertainty,luca_unc_low_mag_040,E6_sam3_deterministic,SAM3 mask,2026-06-28T19:27:37.457302+00:00,/home/nielsbroekhuizen/projects/my-vscode-project/outputs/case_study_2/runs/luca_unc_low_mag_040/20260628_192737,1,27,interval,27,90,26,0.4444,False,False,False,False,False,False,False,58.5,44.44444444444444,-26
validation_unc_luca,Rettenberger Uncertainty,luca_unc_low_mag_040,E7_sam3_overlay_vlm,SAM3 overlay,2026-06-28T19:27:37.457302+00:00,/home/nielsbroekhuizen/projects/my-vscode-project/outputs/case_study_2/runs/luca_unc_low_mag_040/20260628_192737,1,27,interval,27,90,26,0.4444,False,False,False,False,False,False,False,58.5,44.44444444444444,-26
validation_unc_luca,Rettenberger Uncertainty,luca_unc_low_mag_041,E1_raw_vlm,VLM,2026-06-28T19:31:14.634418+00:00,/home/nielsbroekhuizen/projects/my-vscode-project/outputs/case_study_2/runs/luca_unc_low_mag_041/20260628_193114,0,38,interval,38,89,38,0.5984,False,False,False,False,False,False,False,63.5,59.84251968503938,-38
validation_unc_luca,Rettenberger Uncertainty,luca_unc_low_mag_041,E2_sam2_deterministic,SAM2 mask,2026-06-28T19:31:14.634418+00:00,/home/nielsbroekhuizen/projects/my-vscode-project/outputs/case_study_2/runs/luca_unc_low_mag_041/20260628_193114,23,38,interval,38,89,15,0.2362,False,False,False,False,False,False,False,63.5,23.62204724409449,-15
validation_unc_luca,Rettenberger Uncertainty,luca_unc_low_mag_041,E3_imggen_deterministic,ImgGen mask,2026-06-28T19:31:14.634418+00:00,/home/nielsbroekhuizen/projects/my-vscode-project/outputs/case_study_2/runs/luca_unc_low_mag_041/20260628_193114,70,38,interval,38,89,0,0.0,True,True,True,True,True,True,True,63.5,0.0,32
validation_unc_luca,Rettenberger Uncertainty,luca_unc_low_mag_041,E4_sam2_overlay_vlm,SAM2 overlay,2026-06-28T19:31:14.634418+00:00,/home/nielsbroekhuizen/projects/my-vscode-project/outputs/case_study_2/runs/luca_unc_low_mag_041/20260628_193114,27,38,interval,38,89,11,0.1732,False,False,False,False,False,False,False,63.5,17.322834645669293,-11
validation_unc_luca,Rettenberger Uncertainty,luca_unc_low_mag_041,E5_imggen_overlay_vlm,ImgGen overlay,2026-06-28T19:31:14.634418+00:00,/home/nielsbroekhuizen/projects/my-vscode-project/outputs/case_study_2/runs/luca_unc_low_mag_041/20260628_193114,67,38,interval,38,89,0,0.0,True,True,True,True,True,True,True,63.5,0.0,29
validation_unc_luca,Rettenberger Uncertainty,luca_unc_low_mag_041,E6_sam3_deterministic,SAM3 mask,2026-06-28T19:31:14.634418+00:00,/home/nielsbroekhuizen/projects/my-vscode-project/outputs/case_study_2/runs/luca_unc_low_mag_041/20260628_193114,61,38,interval,38,89,0,0.0,True,True,True,True,True,True,True,63.5,0.0,23
validation_unc_luca,Rettenberger Uncertainty,luca_unc_low_mag_041,E7_sam3_overlay_vlm,SAM3 overlay,2026-06-28T19:31:14.634418+00:00,/home/nielsbroekhuizen/projects/my-vscode-project/outputs/case_study_2/runs/luca_unc_low_mag_041/20260628_193114,54,38,interval,38,89,0,0.0,True,True,True,True,True,True,True,63.5,0.0,16
validation_unc_luca,Rettenberger Uncertainty,luca_unc_low_mag_042,E1_raw_vlm,VLM,2026-06-28T19:38:55.747924+00:00,/home/nielsbroekhuizen/projects/my-vscode-project/outputs/case_study_2/runs/luca_unc_low_mag_042/20260628_193855,0,31,interval,31,82,31,0.5487,False,False,False,False,False,False,False,56.5,54.86725663716814,-31
validation_unc_luca,Rettenberger Uncertainty,luca_unc_low_mag_042,E2_sam2_deterministic,SAM2 mask,2026-06-28T19:38:55.747924+00:00,/home/nielsbroekhuizen/projects/my-vscode-project/outputs/case_study_2/runs/luca_unc_low_mag_042/20260628_193855,27,31,interval,31,82,4,0.0708,False,False,False,False,False,False,True,56.5,7.079646017699115,-4
validation_unc_luca,Rettenberger Uncertainty,luca_unc_low_mag_042,E3_imggen_deterministic,ImgGen mask,2026-06-28T19:38:55.747924+00:00,/home/nielsbroekhuizen/projects/my-vscode-project/outputs/case_study_2/runs/luca_unc_low_mag_042/20260628_193855,38,31,interval,31,82,0,0.0,True,True,True,True,True,True,True,56.5,0.0,7
validation_unc_luca,Rettenberger Uncertainty,luca_unc_low_mag_042,E4_sam2_overlay_vlm,SAM2 overlay,2026-06-28T19:38:55.747924+00:00,/home/nielsbroekhuizen/projects/my-vscode-project/outputs/case_study_2/runs/luca_unc_low_mag_042/20260628_193855,23,31,interval,31,82,8,0.1416,False,False,False,False,False,False,False,56.5,14.15929203539823,-8
validation_unc_luca,Rettenberger Uncertainty,luca_unc_low_mag_042,E5_imggen_overlay_vlm,ImgGen overlay,2026-06-28T19:38:55.747924+00:00,/home/nielsbroekhuizen/projects/my-vscode-project/outputs/case_study_2/runs/luca_unc_low_mag_042/20260628_193855,44,31,interval,31,82,0,0.0,True,True,True,True,True,True,True,56.5,0.0,13
validation_unc_luca,Rettenberger Uncertainty,luca_unc_low_mag_042,E6_sam3_deterministic,SAM3 mask,2026-06-28T19:38:55.747924+00:00,/home/nielsbroekhuizen/projects/my-vscode-project/outputs/case_study_2/runs/luca_unc_low_mag_042/20260628_193855,10,31,interval,31,82,21,0.3717,False,False,False,False,False,False,False,56.5,37.16814159292036,-21
validation_unc_luca,Rettenberger Uncertainty,luca_unc_low_mag_042,E7_sam3_overlay_vlm,SAM3 overlay,2026-06-28T19:38:55.747924+00:00,/home/nielsbroekhuizen/projects/my-vscode-project/outputs/case_study_2/runs/luca_unc_low_mag_042/20260628_193855,10,31,interval,31,82,21,0.3717,False,False,False,False,False,False,False,56.5,37.16814159292036,-21
validation_unc_luca,Rettenberger Uncertainty,luca_unc_low_mag_043,E1_raw_vlm,VLM,2026-06-28T19:45:02.469883+00:00,/home/nielsbroekhuizen/projects/my-vscode-project/outputs/case_study_2/runs/luca_unc_low_mag_043/20260628_194502,0,27,interval,27,90,27,0.4615,False,False,False,False,False,False,False,58.5,46.15384615384615,-27
validation_unc_luca,Rettenberger Uncertainty,luca_unc_low_mag_043,E2_sam2_deterministic,SAM2 mask,2026-06-28T19:45:02.469883+00:00,/home/nielsbroekhuizen/projects/my-vscode-project/outputs/case_study_2/runs/luca_unc_low_mag_043/20260628_194502,5,27,interval,27,90,22,0.3761,False,False,False,False,False,False,False,58.5,37.60683760683761,-22
validation_unc_luca,Rettenberger Uncertainty,luca_unc_low_mag_043,E3_imggen_deterministic,ImgGen mask,2026-06-28T19:45:02.469883+00:00,/home/nielsbroekhuizen/projects/my-vscode-project/outputs/case_study_2/runs/luca_unc_low_mag_043/20260628_194502,19,27,interval,27,90,8,0.1368,False,False,False,False,False,False,False,58.5,13.675213675213676,-8
validation_unc_luca,Rettenberger Uncertainty,luca_unc_low_mag_043,E4_sam2_overlay_vlm,SAM2 overlay,2026-06-28T19:45:02.469883+00:00,/home/nielsbroekhuizen/projects/my-vscode-project/outputs/case_study_2/runs/luca_unc_low_mag_043/20260628_194502,6,27,interval,27,90,21,0.359,False,False,False,False,False,False,False,58.5,35.8974358974359,-21
validation_unc_luca,Rettenberger Uncertainty,luca_unc_low_mag_043,E5_imggen_overlay_vlm,ImgGen overlay,2026-06-28T19:45:02.469883+00:00,/home/nielsbroekhuizen/projects/my-vscode-project/outputs/case_study_2/runs/luca_unc_low_mag_043/20260628_194502,19,27,interval,27,90,8,0.1368,False,False,False,False,False,False,False,58.5,13.675213675213676,-8
validation_unc_luca,Rettenberger Uncertainty,luca_unc_low_mag_043,E6_sam3_deterministic,SAM3 mask,2026-06-28T19:45:02.469883+00:00,/home/nielsbroekhuizen/projects/my-vscode-project/outputs/case_study_2/runs/luca_unc_low_mag_043/20260628_194502,7,27,interval,27,90,20,0.3419,False,False,False,False,False,False,False,58.5,34.18803418803419,-20
validation_unc_luca,Rettenberger Uncertainty,luca_unc_low_mag_043,E7_sam3_overlay_vlm,SAM3 overlay,2026-06-28T19:45:02.469883+00:00,/home/nielsbroekhuizen/projects/my-vscode-project/outputs/case_study_2/runs/luca_unc_low_mag_043/20260628_194502,7,27,interval,27,90,20,0.3419,False,False,False,False,False,False,False,58.5,34.18803418803419,-20
validation_unc_luca,Rettenberger Uncertainty,luca_unc_low_mag_044,E1_raw_vlm,VLM,2026-06-28T19:47:57.362330+00:00,/home/nielsbroekhuizen/projects/my-vscode-project/outputs/case_study_2/runs/luca_unc_low_mag_044/20260628_194757,0,50,interval,50,184,50,0.4274,False,False,False,False,False,False,False,117.0,42.73504273504273,-50
validation_unc_luca,Rettenberger Uncertainty,luca_unc_low_mag_044,E2_sam2_deterministic,SAM2 mask,2026-06-28T19:47:57.362330+00:00,/home/nielsbroekhuizen/projects/my-vscode-project/outputs/case_study_2/runs/luca_unc_low_mag_044/20260628_194757,21,50,interval,50,184,29,0.2479,False,False,False,False,False,False,False,117.0,24.786324786324787,-29
validation_unc_luca,Rettenberger Uncertainty,luca_unc_low_mag_044,E3_imggen_deterministic,ImgGen mask,2026-06-28T19:47:57.362330+00:00,/home/nielsbroekhuizen/projects/my-vscode-project/outputs/case_study_2/runs/luca_unc_low_mag_044/20260628_194757,54,50,interval,50,184,0,0.0,True,True,True,True,True,True,True,117.0,0.0,4
validation_unc_luca,Rettenberger Uncertainty,luca_unc_low_mag_044,E4_sam2_overlay_vlm,SAM2 overlay,2026-06-28T19:47:57.362330+00:00,/home/nielsbroekhuizen/projects/my-vscode-project/outputs/case_study_2/runs/luca_unc_low_mag_044/20260628_194757,19,50,interval,50,184,31,0.265,False,False,False,False,False,False,False,117.0,26.495726495726498,-31
validation_unc_luca,Rettenberger Uncertainty,luca_unc_low_mag_044,E5_imggen_overlay_vlm,ImgGen overlay,2026-06-28T19:47:57.362330+00:00,/home/nielsbroekhuizen/projects/my-vscode-project/outputs/case_study_2/runs/luca_unc_low_mag_044/20260628_194757,66,50,interval,50,184,0,0.0,True,True,True,True,True,True,True,117.0,0.0,16
validation_unc_luca,Rettenberger Uncertainty,luca_unc_low_mag_044,E6_sam3_deterministic,SAM3 mask,2026-06-28T19:47:57.362330+00:00,/home/nielsbroekhuizen/projects/my-vscode-project/outputs/case_study_2/runs/luca_unc_low_mag_044/20260628_194757,46,50,interval,50,184,4,0.0342,False,False,False,False,False,True,True,117.0,3.418803418803419,-4
validation_unc_luca,Rettenberger Uncertainty,luca_unc_low_mag_044,E7_sam3_overlay_vlm,SAM3 overlay,2026-06-28T19:47:57.362330+00:00,/home/nielsbroekhuizen/projects/my-vscode-project/outputs/case_study_2/runs/luca_unc_low_mag_044/20260628_194757,42,50,interval,50,184,8,0.0684,False,False,False,False,False,False,True,117.0,6.837606837606838,-8
validation_unc_luca,Rettenberger Uncertainty,luca_unc_low_mag_045,E1_raw_vlm,VLM,2026-06-28T19:55:01.659952+00:00,/home/nielsbroekhuizen/projects/my-vscode-project/outputs/case_study_2/runs/luca_unc_low_mag_045/20260628_195501,0,10,interval,10,42,10,0.3846,False,False,False,False,False,False,False,26.0,38.46153846153847,-10
validation_unc_luca,Rettenberger Uncertainty,luca_unc_low_mag_045,E2_sam2_deterministic,SAM2 mask,2026-06-28T19:55:01.659952+00:00,/home/nielsbroekhuizen/projects/my-vscode-project/outputs/case_study_2/runs/luca_unc_low_mag_045/20260628_195501,7,10,interval,10,42,3,0.1154,False,False,False,False,True,False,False,26.0,11.538461538461538,-3
validation_unc_luca,Rettenberger Uncertainty,luca_unc_low_mag_045,E3_imggen_deterministic,ImgGen mask,2026-06-28T19:55:01.659952+00:00,/home/nielsbroekhuizen/projects/my-vscode-project/outputs/case_study_2/runs/luca_unc_low_mag_045/20260628_195501,44,10,interval,10,42,2,0.0769,False,False,False,True,True,False,True,26.0,7.6923076923076925,34
validation_unc_luca,Rettenberger Uncertainty,luca_unc_low_mag_045,E4_sam2_overlay_vlm,SAM2 overlay,2026-06-28T19:55:01.659952+00:00,/home/nielsbroekhuizen/projects/my-vscode-project/outputs/case_study_2/runs/luca_unc_low_mag_045/20260628_195501,5,10,interval,10,42,5,0.1923,False,False,False,False,False,False,False,26.0,19.230769230769234,-5
validation_unc_luca,Rettenberger Uncertainty,luca_unc_low_mag_045,E5_imggen_overlay_vlm,ImgGen overlay,2026-06-28T19:55:01.659952+00:00,/home/nielsbroekhuizen/projects/my-vscode-project/outputs/case_study_2/runs/luca_unc_low_mag_045/20260628_195501,49,10,interval,10,42,7,0.2692,False,False,False,False,False,False,False,26.0,26.923076923076923,39
validation_unc_luca,Rettenberger Uncertainty,luca_unc_low_mag_045,E6_sam3_deterministic,SAM3 mask,2026-06-28T19:55:01.659952+00:00,/home/nielsbroekhuizen/projects/my-vscode-project/outputs/case_study_2/runs/luca_unc_low_mag_045/20260628_195501,3,10,interval,10,42,7,0.2692,False,False,False,False,False,False,False,26.0,26.923076923076923,-7
validation_unc_luca,Rettenberger Uncertainty,luca_unc_low_mag_045,E7_sam3_overlay_vlm,SAM3 overlay,2026-06-28T19:55:01.659952+00:00,/home/nielsbroekhuizen/projects/my-vscode-project/outputs/case_study_2/runs/luca_unc_low_mag_045/20260628_195501,3,10,interval,10,42,7,0.2692,False,False,False,False,False,False,False,26.0,26.923076923076923,-7
validation_unc_luca,Rettenberger Uncertainty,luca_unc_low_mag_046,E1_raw_vlm,VLM,2026-06-28T20:04:34.446220+00:00,/home/nielsbroekhuizen/projects/my-vscode-project/outputs/case_study_2/runs/luca_unc_low_mag_046/20260628_200434,0,41,interval,41,103,41,0.5694,False,False,False,False,False,False,False,72.0,56.94444444444444,-41
validation_unc_luca,Rettenberger Uncertainty,luca_unc_low_mag_046,E2_sam2_deterministic,SAM2 mask,2026-06-28T20:04:34.446220+00:00,/home/nielsbroekhuizen/projects/my-vscode-project/outputs/case_study_2/runs/luca_unc_low_mag_046/20260628_200434,8,41,interval,41,103,33,0.4583,False,False,False,False,False,False,False,72.0,45.83333333333333,-33
validation_unc_luca,Rettenberger Uncertainty,luca_unc_low_mag_046,E3_imggen_deterministic,ImgGen mask,2026-06-28T20:04:34.446220+00:00,/home/nielsbroekhuizen/projects/my-vscode-project/outputs/case_study_2/runs/luca_unc_low_mag_046/20260628_200434,6,41,interval,41,103,35,0.4861,False,False,False,False,False,False,False,72.0,48.61111111111111,-35
validation_unc_luca,Rettenberger Uncertainty,luca_unc_low_mag_046,E4_sam2_overlay_vlm,SAM2 overlay,2026-06-28T20:04:34.446220+00:00,/home/nielsbroekhuizen/projects/my-vscode-project/outputs/case_study_2/runs/luca_unc_low_mag_046/20260628_200434,12,41,interval,41,103,29,0.4028,False,False,False,False,False,False,False,72.0,40.27777777777778,-29
validation_unc_luca,Rettenberger Uncertainty,luca_unc_low_mag_046,E5_imggen_overlay_vlm,ImgGen overlay,2026-06-28T20:04:34.446220+00:00,/home/nielsbroekhuizen/projects/my-vscode-project/outputs/case_study_2/runs/luca_unc_low_mag_046/20260628_200434,6,41,interval,41,103,35,0.4861,False,False,False,False,False,False,False,72.0,48.61111111111111,-35
validation_unc_luca,Rettenberger Uncertainty,luca_unc_low_mag_046,E6_sam3_deterministic,SAM3 mask,2026-06-28T20:04:34.446220+00:00,/home/nielsbroekhuizen/projects/my-vscode-project/outputs/case_study_2/runs/luca_unc_low_mag_046/20260628_200434,8,41,interval,41,103,33,0.4583,False,False,False,False,False,False,False,72.0,45.83333333333333,-33
validation_unc_luca,Rettenberger Uncertainty,luca_unc_low_mag_046,E7_sam3_overlay_vlm,SAM3 overlay,2026-06-28T20:04:34.446220+00:00,/home/nielsbroekhuizen/projects/my-vscode-project/outputs/case_study_2/runs/luca_unc_low_mag_046/20260628_200434,8,41,interval,41,103,33,0.4583,False,False,False,False,False,False,False,72.0,45.83333333333333,-33
validation_unc_luca,Rettenberger Uncertainty,luca_unc_low_mag_047,E1_raw_vlm,VLM,2026-06-28T20:08:29.898470+00:00,/home/nielsbroekhuizen/projects/my-vscode-project/outputs/case_study_2/runs/luca_unc_low_mag_047/20260628_200829,0,40,interval,40,158,40,0.404,False,False,False,False,False,False,False,99.0,40.4040404040404,-40
validation_unc_luca,Rettenberger Uncertainty,luca_unc_low_mag_047,E2_sam2_deterministic,SAM2 mask,2026-06-28T20:08:29.898470+00:00,/home/nielsbroekhuizen/projects/my-vscode-project/outputs/case_study_2/runs/luca_unc_low_mag_047/20260628_200829,18,40,interval,40,158,22,0.2222,False,False,False,False,False,False,False,99.0,22.22222222222222,-22
validation_unc_luca,Rettenberger Uncertainty,luca_unc_low_mag_047,E3_imggen_deterministic,ImgGen mask,2026-06-28T20:08:29.898470+00:00,/home/nielsbroekhuizen/projects/my-vscode-project/outputs/case_study_2/runs/luca_unc_low_mag_047/20260628_200829,126,40,interval,40,158,0,0.0,True,True,True,True,True,True,True,99.0,0.0,86
validation_unc_luca,Rettenberger Uncertainty,luca_unc_low_mag_047,E4_sam2_overlay_vlm,SAM2 overlay,2026-06-28T20:08:29.898470+00:00,/home/nielsbroekhuizen/projects/my-vscode-project/outputs/case_study_2/runs/luca_unc_low_mag_047/20260628_200829,19,40,interval,40,158,21,0.2121,False,False,False,False,False,False,False,99.0,21.21212121212121,-21
validation_unc_luca,Rettenberger Uncertainty,luca_unc_low_mag_047,E5_imggen_overlay_vlm,ImgGen overlay,2026-06-28T20:08:29.898470+00:00,/home/nielsbroekhuizen/projects/my-vscode-project/outputs/case_study_2/runs/luca_unc_low_mag_047/20260628_200829,160,40,interval,40,158,2,0.0202,False,False,False,True,True,True,True,99.0,2.0202020202020203,120
validation_unc_luca,Rettenberger Uncertainty,luca_unc_low_mag_047,E6_sam3_deterministic,SAM3 mask,2026-06-28T20:08:29.898470+00:00,/home/nielsbroekhuizen/projects/my-vscode-project/outputs/case_study_2/runs/luca_unc_low_mag_047/20260628_200829,35,40,interval,40,158,5,0.0505,False,False,False,False,False,False,True,99.0,5.05050505050505,-5
validation_unc_luca,Rettenberger Uncertainty,luca_unc_low_mag_047,E7_sam3_overlay_vlm,SAM3 overlay,2026-06-28T20:08:29.898470+00:00,/home/nielsbroekhuizen/projects/my-vscode-project/outputs/case_study_2/runs/luca_unc_low_mag_047/20260628_200829,34,40,interval,40,158,6,0.0606,False,False,False,False,False,False,True,99.0,6.0606060606060606,-6
validation_unc_luca,Rettenberger Uncertainty,luca_unc_low_mag_048,E1_raw_vlm,VLM,2026-06-28T20:15:39.417798+00:00,/home/nielsbroekhuizen/projects/my-vscode-project/outputs/case_study_2/runs/luca_unc_low_mag_048/20260628_201539,0,11,interval,11,77,11,0.25,False,False,False,False,False,False,False,44.0,25.0,-11
validation_unc_luca,Rettenberger Uncertainty,luca_unc_low_mag_048,E2_sam2_deterministic,SAM2 mask,2026-06-28T20:15:39.417798+00:00,/home/nielsbroekhuizen/projects/my-vscode-project/outputs/case_study_2/runs/luca_unc_low_mag_048/20260628_201539,21,11,interval,11,77,0,0.0,True,True,True,True,True,True,True,44.0,0.0,10
validation_unc_luca,Rettenberger Uncertainty,luca_unc_low_mag_048,E3_imggen_deterministic,ImgGen mask,2026-06-28T20:15:39.417798+00:00,/home/nielsbroekhuizen/projects/my-vscode-project/outputs/case_study_2/runs/luca_unc_low_mag_048/20260628_201539,48,11,interval,11,77,0,0.0,True,True,True,True,True,True,True,44.0,0.0,37
validation_unc_luca,Rettenberger Uncertainty,luca_unc_low_mag_048,E4_sam2_overlay_vlm,SAM2 overlay,2026-06-28T20:15:39.417798+00:00,/home/nielsbroekhuizen/projects/my-vscode-project/outputs/case_study_2/runs/luca_unc_low_mag_048/20260628_201539,18,11,interval,11,77,0,0.0,True,True,True,True,True,True,True,44.0,0.0,7
validation_unc_luca,Rettenberger Uncertainty,luca_unc_low_mag_048,E5_imggen_overlay_vlm,ImgGen overlay,2026-06-28T20:15:39.417798+00:00,/home/nielsbroekhuizen/projects/my-vscode-project/outputs/case_study_2/runs/luca_unc_low_mag_048/20260628_201539,54,11,interval,11,77,0,0.0,True,True,True,True,True,True,True,44.0,0.0,43
validation_unc_luca,Rettenberger Uncertainty,luca_unc_low_mag_048,E6_sam3_deterministic,SAM3 mask,2026-06-28T20:15:39.417798+00:00,/home/nielsbroekhuizen/projects/my-vscode-project/outputs/case_study_2/runs/luca_unc_low_mag_048/20260628_201539,44,11,interval,11,77,0,0.0,True,True,True,True,True,True,True,44.0,0.0,33
validation_unc_luca,Rettenberger Uncertainty,luca_unc_low_mag_048,E7_sam3_overlay_vlm,SAM3 overlay,2026-06-28T20:15:39.417798+00:00,/home/nielsbroekhuizen/projects/my-vscode-project/outputs/case_study_2/runs/luca_unc_low_mag_048/20260628_201539,45,11,interval,11,77,0,0.0,True,True,True,True,True,True,True,44.0,0.0,34
validation_unc_luca,Rettenberger Uncertainty,luca_unc_low_mag_049,E1_raw_vlm,VLM,2026-06-28T20:22:07.665763+00:00,/home/nielsbroekhuizen/projects/my-vscode-project/outputs/case_study_2/runs/luca_unc_low_mag_049/20260628_202207,0,22,interval,22,76,22,0.449,False,False,False,False,False,False,False,49.0,44.89795918367347,-22
validation_unc_luca,Rettenberger Uncertainty,luca_unc_low_mag_049,E2_sam2_deterministic,SAM2 mask,2026-06-28T20:22:07.665763+00:00,/home/nielsbroekhuizen/projects/my-vscode-project/outputs/case_study_2/runs/luca_unc_low_mag_049/20260628_202207,28,22,interval,22,76,0,0.0,True,True,True,True,True,True,True,49.0,0.0,6
validation_unc_luca,Rettenberger Uncertainty,luca_unc_low_mag_049,E3_imggen_deterministic,ImgGen mask,2026-06-28T20:22:07.665763+00:00,/home/nielsbroekhuizen/projects/my-vscode-project/outputs/case_study_2/runs/luca_unc_low_mag_049/20260628_202207,47,22,interval,22,76,0,0.0,True,True,True,True,True,True,True,49.0,0.0,25
validation_unc_luca,Rettenberger Uncertainty,luca_unc_low_mag_049,E4_sam2_overlay_vlm,SAM2 overlay,2026-06-28T20:22:07.665763+00:00,/home/nielsbroekhuizen/projects/my-vscode-project/outputs/case_study_2/runs/luca_unc_low_mag_049/20260628_202207,28,22,interval,22,76,0,0.0,True,True,True,True,True,True,True,49.0,0.0,6
validation_unc_luca,Rettenberger Uncertainty,luca_unc_low_mag_049,E5_imggen_overlay_vlm,ImgGen overlay,2026-06-28T20:22:07.665763+00:00,/home/nielsbroekhuizen/projects/my-vscode-project/outputs/case_study_2/runs/luca_unc_low_mag_049/20260628_202207,50,22,interval,22,76,0,0.0,True,True,True,True,True,True,True,49.0,0.0,28
validation_unc_luca,Rettenberger Uncertainty,luca_unc_low_mag_049,E6_sam3_deterministic,SAM3 mask,2026-06-28T20:22:07.665763+00:00,/home/nielsbroekhuizen/projects/my-vscode-project/outputs/case_study_2/runs/luca_unc_low_mag_049/20260628_202207,42,22,interval,22,76,0,0.0,True,True,True,True,True,True,True,49.0,0.0,20
validation_unc_luca,Rettenberger Uncertainty,luca_unc_low_mag_049,E7_sam3_overlay_vlm,SAM3 overlay,2026-06-28T20:22:07.665763+00:00,/home/nielsbroekhuizen/projects/my-vscode-project/outputs/case_study_2/runs/luca_unc_low_mag_049/20260628_202207,44,22,interval,22,76,0,0.0,True,True,True,True,True,True,True,49.0,0.0,22
validation_unc_luca,Rettenberger Uncertainty,luca_unc_low_mag_050,E1_raw_vlm,VLM,2026-06-28T20:28:58.494436+00:00,/home/nielsbroekhuizen/projects/my-vscode-project/outputs/case_study_2/runs/luca_unc_low_mag_050/20260628_202858,0,11,interval,11,79,11,0.2444,False,False,False,False,False,False,False,45.0,24.444444444444443,-11
validation_unc_luca,Rettenberger Uncertainty,luca_unc_low_mag_050,E2_sam2_deterministic,SAM2 mask,2026-06-28T20:28:58.494436+00:00,/home/nielsbroekhuizen/projects/my-vscode-project/outputs/case_study_2/runs/luca_unc_low_mag_050/20260628_202858,41,11,interval,11,79,0,0.0,True,True,True,True,True,True,True,45.0,0.0,30
validation_unc_luca,Rettenberger Uncertainty,luca_unc_low_mag_050,E3_imggen_deterministic,ImgGen mask,2026-06-28T20:28:58.494436+00:00,/home/nielsbroekhuizen/projects/my-vscode-project/outputs/case_study_2/runs/luca_unc_low_mag_050/20260628_202858,71,11,interval,11,79,0,0.0,True,True,True,True,True,True,True,45.0,0.0,60
validation_unc_luca,Rettenberger Uncertainty,luca_unc_low_mag_050,E4_sam2_overlay_vlm,SAM2 overlay,2026-06-28T20:28:58.494436+00:00,/home/nielsbroekhuizen/projects/my-vscode-project/outputs/case_study_2/runs/luca_unc_low_mag_050/20260628_202858,44,11,interval,11,79,0,0.0,True,True,True,True,True,True,True,45.0,0.0,33
validation_unc_luca,Rettenberger Uncertainty,luca_unc_low_mag_050,E5_imggen_overlay_vlm,ImgGen overlay,2026-06-28T20:28:58.494436+00:00,/home/nielsbroekhuizen/projects/my-vscode-project/outputs/case_study_2/runs/luca_unc_low_mag_050/20260628_202858,83,11,interval,11,79,4,0.0889,False,False,False,False,False,False,True,45.0,8.88888888888889,72
validation_unc_luca,Rettenberger Uncertainty,luca_unc_low_mag_050,E6_sam3_deterministic,SAM3 mask,2026-06-28T20:28:58.494436+00:00,/home/nielsbroekhuizen/projects/my-vscode-project/outputs/case_study_2/runs/luca_unc_low_mag_050/20260628_202858,52,11,interval,11,79,0,0.0,True,True,True,True,True,True,True,45.0,0.0,41
validation_unc_luca,Rettenberger Uncertainty,luca_unc_low_mag_050,E7_sam3_overlay_vlm,SAM3 overlay,2026-06-28T20:28:58.494436+00:00,/home/nielsbroekhuizen/projects/my-vscode-project/outputs/case_study_2/runs/luca_unc_low_mag_050/20260628_202858,63,11,interval,11,79,0,0.0,True,True,True,True,True,True,True,45.0,0.0,52
validation_andrea_grid_scan_mirror,TFS Mirror,tile_r036_c026_andrea_val,E1_raw_vlm,VLM,2026-06-27T09:07:06.016920+00:00,/home/nielsbroekhuizen/projects/my-vscode-project/outputs/case_study_2/runs/tile_r036_c026_andrea_val/20260627_090706,0,6,point,6,6,6,1.0,False,False,False,False,False,False,False,6.0,100.0,-6
validation_andrea_grid_scan_mirror,TFS Mirror,tile_r036_c026_andrea_val,E2_sam2_deterministic,SAM2 mask,2026-06-27T09:07:06.016920+00:00,/home/nielsbroekhuizen/projects/my-vscode-project/outputs/case_study_2/runs/tile_r036_c026_andrea_val/20260627_090706,9,6,point,6,6,3,0.5,False,False,False,False,True,False,False,6.0,50.0,3
validation_andrea_grid_scan_mirror,TFS Mirror,tile_r036_c026_andrea_val,E3_imggen_deterministic,ImgGen mask,2026-06-27T09:07:06.016920+00:00,/home/nielsbroekhuizen/projects/my-vscode-project/outputs/case_study_2/runs/tile_r036_c026_andrea_val/20260627_090706,5,6,point,6,6,1,0.1667,False,False,True,True,True,False,False,6.0,16.666666666666664,-1
validation_andrea_grid_scan_mirror,TFS Mirror,tile_r036_c026_andrea_val,E4_sam2_overlay_vlm,SAM2 overlay,2026-06-27T09:07:06.016920+00:00,/home/nielsbroekhuizen/projects/my-vscode-project/outputs/case_study_2/runs/tile_r036_c026_andrea_val/20260627_090706,8,6,point,6,6,2,0.3333,False,False,False,True,True,False,False,6.0,33.33333333333333,2
validation_andrea_grid_scan_mirror,TFS Mirror,tile_r036_c026_andrea_val,E5_imggen_overlay_vlm,ImgGen overlay,2026-06-27T09:07:06.016920+00:00,/home/nielsbroekhuizen/projects/my-vscode-project/outputs/case_study_2/runs/tile_r036_c026_andrea_val/20260627_090706,7,6,point,6,6,1,0.1667,False,False,True,True,True,False,False,6.0,16.666666666666664,1
validation_andrea_grid_scan_mirror,TFS Mirror,tile_r036_c026_andrea_val,E6_sam3_deterministic,SAM3 mask,2026-06-27T09:07:06.016920+00:00,/home/nielsbroekhuizen/projects/my-vscode-project/outputs/case_study_2/runs/tile_r036_c026_andrea_val/20260627_090706,5,6,point,6,6,1,0.1667,False,False,True,True,True,False,False,6.0,16.666666666666664,-1
validation_andrea_grid_scan_mirror,TFS Mirror,tile_r036_c026_andrea_val,E7_sam3_overlay_vlm,SAM3 overlay,2026-06-27T09:07:06.016920+00:00,/home/nielsbroekhuizen/projects/my-vscode-project/outputs/case_study_2/runs/tile_r036_c026_andrea_val/20260627_090706,5,6,point,6,6,1,0.1667,False,False,True,True,True,False,False,6.0,16.666666666666664,-1
validation_andrea_grid_scan_mirror,TFS Mirror,tile_r036_c027_andrea_val,E1_raw_vlm,VLM,2026-06-27T09:10:34.929035+00:00,/home/nielsbroekhuizen/projects/my-vscode-project/outputs/case_study_2/runs/tile_r036_c027_andrea_val/20260627_091034,0,1,point,1,1,1,1.0,False,False,True,True,True,False,False,1.0,100.0,-1
validation_andrea_grid_scan_mirror,TFS Mirror,tile_r036_c027_andrea_val,E2_sam2_deterministic,SAM2 mask,2026-06-27T09:10:34.929035+00:00,/home/nielsbroekhuizen/projects/my-vscode-project/outputs/case_study_2/runs/tile_r036_c027_andrea_val/20260627_091034,2,1,point,1,1,1,1.0,False,False,True,True,True,False,False,1.0,100.0,1
validation_andrea_grid_scan_mirror,TFS Mirror,tile_r036_c027_andrea_val,E3_imggen_deterministic,ImgGen mask,2026-06-27T09:10:34.929035+00:00,/home/nielsbroekhuizen/projects/my-vscode-project/outputs/case_study_2/runs/tile_r036_c027_andrea_val/20260627_091034,1,1,point,1,1,0,0.0,True,True,True,True,True,True,True,1.0,0.0,0
validation_andrea_grid_scan_mirror,TFS Mirror,tile_r036_c027_andrea_val,E4_sam2_overlay_vlm,SAM2 overlay,2026-06-27T09:10:34.929035+00:00,/home/nielsbroekhuizen/projects/my-vscode-project/outputs/case_study_2/runs/tile_r036_c027_andrea_val/20260627_091034,1,1,point,1,1,0,0.0,True,True,True,True,True,True,True,1.0,0.0,0
validation_andrea_grid_scan_mirror,TFS Mirror,tile_r036_c027_andrea_val,E5_imggen_overlay_vlm,ImgGen overlay,2026-06-27T09:10:34.929035+00:00,/home/nielsbroekhuizen/projects/my-vscode-project/outputs/case_study_2/runs/tile_r036_c027_andrea_val/20260627_091034,1,1,point,1,1,0,0.0,True,True,True,True,True,True,True,1.0,0.0,0
validation_andrea_grid_scan_mirror,TFS Mirror,tile_r036_c027_andrea_val,E6_sam3_deterministic,SAM3 mask,2026-06-27T09:10:34.929035+00:00,/home/nielsbroekhuizen/projects/my-vscode-project/outputs/case_study_2/runs/tile_r036_c027_andrea_val/20260627_091034,0,1,point,1,1,1,1.0,False,False,True,True,True,False,False,1.0,100.0,-1
validation_andrea_grid_scan_mirror,TFS Mirror,tile_r036_c027_andrea_val,E7_sam3_overlay_vlm,SAM3 overlay,2026-06-27T09:10:34.929035+00:00,/home/nielsbroekhuizen/projects/my-vscode-project/outputs/case_study_2/runs/tile_r036_c027_andrea_val/20260627_091034,0,1,point,1,1,1,1.0,False,False,True,True,True,False,False,1.0,100.0,-1
validation_andrea_grid_scan_mirror,TFS Mirror,tile_r036_c031_andrea_val,E1_raw_vlm,VLM,2026-06-27T09:13:37.195186+00:00,/home/nielsbroekhuizen/projects/my-vscode-project/outputs/case_study_2/runs/tile_r036_c031_andrea_val/20260627_091337,0,1,point,1,1,1,1.0,False,False,True,True,True,False,False,1.0,100.0,-1
validation_andrea_grid_scan_mirror,TFS Mirror,tile_r036_c031_andrea_val,E2_sam2_deterministic,SAM2 mask,2026-06-27T09:13:37.195186+00:00,/home/nielsbroekhuizen/projects/my-vscode-project/outputs/case_study_2/runs/tile_r036_c031_andrea_val/20260627_091337,2,1,point,1,1,1,1.0,False,False,True,True,True,False,False,1.0,100.0,1
validation_andrea_grid_scan_mirror,TFS Mirror,tile_r036_c031_andrea_val,E3_imggen_deterministic,ImgGen mask,2026-06-27T09:13:37.195186+00:00,/home/nielsbroekhuizen/projects/my-vscode-project/outputs/case_study_2/runs/tile_r036_c031_andrea_val/20260627_091337,2,1,point,1,1,1,1.0,False,False,True,True,True,False,False,1.0,100.0,1
validation_andrea_grid_scan_mirror,TFS Mirror,tile_r036_c031_andrea_val,E4_sam2_overlay_vlm,SAM2 overlay,2026-06-27T09:13:37.195186+00:00,/home/nielsbroekhuizen/projects/my-vscode-project/outputs/case_study_2/runs/tile_r036_c031_andrea_val/20260627_091337,2,1,point,1,1,1,1.0,False,False,True,True,True,False,False,1.0,100.0,1
validation_andrea_grid_scan_mirror,TFS Mirror,tile_r036_c031_andrea_val,E5_imggen_overlay_vlm,ImgGen overlay,2026-06-27T09:13:37.195186+00:00,/home/nielsbroekhuizen/projects/my-vscode-project/outputs/case_study_2/runs/tile_r036_c031_andrea_val/20260627_091337,2,1,point,1,1,1,1.0,False,False,True,True,True,False,False,1.0,100.0,1
validation_andrea_grid_scan_mirror,TFS Mirror,tile_r036_c031_andrea_val,E6_sam3_deterministic,SAM3 mask,2026-06-27T09:13:37.195186+00:00,/home/nielsbroekhuizen/projects/my-vscode-project/outputs/case_study_2/runs/tile_r036_c031_andrea_val/20260627_091337,2,1,point,1,1,1,1.0,False,False,True,True,True,False,False,1.0,100.0,1
validation_andrea_grid_scan_mirror,TFS Mirror,tile_r036_c031_andrea_val,E7_sam3_overlay_vlm,SAM3 overlay,2026-06-27T09:13:37.195186+00:00,/home/nielsbroekhuizen/projects/my-vscode-project/outputs/case_study_2/runs/tile_r036_c031_andrea_val/20260627_091337,2,1,point,1,1,1,1.0,False,False,True,True,True,False,False,1.0,100.0,1
validation_andrea_grid_scan_mirror,TFS Mirror,tile_r036_c040_andrea_val,E1_raw_vlm,VLM,2026-06-27T09:16:26.832402+00:00,/home/nielsbroekhuizen/projects/my-vscode-project/outputs/case_study_2/runs/tile_r036_c040_andrea_val/20260627_091626,0,2,point,2,2,2,1.0,False,False,False,True,True,False,False,2.0,100.0,-2
validation_andrea_grid_scan_mirror,TFS Mirror,tile_r036_c040_andrea_val,E2_sam2_deterministic,SAM2 mask,2026-06-27T09:16:26.832402+00:00,/home/nielsbroekhuizen/projects/my-vscode-project/outputs/case_study_2/runs/tile_r036_c040_andrea_val/20260627_091626,2,2,point,2,2,0,0.0,True,True,True,True,True,True,True,2.0,0.0,0
validation_andrea_grid_scan_mirror,TFS Mirror,tile_r036_c040_andrea_val,E3_imggen_deterministic,ImgGen mask,2026-06-27T09:16:26.832402+00:00,/home/nielsbroekhuizen/projects/my-vscode-project/outputs/case_study_2/runs/tile_r036_c040_andrea_val/20260627_091626,2,2,point,2,2,0,0.0,True,True,True,True,True,True,True,2.0,0.0,0
validation_andrea_grid_scan_mirror,TFS Mirror,tile_r036_c040_andrea_val,E4_sam2_overlay_vlm,SAM2 overlay,2026-06-27T09:16:26.832402+00:00,/home/nielsbroekhuizen/projects/my-vscode-project/outputs/case_study_2/runs/tile_r036_c040_andrea_val/20260627_091626,4,2,point,2,2,2,1.0,False,False,False,True,True,False,False,2.0,100.0,2
validation_andrea_grid_scan_mirror,TFS Mirror,tile_r036_c040_andrea_val,E5_imggen_overlay_vlm,ImgGen overlay,2026-06-27T09:16:26.832402+00:00,/home/nielsbroekhuizen/projects/my-vscode-project/outputs/case_study_2/runs/tile_r036_c040_andrea_val/20260627_091626,3,2,point,2,2,1,0.5,False,False,True,True,True,False,False,2.0,50.0,1
validation_andrea_grid_scan_mirror,TFS Mirror,tile_r036_c040_andrea_val,E6_sam3_deterministic,SAM3 mask,2026-06-27T09:16:26.832402+00:00,/home/nielsbroekhuizen/projects/my-vscode-project/outputs/case_study_2/runs/tile_r036_c040_andrea_val/20260627_091626,2,2,point,2,2,0,0.0,True,True,True,True,True,True,True,2.0,0.0,0
validation_andrea_grid_scan_mirror,TFS Mirror,tile_r036_c040_andrea_val,E7_sam3_overlay_vlm,SAM3 overlay,2026-06-27T09:16:26.832402+00:00,/home/nielsbroekhuizen/projects/my-vscode-project/outputs/case_study_2/runs/tile_r036_c040_andrea_val/20260627_091626,2,2,point,2,2,0,0.0,True,True,True,True,True,True,True,2.0,0.0,0
validation_andrea_grid_scan_mirror,TFS Mirror,tile_r036_c041_andrea_val,E1_raw_vlm,VLM,2026-06-27T09:19:35.892434+00:00,/home/nielsbroekhuizen/projects/my-vscode-project/outputs/case_study_2/runs/tile_r036_c041_andrea_val/20260627_091935,0,4,point,4,4,4,1.0,False,False,False,False,False,False,False,4.0,100.0,-4
validation_andrea_grid_scan_mirror,TFS Mirror,tile_r036_c041_andrea_val,E2_sam2_deterministic,SAM2 mask,2026-06-27T09:19:35.892434+00:00,/home/nielsbroekhuizen/projects/my-vscode-project/outputs/case_study_2/runs/tile_r036_c041_andrea_val/20260627_091935,2,4,point,4,4,2,0.5,False,False,False,True,True,False,False,4.0,50.0,-2
validation_andrea_grid_scan_mirror,TFS Mirror,tile_r036_c041_andrea_val,E3_imggen_deterministic,ImgGen mask,2026-06-27T09:19:35.892434+00:00,/home/nielsbroekhuizen/projects/my-vscode-project/outputs/case_study_2/runs/tile_r036_c041_andrea_val/20260627_091935,2,4,point,4,4,2,0.5,False,False,False,True,True,False,False,4.0,50.0,-2
validation_andrea_grid_scan_mirror,TFS Mirror,tile_r036_c041_andrea_val,E4_sam2_overlay_vlm,SAM2 overlay,2026-06-27T09:19:35.892434+00:00,/home/nielsbroekhuizen/projects/my-vscode-project/outputs/case_study_2/runs/tile_r036_c041_andrea_val/20260627_091935,4,4,point,4,4,0,0.0,True,True,True,True,True,True,True,4.0,0.0,0
validation_andrea_grid_scan_mirror,TFS Mirror,tile_r036_c041_andrea_val,E5_imggen_overlay_vlm,ImgGen overlay,2026-06-27T09:19:35.892434+00:00,/home/nielsbroekhuizen/projects/my-vscode-project/outputs/case_study_2/runs/tile_r036_c041_andrea_val/20260627_091935,2,4,point,4,4,2,0.5,False,False,False,True,True,False,False,4.0,50.0,-2
validation_andrea_grid_scan_mirror,TFS Mirror,tile_r036_c041_andrea_val,E6_sam3_deterministic,SAM3 mask,2026-06-27T09:19:35.892434+00:00,/home/nielsbroekhuizen/projects/my-vscode-project/outputs/case_study_2/runs/tile_r036_c041_andrea_val/20260627_091935,1,4,point,4,4,3,0.75,False,False,False,False,True,False,False,4.0,75.0,-3
validation_andrea_grid_scan_mirror,TFS Mirror,tile_r036_c041_andrea_val,E7_sam3_overlay_vlm,SAM3 overlay,2026-06-27T09:19:35.892434+00:00,/home/nielsbroekhuizen/projects/my-vscode-project/outputs/case_study_2/runs/tile_r036_c041_andrea_val/20260627_091935,1,4,point,4,4,3,0.75,False,False,False,False,True,False,False,4.0,75.0,-3
validation_andrea_grid_scan_mirror,TFS Mirror,tile_r036_c042_andrea_val,E1_raw_vlm,VLM,2026-06-27T09:27:38.932009+00:00,/home/nielsbroekhuizen/projects/my-vscode-project/outputs/case_study_2/runs/tile_r036_c042_andrea_val/20260627_092738,0,1,point,1,1,1,1.0,False,False,True,True,True,False,False,1.0,100.0,-1
validation_andrea_grid_scan_mirror,TFS Mirror,tile_r036_c042_andrea_val,E2_sam2_deterministic,SAM2 mask,2026-06-27T09:27:38.932009+00:00,/home/nielsbroekhuizen/projects/my-vscode-project/outputs/case_study_2/runs/tile_r036_c042_andrea_val/20260627_092738,3,1,point,1,1,2,2.0,False,False,False,True,True,False,False,1.0,200.0,2
validation_andrea_grid_scan_mirror,TFS Mirror,tile_r036_c042_andrea_val,E3_imggen_deterministic,ImgGen mask,2026-06-27T09:27:38.932009+00:00,/home/nielsbroekhuizen/projects/my-vscode-project/outputs/case_study_2/runs/tile_r036_c042_andrea_val/20260627_092738,3,1,point,1,1,2,2.0,False,False,False,True,True,False,False,1.0,200.0,2
validation_andrea_grid_scan_mirror,TFS Mirror,tile_r036_c042_andrea_val,E4_sam2_overlay_vlm,SAM2 overlay,2026-06-27T09:27:38.932009+00:00,/home/nielsbroekhuizen/projects/my-vscode-project/outputs/case_study_2/runs/tile_r036_c042_andrea_val/20260627_092738,3,1,point,1,1,2,2.0,False,False,False,True,True,False,False,1.0,200.0,2
validation_andrea_grid_scan_mirror,TFS Mirror,tile_r036_c042_andrea_val,E5_imggen_overlay_vlm,ImgGen overlay,2026-06-27T09:27:38.932009+00:00,/home/nielsbroekhuizen/projects/my-vscode-project/outputs/case_study_2/runs/tile_r036_c042_andrea_val/20260627_092738,10,1,point,1,1,9,9.0,False,False,False,False,False,False,False,1.0,900.0,9
validation_andrea_grid_scan_mirror,TFS Mirror,tile_r036_c042_andrea_val,E6_sam3_deterministic,SAM3 mask,2026-06-27T09:27:38.932009+00:00,/home/nielsbroekhuizen/projects/my-vscode-project/outputs/case_study_2/runs/tile_r036_c042_andrea_val/20260627_092738,0,1,point,1,1,1,1.0,False,False,True,True,True,False,False,1.0,100.0,-1
validation_andrea_grid_scan_mirror,TFS Mirror,tile_r036_c042_andrea_val,E7_sam3_overlay_vlm,SAM3 overlay,2026-06-27T09:27:38.932009+00:00,/home/nielsbroekhuizen/projects/my-vscode-project/outputs/case_study_2/runs/tile_r036_c042_andrea_val/20260627_092738,0,1,point,1,1,1,1.0,False,False,True,True,True,False,False,1.0,100.0,-1
validation_andrea_grid_scan_mirror,TFS Mirror,tile_r036_c044_andrea_val,E1_raw_vlm,VLM,2026-06-27T09:31:00.964055+00:00,/home/nielsbroekhuizen/projects/my-vscode-project/outputs/case_study_2/runs/tile_r036_c044_andrea_val/20260627_093100,0,7,point,7,7,7,1.0,False,False,False,False,False,False,False,7.0,100.0,-7
validation_andrea_grid_scan_mirror,TFS Mirror,tile_r036_c044_andrea_val,E2_sam2_deterministic,SAM2 mask,2026-06-27T09:31:00.964055+00:00,/home/nielsbroekhuizen/projects/my-vscode-project/outputs/case_study_2/runs/tile_r036_c044_andrea_val/20260627_093100,4,7,point,7,7,3,0.4286,False,False,False,False,True,False,False,7.0,42.857142857142854,-3
validation_andrea_grid_scan_mirror,TFS Mirror,tile_r036_c044_andrea_val,E3_imggen_deterministic,ImgGen mask,2026-06-27T09:31:00.964055+00:00,/home/nielsbroekhuizen/projects/my-vscode-project/outputs/case_study_2/runs/tile_r036_c044_andrea_val/20260627_093100,6,7,point,7,7,1,0.1429,False,False,True,True,True,False,False,7.0,14.285714285714285,-1
validation_andrea_grid_scan_mirror,TFS Mirror,tile_r036_c044_andrea_val,E4_sam2_overlay_vlm,SAM2 overlay,2026-06-27T09:31:00.964055+00:00,/home/nielsbroekhuizen/projects/my-vscode-project/outputs/case_study_2/runs/tile_r036_c044_andrea_val/20260627_093100,4,7,point,7,7,3,0.4286,False,False,False,False,True,False,False,7.0,42.857142857142854,-3
validation_andrea_grid_scan_mirror,TFS Mirror,tile_r036_c044_andrea_val,E5_imggen_overlay_vlm,ImgGen overlay,2026-06-27T09:31:00.964055+00:00,/home/nielsbroekhuizen/projects/my-vscode-project/outputs/case_study_2/runs/tile_r036_c044_andrea_val/20260627_093100,6,7,point,7,7,1,0.1429,False,False,True,True,True,False,False,7.0,14.285714285714285,-1
validation_andrea_grid_scan_mirror,TFS Mirror,tile_r036_c044_andrea_val,E6_sam3_deterministic,SAM3 mask,2026-06-27T09:31:00.964055+00:00,/home/nielsbroekhuizen/projects/my-vscode-project/outputs/case_study_2/runs/tile_r036_c044_andrea_val/20260627_093100,0,7,point,7,7,7,1.0,False,False,False,False,False,False,False,7.0,100.0,-7
validation_andrea_grid_scan_mirror,TFS Mirror,tile_r036_c044_andrea_val,E7_sam3_overlay_vlm,SAM3 overlay,2026-06-27T09:31:00.964055+00:00,/home/nielsbroekhuizen/projects/my-vscode-project/outputs/case_study_2/runs/tile_r036_c044_andrea_val/20260627_093100,0,7,point,7,7,7,1.0,False,False,False,False,False,False,False,7.0,100.0,-7
validation_andrea_grid_scan_mirror,TFS Mirror,tile_r036_c047_andrea_val,E1_raw_vlm,VLM,2026-06-27T09:34:31.354855+00:00,/home/nielsbroekhuizen/projects/my-vscode-project/outputs/case_study_2/runs/tile_r036_c047_andrea_val/20260627_093431,0,2,point,2,2,2,1.0,False,False,False,True,True,False,False,2.0,100.0,-2
validation_andrea_grid_scan_mirror,TFS Mirror,tile_r036_c047_andrea_val,E2_sam2_deterministic,SAM2 mask,2026-06-27T09:34:31.354855+00:00,/home/nielsbroekhuizen/projects/my-vscode-project/outputs/case_study_2/runs/tile_r036_c047_andrea_val/20260627_093431,1,2,point,2,2,1,0.5,False,False,True,True,True,False,False,2.0,50.0,-1
validation_andrea_grid_scan_mirror,TFS Mirror,tile_r036_c047_andrea_val,E3_imggen_deterministic,ImgGen mask,2026-06-27T09:34:31.354855+00:00,/home/nielsbroekhuizen/projects/my-vscode-project/outputs/case_study_2/runs/tile_r036_c047_andrea_val/20260627_093431,1,2,point,2,2,1,0.5,False,False,True,True,True,False,False,2.0,50.0,-1
validation_andrea_grid_scan_mirror,TFS Mirror,tile_r036_c047_andrea_val,E4_sam2_overlay_vlm,SAM2 overlay,2026-06-27T09:34:31.354855+00:00,/home/nielsbroekhuizen/projects/my-vscode-project/outputs/case_study_2/runs/tile_r036_c047_andrea_val/20260627_093431,3,2,point,2,2,1,0.5,False,False,True,True,True,False,False,2.0,50.0,1
validation_andrea_grid_scan_mirror,TFS Mirror,tile_r036_c047_andrea_val,E5_imggen_overlay_vlm,ImgGen overlay,2026-06-27T09:34:31.354855+00:00,/home/nielsbroekhuizen/projects/my-vscode-project/outputs/case_study_2/runs/tile_r036_c047_andrea_val/20260627_093431,1,2,point,2,2,1,0.5,False,False,True,True,True,False,False,2.0,50.0,-1
validation_andrea_grid_scan_mirror,TFS Mirror,tile_r036_c047_andrea_val,E6_sam3_deterministic,SAM3 mask,2026-06-27T09:34:31.354855+00:00,/home/nielsbroekhuizen/projects/my-vscode-project/outputs/case_study_2/runs/tile_r036_c047_andrea_val/20260627_093431,0,2,point,2,2,2,1.0,False,False,False,True,True,False,False,2.0,100.0,-2
validation_andrea_grid_scan_mirror,TFS Mirror,tile_r036_c047_andrea_val,E7_sam3_overlay_vlm,SAM3 overlay,2026-06-27T09:34:31.354855+00:00,/home/nielsbroekhuizen/projects/my-vscode-project/outputs/case_study_2/runs/tile_r036_c047_andrea_val/20260627_093431,0,2,point,2,2,2,1.0,False,False,False,True,True,False,False,2.0,100.0,-2
validation_andrea_grid_scan_mirror,TFS Mirror,tile_r036_c048_andrea_val,E1_raw_vlm,VLM,2026-06-27T09:37:43.619612+00:00,/home/nielsbroekhuizen/projects/my-vscode-project/outputs/case_study_2/runs/tile_r036_c048_andrea_val/20260627_093743,0,1,point,1,1,1,1.0,False,False,True,True,True,False,False,1.0,100.0,-1
validation_andrea_grid_scan_mirror,TFS Mirror,tile_r036_c048_andrea_val,E2_sam2_deterministic,SAM2 mask,2026-06-27T09:37:43.619612+00:00,/home/nielsbroekhuizen/projects/my-vscode-project/outputs/case_study_2/runs/tile_r036_c048_andrea_val/20260627_093743,2,1,point,1,1,1,1.0,False,False,True,True,True,False,False,1.0,100.0,1
validation_andrea_grid_scan_mirror,TFS Mirror,tile_r036_c048_andrea_val,E3_imggen_deterministic,ImgGen mask,2026-06-27T09:37:43.619612+00:00,/home/nielsbroekhuizen/projects/my-vscode-project/outputs/case_study_2/runs/tile_r036_c048_andrea_val/20260627_093743,1,1,point,1,1,0,0.0,True,True,True,True,True,True,True,1.0,0.0,0
validation_andrea_grid_scan_mirror,TFS Mirror,tile_r036_c048_andrea_val,E4_sam2_overlay_vlm,SAM2 overlay,2026-06-27T09:37:43.619612+00:00,/home/nielsbroekhuizen/projects/my-vscode-project/outputs/case_study_2/runs/tile_r036_c048_andrea_val/20260627_093743,3,1,point,1,1,2,2.0,False,False,False,True,True,False,False,1.0,200.0,2
validation_andrea_grid_scan_mirror,TFS Mirror,tile_r036_c048_andrea_val,E5_imggen_overlay_vlm,ImgGen overlay,2026-06-27T09:37:43.619612+00:00,/home/nielsbroekhuizen/projects/my-vscode-project/outputs/case_study_2/runs/tile_r036_c048_andrea_val/20260627_093743,1,1,point,1,1,0,0.0,True,True,True,True,True,True,True,1.0,0.0,0
validation_andrea_grid_scan_mirror,TFS Mirror,tile_r036_c048_andrea_val,E6_sam3_deterministic,SAM3 mask,2026-06-27T09:37:43.619612+00:00,/home/nielsbroekhuizen/projects/my-vscode-project/outputs/case_study_2/runs/tile_r036_c048_andrea_val/20260627_093743,0,1,point,1,1,1,1.0,False,False,True,True,True,False,False,1.0,100.0,-1
validation_andrea_grid_scan_mirror,TFS Mirror,tile_r036_c048_andrea_val,E7_sam3_overlay_vlm,SAM3 overlay,2026-06-27T09:37:43.619612+00:00,/home/nielsbroekhuizen/projects/my-vscode-project/outputs/case_study_2/runs/tile_r036_c048_andrea_val/20260627_093743,0,1,point,1,1,1,1.0,False,False,True,True,True,False,False,1.0,100.0,-1
validation_andrea_grid_scan_mirror,TFS Mirror,tile_r036_c049_andrea_val,E1_raw_vlm,VLM,2026-06-27T09:41:14.471146+00:00,/home/nielsbroekhuizen/projects/my-vscode-project/outputs/case_study_2/runs/tile_r036_c049_andrea_val/20260627_094114,0,5,point,5,5,5,1.0,False,False,False,False,False,False,False,5.0,100.0,-5
validation_andrea_grid_scan_mirror,TFS Mirror,tile_r036_c049_andrea_val,E2_sam2_deterministic,SAM2 mask,2026-06-27T09:41:14.471146+00:00,/home/nielsbroekhuizen/projects/my-vscode-project/outputs/case_study_2/runs/tile_r036_c049_andrea_val/20260627_094114,1,5,point,5,5,4,0.8,False,False,False,False,False,False,False,5.0,80.0,-4
validation_andrea_grid_scan_mirror,TFS Mirror,tile_r036_c049_andrea_val,E3_imggen_deterministic,ImgGen mask,2026-06-27T09:41:14.471146+00:00,/home/nielsbroekhuizen/projects/my-vscode-project/outputs/case_study_2/runs/tile_r036_c049_andrea_val/20260627_094114,6,5,point,5,5,1,0.2,False,False,True,True,True,False,False,5.0,20.0,1
validation_andrea_grid_scan_mirror,TFS Mirror,tile_r036_c049_andrea_val,E4_sam2_overlay_vlm,SAM2 overlay,2026-06-27T09:41:14.471146+00:00,/home/nielsbroekhuizen/projects/my-vscode-project/outputs/case_study_2/runs/tile_r036_c049_andrea_val/20260627_094114,11,5,point,5,5,6,1.2,False,False,False,False,False,False,False,5.0,120.0,6
validation_andrea_grid_scan_mirror,TFS Mirror,tile_r036_c049_andrea_val,E5_imggen_overlay_vlm,ImgGen overlay,2026-06-27T09:41:14.471146+00:00,/home/nielsbroekhuizen/projects/my-vscode-project/outputs/case_study_2/runs/tile_r036_c049_andrea_val/20260627_094114,6,5,point,5,5,1,0.2,False,False,True,True,True,False,False,5.0,20.0,1
validation_andrea_grid_scan_mirror,TFS Mirror,tile_r036_c049_andrea_val,E6_sam3_deterministic,SAM3 mask,2026-06-27T09:41:14.471146+00:00,/home/nielsbroekhuizen/projects/my-vscode-project/outputs/case_study_2/runs/tile_r036_c049_andrea_val/20260627_094114,6,5,point,5,5,1,0.2,False,False,True,True,True,False,False,5.0,20.0,1
validation_andrea_grid_scan_mirror,TFS Mirror,tile_r036_c049_andrea_val,E7_sam3_overlay_vlm,SAM3 overlay,2026-06-27T09:41:14.471146+00:00,/home/nielsbroekhuizen/projects/my-vscode-project/outputs/case_study_2/runs/tile_r036_c049_andrea_val/20260627_094114,6,5,point,5,5,1,0.2,False,False,True,True,True,False,False,5.0,20.0,1
validation_andrea_grid_scan_mirror,TFS Mirror,tile_r037_c026_andrea_val,E1_raw_vlm,VLM,2026-06-27T09:46:00.387646+00:00,/home/nielsbroekhuizen/projects/my-vscode-project/outputs/case_study_2/runs/tile_r037_c026_andrea_val/20260627_094600,0,3,point,3,3,3,1.0,False,False,False,False,True,False,False,3.0,100.0,-3
validation_andrea_grid_scan_mirror,TFS Mirror,tile_r037_c026_andrea_val,E2_sam2_deterministic,SAM2 mask,2026-06-27T09:46:00.387646+00:00,/home/nielsbroekhuizen/projects/my-vscode-project/outputs/case_study_2/runs/tile_r037_c026_andrea_val/20260627_094600,1,3,point,3,3,2,0.6667,False,False,False,True,True,False,False,3.0,66.66666666666666,-2
validation_andrea_grid_scan_mirror,TFS Mirror,tile_r037_c026_andrea_val,E3_imggen_deterministic,ImgGen mask,2026-06-27T09:46:00.387646+00:00,/home/nielsbroekhuizen/projects/my-vscode-project/outputs/case_study_2/runs/tile_r037_c026_andrea_val/20260627_094600,3,3,point,3,3,0,0.0,True,True,True,True,True,True,True,3.0,0.0,0
validation_andrea_grid_scan_mirror,TFS Mirror,tile_r037_c026_andrea_val,E4_sam2_overlay_vlm,SAM2 overlay,2026-06-27T09:46:00.387646+00:00,/home/nielsbroekhuizen/projects/my-vscode-project/outputs/case_study_2/runs/tile_r037_c026_andrea_val/20260627_094600,3,3,point,3,3,0,0.0,True,True,True,True,True,True,True,3.0,0.0,0
validation_andrea_grid_scan_mirror,TFS Mirror,tile_r037_c026_andrea_val,E5_imggen_overlay_vlm,ImgGen overlay,2026-06-27T09:46:00.387646+00:00,/home/nielsbroekhuizen/projects/my-vscode-project/outputs/case_study_2/runs/tile_r037_c026_andrea_val/20260627_094600,2,3,point,3,3,1,0.3333,False,False,True,True,True,False,False,3.0,33.33333333333333,-1
validation_andrea_grid_scan_mirror,TFS Mirror,tile_r037_c026_andrea_val,E6_sam3_deterministic,SAM3 mask,2026-06-27T09:46:00.387646+00:00,/home/nielsbroekhuizen/projects/my-vscode-project/outputs/case_study_2/runs/tile_r037_c026_andrea_val/20260627_094600,1,3,point,3,3,2,0.6667,False,False,False,True,True,False,False,3.0,66.66666666666666,-2
validation_andrea_grid_scan_mirror,TFS Mirror,tile_r037_c026_andrea_val,E7_sam3_overlay_vlm,SAM3 overlay,2026-06-27T09:46:00.387646+00:00,/home/nielsbroekhuizen/projects/my-vscode-project/outputs/case_study_2/runs/tile_r037_c026_andrea_val/20260627_094600,1,3,point,3,3,2,0.6667,False,False,False,True,True,False,False,3.0,66.66666666666666,-2
validation_andrea_grid_scan_mirror,TFS Mirror,tile_r037_c028_andrea_val,E1_raw_vlm,VLM,2026-06-27T09:49:26.782825+00:00,/home/nielsbroekhuizen/projects/my-vscode-project/outputs/case_study_2/runs/tile_r037_c028_andrea_val/20260627_094926,0,3,point,3,3,3,1.0,False,False,False,False,True,False,False,3.0,100.0,-3
validation_andrea_grid_scan_mirror,TFS Mirror,tile_r037_c028_andrea_val,E2_sam2_deterministic,SAM2 mask,2026-06-27T09:49:26.782825+00:00,/home/nielsbroekhuizen/projects/my-vscode-project/outputs/case_study_2/runs/tile_r037_c028_andrea_val/20260627_094926,1,3,point,3,3,2,0.6667,False,False,False,True,True,False,False,3.0,66.66666666666666,-2
validation_andrea_grid_scan_mirror,TFS Mirror,tile_r037_c028_andrea_val,E3_imggen_deterministic,ImgGen mask,2026-06-27T09:49:26.782825+00:00,/home/nielsbroekhuizen/projects/my-vscode-project/outputs/case_study_2/runs/tile_r037_c028_andrea_val/20260627_094926,3,3,point,3,3,0,0.0,True,True,True,True,True,True,True,3.0,0.0,0
validation_andrea_grid_scan_mirror,TFS Mirror,tile_r037_c028_andrea_val,E4_sam2_overlay_vlm,SAM2 overlay,2026-06-27T09:49:26.782825+00:00,/home/nielsbroekhuizen/projects/my-vscode-project/outputs/case_study_2/runs/tile_r037_c028_andrea_val/20260627_094926,2,3,point,3,3,1,0.3333,False,False,True,True,True,False,False,3.0,33.33333333333333,-1
validation_andrea_grid_scan_mirror,TFS Mirror,tile_r037_c028_andrea_val,E5_imggen_overlay_vlm,ImgGen overlay,2026-06-27T09:49:26.782825+00:00,/home/nielsbroekhuizen/projects/my-vscode-project/outputs/case_study_2/runs/tile_r037_c028_andrea_val/20260627_094926,3,3,point,3,3,0,0.0,True,True,True,True,True,True,True,3.0,0.0,0
validation_andrea_grid_scan_mirror,TFS Mirror,tile_r037_c028_andrea_val,E6_sam3_deterministic,SAM3 mask,2026-06-27T09:49:26.782825+00:00,/home/nielsbroekhuizen/projects/my-vscode-project/outputs/case_study_2/runs/tile_r037_c028_andrea_val/20260627_094926,0,3,point,3,3,3,1.0,False,False,False,False,True,False,False,3.0,100.0,-3
validation_andrea_grid_scan_mirror,TFS Mirror,tile_r037_c028_andrea_val,E7_sam3_overlay_vlm,SAM3 overlay,2026-06-27T09:49:26.782825+00:00,/home/nielsbroekhuizen/projects/my-vscode-project/outputs/case_study_2/runs/tile_r037_c028_andrea_val/20260627_094926,0,3,point,3,3,3,1.0,False,False,False,False,True,False,False,3.0,100.0,-3
validation_andrea_grid_scan_mirror,TFS Mirror,tile_r037_c032_andrea_val,E1_raw_vlm,VLM,2026-06-27T09:52:45.985747+00:00,/home/nielsbroekhuizen/projects/my-vscode-project/outputs/case_study_2/runs/tile_r037_c032_andrea_val/20260627_095245,0,1,point,1,1,1,1.0,False,False,True,True,True,False,False,1.0,100.0,-1
validation_andrea_grid_scan_mirror,TFS Mirror,tile_r037_c032_andrea_val,E2_sam2_deterministic,SAM2 mask,2026-06-27T09:52:45.985747+00:00,/home/nielsbroekhuizen/projects/my-vscode-project/outputs/case_study_2/runs/tile_r037_c032_andrea_val/20260627_095245,5,1,point,1,1,4,4.0,False,False,False,False,False,False,False,1.0,400.0,4
validation_andrea_grid_scan_mirror,TFS Mirror,tile_r037_c032_andrea_val,E3_imggen_deterministic,ImgGen mask,2026-06-27T09:52:45.985747+00:00,/home/nielsbroekhuizen/projects/my-vscode-project/outputs/case_study_2/runs/tile_r037_c032_andrea_val/20260627_095245,2,1,point,1,1,1,1.0,False,False,True,True,True,False,False,1.0,100.0,1
validation_andrea_grid_scan_mirror,TFS Mirror,tile_r037_c032_andrea_val,E4_sam2_overlay_vlm,SAM2 overlay,2026-06-27T09:52:45.985747+00:00,/home/nielsbroekhuizen/projects/my-vscode-project/outputs/case_study_2/runs/tile_r037_c032_andrea_val/20260627_095245,3,1,point,1,1,2,2.0,False,False,False,True,True,False,False,1.0,200.0,2
validation_andrea_grid_scan_mirror,TFS Mirror,tile_r037_c032_andrea_val,E5_imggen_overlay_vlm,ImgGen overlay,2026-06-27T09:52:45.985747+00:00,/home/nielsbroekhuizen/projects/my-vscode-project/outputs/case_study_2/runs/tile_r037_c032_andrea_val/20260627_095245,24,1,point,1,1,23,23.0,False,False,False,False,False,False,False,1.0,2300.0,23
validation_andrea_grid_scan_mirror,TFS Mirror,tile_r037_c032_andrea_val,E6_sam3_deterministic,SAM3 mask,2026-06-27T09:52:45.985747+00:00,/home/nielsbroekhuizen/projects/my-vscode-project/outputs/case_study_2/runs/tile_r037_c032_andrea_val/20260627_095245,0,1,point,1,1,1,1.0,False,False,True,True,True,False,False,1.0,100.0,-1
validation_andrea_grid_scan_mirror,TFS Mirror,tile_r037_c032_andrea_val,E7_sam3_overlay_vlm,SAM3 overlay,2026-06-27T09:52:45.985747+00:00,/home/nielsbroekhuizen/projects/my-vscode-project/outputs/case_study_2/runs/tile_r037_c032_andrea_val/20260627_095245,0,1,point,1,1,1,1.0,False,False,True,True,True,False,False,1.0,100.0,-1
validation_andrea_grid_scan_mirror,TFS Mirror,tile_r037_c037_andrea_val,E1_raw_vlm,VLM,2026-06-27T09:57:16.931396+00:00,/home/nielsbroekhuizen/projects/my-vscode-project/outputs/case_study_2/runs/tile_r037_c037_andrea_val/20260627_095716,0,7,point,7,7,7,1.0,False,False,False,False,False,False,False,7.0,100.0,-7
validation_andrea_grid_scan_mirror,TFS Mirror,tile_r037_c037_andrea_val,E2_sam2_deterministic,SAM2 mask,2026-06-27T09:57:16.931396+00:00,/home/nielsbroekhuizen/projects/my-vscode-project/outputs/case_study_2/runs/tile_r037_c037_andrea_val/20260627_095716,9,7,point,7,7,2,0.2857,False,False,False,True,True,False,False,7.0,28.57142857142857,2
validation_andrea_grid_scan_mirror,TFS Mirror,tile_r037_c037_andrea_val,E3_imggen_deterministic,ImgGen mask,2026-06-27T09:57:16.931396+00:00,/home/nielsbroekhuizen/projects/my-vscode-project/outputs/case_study_2/runs/tile_r037_c037_andrea_val/20260627_095716,3,7,point,7,7,4,0.5714,False,False,False,False,False,False,False,7.0,57.14285714285714,-4
validation_andrea_grid_scan_mirror,TFS Mirror,tile_r037_c037_andrea_val,E4_sam2_overlay_vlm,SAM2 overlay,2026-06-27T09:57:16.931396+00:00,/home/nielsbroekhuizen/projects/my-vscode-project/outputs/case_study_2/runs/tile_r037_c037_andrea_val/20260627_095716,4,7,point,7,7,3,0.4286,False,False,False,False,True,False,False,7.0,42.857142857142854,-3
validation_andrea_grid_scan_mirror,TFS Mirror,tile_r037_c037_andrea_val,E5_imggen_overlay_vlm,ImgGen overlay,2026-06-27T09:57:16.931396+00:00,/home/nielsbroekhuizen/projects/my-vscode-project/outputs/case_study_2/runs/tile_r037_c037_andrea_val/20260627_095716,4,7,point,7,7,3,0.4286,False,False,False,False,True,False,False,7.0,42.857142857142854,-3
validation_andrea_grid_scan_mirror,TFS Mirror,tile_r037_c037_andrea_val,E6_sam3_deterministic,SAM3 mask,2026-06-27T09:57:16.931396+00:00,/home/nielsbroekhuizen/projects/my-vscode-project/outputs/case_study_2/runs/tile_r037_c037_andrea_val/20260627_095716,1,7,point,7,7,6,0.8571,False,False,False,False,False,False,False,7.0,85.71428571428571,-6
validation_andrea_grid_scan_mirror,TFS Mirror,tile_r037_c037_andrea_val,E7_sam3_overlay_vlm,SAM3 overlay,2026-06-27T09:57:16.931396+00:00,/home/nielsbroekhuizen/projects/my-vscode-project/outputs/case_study_2/runs/tile_r037_c037_andrea_val/20260627_095716,1,7,point,7,7,6,0.8571,False,False,False,False,False,False,False,7.0,85.71428571428571,-6
validation_andrea_grid_scan_mirror,TFS Mirror,tile_r037_c044_andrea_val,E1_raw_vlm,VLM,2026-06-27T10:00:37.105971+00:00,/home/nielsbroekhuizen/projects/my-vscode-project/outputs/case_study_2/runs/tile_r037_c044_andrea_val/20260627_100037,0,18,point,18,18,18,1.0,False,False,False,False,False,False,False,18.0,100.0,-18
validation_andrea_grid_scan_mirror,TFS Mirror,tile_r037_c044_andrea_val,E2_sam2_deterministic,SAM2 mask,2026-06-27T10:00:37.105971+00:00,/home/nielsbroekhuizen/projects/my-vscode-project/outputs/case_study_2/runs/tile_r037_c044_andrea_val/20260627_100037,13,18,point,18,18,5,0.2778,False,False,False,False,False,False,False,18.0,27.77777777777778,-5
validation_andrea_grid_scan_mirror,TFS Mirror,tile_r037_c044_andrea_val,E3_imggen_deterministic,ImgGen mask,2026-06-27T10:00:37.105971+00:00,/home/nielsbroekhuizen/projects/my-vscode-project/outputs/case_study_2/runs/tile_r037_c044_andrea_val/20260627_100037,18,18,point,18,18,0,0.0,True,True,True,True,True,True,True,18.0,0.0,0
validation_andrea_grid_scan_mirror,TFS Mirror,tile_r037_c044_andrea_val,E4_sam2_overlay_vlm,SAM2 overlay,2026-06-27T10:00:37.105971+00:00,/home/nielsbroekhuizen/projects/my-vscode-project/outputs/case_study_2/runs/tile_r037_c044_andrea_val/20260627_100037,16,18,point,18,18,2,0.1111,False,False,False,True,True,False,False,18.0,11.11111111111111,-2
validation_andrea_grid_scan_mirror,TFS Mirror,tile_r037_c044_andrea_val,E5_imggen_overlay_vlm,ImgGen overlay,2026-06-27T10:00:37.105971+00:00,/home/nielsbroekhuizen/projects/my-vscode-project/outputs/case_study_2/runs/tile_r037_c044_andrea_val/20260627_100037,20,18,point,18,18,2,0.1111,False,False,False,True,True,False,False,18.0,11.11111111111111,2
validation_andrea_grid_scan_mirror,TFS Mirror,tile_r037_c044_andrea_val,E6_sam3_deterministic,SAM3 mask,2026-06-27T10:00:37.105971+00:00,/home/nielsbroekhuizen/projects/my-vscode-project/outputs/case_study_2/runs/tile_r037_c044_andrea_val/20260627_100037,17,18,point,18,18,1,0.0556,False,False,True,True,True,False,True,18.0,5.555555555555555,-1
validation_andrea_grid_scan_mirror,TFS Mirror,tile_r037_c044_andrea_val,E7_sam3_overlay_vlm,SAM3 overlay,2026-06-27T10:00:37.105971+00:00,/home/nielsbroekhuizen/projects/my-vscode-project/outputs/case_study_2/runs/tile_r037_c044_andrea_val/20260627_100037,14,18,point,18,18,4,0.2222,False,False,False,False,False,False,False,18.0,22.22222222222222,-4
validation_andrea_grid_scan_mirror,TFS Mirror,tile_r037_c046_andrea_val,E1_raw_vlm,VLM,2026-06-27T10:07:23.409957+00:00,/home/nielsbroekhuizen/projects/my-vscode-project/outputs/case_study_2/runs/tile_r037_c046_andrea_val/20260627_100723,0,8,point,8,8,8,1.0,False,False,False,False,False,False,False,8.0,100.0,-8
validation_andrea_grid_scan_mirror,TFS Mirror,tile_r037_c046_andrea_val,E2_sam2_deterministic,SAM2 mask,2026-06-27T10:07:23.409957+00:00,/home/nielsbroekhuizen/projects/my-vscode-project/outputs/case_study_2/runs/tile_r037_c046_andrea_val/20260627_100723,8,8,point,8,8,0,0.0,True,True,True,True,True,True,True,8.0,0.0,0
validation_andrea_grid_scan_mirror,TFS Mirror,tile_r037_c046_andrea_val,E3_imggen_deterministic,ImgGen mask,2026-06-27T10:07:23.409957+00:00,/home/nielsbroekhuizen/projects/my-vscode-project/outputs/case_study_2/runs/tile_r037_c046_andrea_val/20260627_100723,4,8,point,8,8,4,0.5,False,False,False,False,False,False,False,8.0,50.0,-4
validation_andrea_grid_scan_mirror,TFS Mirror,tile_r037_c046_andrea_val,E4_sam2_overlay_vlm,SAM2 overlay,2026-06-27T10:07:23.409957+00:00,/home/nielsbroekhuizen/projects/my-vscode-project/outputs/case_study_2/runs/tile_r037_c046_andrea_val/20260627_100723,10,8,point,8,8,2,0.25,False,False,False,True,True,False,False,8.0,25.0,2
validation_andrea_grid_scan_mirror,TFS Mirror,tile_r037_c046_andrea_val,E5_imggen_overlay_vlm,ImgGen overlay,2026-06-27T10:07:23.409957+00:00,/home/nielsbroekhuizen/projects/my-vscode-project/outputs/case_study_2/runs/tile_r037_c046_andrea_val/20260627_100723,3,8,point,8,8,5,0.625,False,False,False,False,False,False,False,8.0,62.5,-5
validation_andrea_grid_scan_mirror,TFS Mirror,tile_r037_c046_andrea_val,E6_sam3_deterministic,SAM3 mask,2026-06-27T10:07:23.409957+00:00,/home/nielsbroekhuizen/projects/my-vscode-project/outputs/case_study_2/runs/tile_r037_c046_andrea_val/20260627_100723,5,8,point,8,8,3,0.375,False,False,False,False,True,False,False,8.0,37.5,-3
validation_andrea_grid_scan_mirror,TFS Mirror,tile_r037_c046_andrea_val,E7_sam3_overlay_vlm,SAM3 overlay,2026-06-27T10:07:23.409957+00:00,/home/nielsbroekhuizen/projects/my-vscode-project/outputs/case_study_2/runs/tile_r037_c046_andrea_val/20260627_100723,4,8,point,8,8,4,0.5,False,False,False,False,False,False,False,8.0,50.0,-4
validation_andrea_grid_scan_mirror,TFS Mirror,tile_r037_c047_andrea_val,E1_raw_vlm,VLM,2026-06-27T10:12:08.045379+00:00,/home/nielsbroekhuizen/projects/my-vscode-project/outputs/case_study_2/runs/tile_r037_c047_andrea_val/20260627_101208,0,8,point,8,8,8,1.0,False,False,False,False,False,False,False,8.0,100.0,-8
validation_andrea_grid_scan_mirror,TFS Mirror,tile_r037_c047_andrea_val,E2_sam2_deterministic,SAM2 mask,2026-06-27T10:12:08.045379+00:00,/home/nielsbroekhuizen/projects/my-vscode-project/outputs/case_study_2/runs/tile_r037_c047_andrea_val/20260627_101208,6,8,point,8,8,2,0.25,False,False,False,True,True,False,False,8.0,25.0,-2
validation_andrea_grid_scan_mirror,TFS Mirror,tile_r037_c047_andrea_val,E3_imggen_deterministic,ImgGen mask,2026-06-27T10:12:08.045379+00:00,/home/nielsbroekhuizen/projects/my-vscode-project/outputs/case_study_2/runs/tile_r037_c047_andrea_val/20260627_101208,5,8,point,8,8,3,0.375,False,False,False,False,True,False,False,8.0,37.5,-3
validation_andrea_grid_scan_mirror,TFS Mirror,tile_r037_c047_andrea_val,E4_sam2_overlay_vlm,SAM2 overlay,2026-06-27T10:12:08.045379+00:00,/home/nielsbroekhuizen/projects/my-vscode-project/outputs/case_study_2/runs/tile_r037_c047_andrea_val/20260627_101208,9,8,point,8,8,1,0.125,False,False,True,True,True,False,False,8.0,12.5,1
validation_andrea_grid_scan_mirror,TFS Mirror,tile_r037_c047_andrea_val,E5_imggen_overlay_vlm,ImgGen overlay,2026-06-27T10:12:08.045379+00:00,/home/nielsbroekhuizen/projects/my-vscode-project/outputs/case_study_2/runs/tile_r037_c047_andrea_val/20260627_101208,5,8,point,8,8,3,0.375,False,False,False,False,True,False,False,8.0,37.5,-3
validation_andrea_grid_scan_mirror,TFS Mirror,tile_r037_c047_andrea_val,E6_sam3_deterministic,SAM3 mask,2026-06-27T10:12:08.045379+00:00,/home/nielsbroekhuizen/projects/my-vscode-project/outputs/case_study_2/runs/tile_r037_c047_andrea_val/20260627_101208,5,8,point,8,8,3,0.375,False,False,False,False,True,False,False,8.0,37.5,-3
validation_andrea_grid_scan_mirror,TFS Mirror,tile_r037_c047_andrea_val,E7_sam3_overlay_vlm,SAM3 overlay,2026-06-27T10:12:08.045379+00:00,/home/nielsbroekhuizen/projects/my-vscode-project/outputs/case_study_2/runs/tile_r037_c047_andrea_val/20260627_101208,5,8,point,8,8,3,0.375,False,False,False,False,True,False,False,8.0,37.5,-3
validation_andrea_grid_scan_mirror,TFS Mirror,tile_r037_c048_andrea_val,E1_raw_vlm,VLM,2026-06-27T10:15:47.869125+00:00,/home/nielsbroekhuizen/projects/my-vscode-project/outputs/case_study_2/runs/tile_r037_c048_andrea_val/20260627_101547,0,6,point,6,6,6,1.0,False,False,False,False,False,False,False,6.0,100.0,-6
validation_andrea_grid_scan_mirror,TFS Mirror,tile_r037_c048_andrea_val,E2_sam2_deterministic,SAM2 mask,2026-06-27T10:15:47.869125+00:00,/home/nielsbroekhuizen/projects/my-vscode-project/outputs/case_study_2/runs/tile_r037_c048_andrea_val/20260627_101547,2,6,point,6,6,4,0.6667,False,False,False,False,False,False,False,6.0,66.66666666666666,-4
validation_andrea_grid_scan_mirror,TFS Mirror,tile_r037_c048_andrea_val,E3_imggen_deterministic,ImgGen mask,2026-06-27T10:15:47.869125+00:00,/home/nielsbroekhuizen/projects/my-vscode-project/outputs/case_study_2/runs/tile_r037_c048_andrea_val/20260627_101547,7,6,point,6,6,1,0.1667,False,False,True,True,True,False,False,6.0,16.666666666666664,1
validation_andrea_grid_scan_mirror,TFS Mirror,tile_r037_c048_andrea_val,E4_sam2_overlay_vlm,SAM2 overlay,2026-06-27T10:15:47.869125+00:00,/home/nielsbroekhuizen/projects/my-vscode-project/outputs/case_study_2/runs/tile_r037_c048_andrea_val/20260627_101547,8,6,point,6,6,2,0.3333,False,False,False,True,True,False,False,6.0,33.33333333333333,2
validation_andrea_grid_scan_mirror,TFS Mirror,tile_r037_c048_andrea_val,E5_imggen_overlay_vlm,ImgGen overlay,2026-06-27T10:15:47.869125+00:00,/home/nielsbroekhuizen/projects/my-vscode-project/outputs/case_study_2/runs/tile_r037_c048_andrea_val/20260627_101547,7,6,point,6,6,1,0.1667,False,False,True,True,True,False,False,6.0,16.666666666666664,1
validation_andrea_grid_scan_mirror,TFS Mirror,tile_r037_c048_andrea_val,E6_sam3_deterministic,SAM3 mask,2026-06-27T10:15:47.869125+00:00,/home/nielsbroekhuizen/projects/my-vscode-project/outputs/case_study_2/runs/tile_r037_c048_andrea_val/20260627_101547,2,6,point,6,6,4,0.6667,False,False,False,False,False,False,False,6.0,66.66666666666666,-4
validation_andrea_grid_scan_mirror,TFS Mirror,tile_r037_c048_andrea_val,E7_sam3_overlay_vlm,SAM3 overlay,2026-06-27T10:15:47.869125+00:00,/home/nielsbroekhuizen/projects/my-vscode-project/outputs/case_study_2/runs/tile_r037_c048_andrea_val/20260627_101547,2,6,point,6,6,4,0.6667,False,False,False,False,False,False,False,6.0,66.66666666666666,-4
validation_andrea_grid_scan_mirror,TFS Mirror,tile_r037_c049_andrea_val,E1_raw_vlm,VLM,2026-06-27T10:18:39.916472+00:00,/home/nielsbroekhuizen/projects/my-vscode-project/outputs/case_study_2/runs/tile_r037_c049_andrea_val/20260627_101839,0,5,point,5,5,5,1.0,False,False,False,False,False,False,False,5.0,100.0,-5
validation_andrea_grid_scan_mirror,TFS Mirror,tile_r037_c049_andrea_val,E2_sam2_deterministic,SAM2 mask,2026-06-27T10:18:39.916472+00:00,/home/nielsbroekhuizen/projects/my-vscode-project/outputs/case_study_2/runs/tile_r037_c049_andrea_val/20260627_101839,1,5,point,5,5,4,0.8,False,False,False,False,False,False,False,5.0,80.0,-4
validation_andrea_grid_scan_mirror,TFS Mirror,tile_r037_c049_andrea_val,E3_imggen_deterministic,ImgGen mask,2026-06-27T10:18:39.916472+00:00,/home/nielsbroekhuizen/projects/my-vscode-project/outputs/case_study_2/runs/tile_r037_c049_andrea_val/20260627_101839,4,5,point,5,5,1,0.2,False,False,True,True,True,False,False,5.0,20.0,-1
validation_andrea_grid_scan_mirror,TFS Mirror,tile_r037_c049_andrea_val,E4_sam2_overlay_vlm,SAM2 overlay,2026-06-27T10:18:39.916472+00:00,/home/nielsbroekhuizen/projects/my-vscode-project/outputs/case_study_2/runs/tile_r037_c049_andrea_val/20260627_101839,8,5,point,5,5,3,0.6,False,False,False,False,True,False,False,5.0,60.0,3
validation_andrea_grid_scan_mirror,TFS Mirror,tile_r037_c049_andrea_val,E5_imggen_overlay_vlm,ImgGen overlay,2026-06-27T10:18:39.916472+00:00,/home/nielsbroekhuizen/projects/my-vscode-project/outputs/case_study_2/runs/tile_r037_c049_andrea_val/20260627_101839,4,5,point,5,5,1,0.2,False,False,True,True,True,False,False,5.0,20.0,-1
validation_andrea_grid_scan_mirror,TFS Mirror,tile_r037_c049_andrea_val,E6_sam3_deterministic,SAM3 mask,2026-06-27T10:18:39.916472+00:00,/home/nielsbroekhuizen/projects/my-vscode-project/outputs/case_study_2/runs/tile_r037_c049_andrea_val/20260627_101839,4,5,point,5,5,1,0.2,False,False,True,True,True,False,False,5.0,20.0,-1
validation_andrea_grid_scan_mirror,TFS Mirror,tile_r037_c049_andrea_val,E7_sam3_overlay_vlm,SAM3 overlay,2026-06-27T10:18:39.916472+00:00,/home/nielsbroekhuizen/projects/my-vscode-project/outputs/case_study_2/runs/tile_r037_c049_andrea_val/20260627_101839,6,5,point,5,5,1,0.2,False,False,True,True,True,False,False,5.0,20.0,1
