dataset,dataset_label,sample_id,variant,variant_label,absolute_error,relative_error,signed_error,predicted_count,gt_count,gt_value,inside_gt_interval,within_1,within_10_pct
grid_scan_paper,Grid Scan Paper,Tile_r036_c026,E1_raw_vlm,VLM,1,0.1667,-1,5,6,6.0,False,True,False
grid_scan_paper,Grid Scan Paper,Tile_r036_c027,E1_raw_vlm,VLM,0,0.0,0,1,1,1.0,True,True,True
grid_scan_paper,Grid Scan Paper,Tile_r036_c031,E1_raw_vlm,VLM,2,2.0,2,3,1,1.0,False,False,False
grid_scan_paper,Grid Scan Paper,Tile_r036_c040,E1_raw_vlm,VLM,0,0.0,0,2,2,2.0,True,True,True
grid_scan_paper,Grid Scan Paper,Tile_r036_c041,E1_raw_vlm,VLM,2,0.5,-2,2,4,4.0,False,False,False
grid_scan_paper,Grid Scan Paper,Tile_r036_c042,E1_raw_vlm,VLM,0,0.0,0,1,1,1.0,True,True,True
grid_scan_paper,Grid Scan Paper,Tile_r036_c044,E1_raw_vlm,VLM,2,0.2857,-2,5,7,7.0,False,False,False
grid_scan_paper,Grid Scan Paper,Tile_r036_c047,E1_raw_vlm,VLM,0,0.0,0,2,2,2.0,True,True,True
grid_scan_paper,Grid Scan Paper,Tile_r036_c048,E1_raw_vlm,VLM,0,0.0,0,1,1,1.0,True,True,True
grid_scan_paper,Grid Scan Paper,Tile_r036_c049,E1_raw_vlm,VLM,1,0.2,1,6,5,5.0,False,True,False
grid_scan_paper,Grid Scan Paper,Tile_r037_c026,E1_raw_vlm,VLM,1,0.3333,-1,2,3,3.0,False,True,False
grid_scan_paper,Grid Scan Paper,Tile_r037_c028,E1_raw_vlm,VLM,0,0.0,0,3,3,3.0,True,True,True
grid_scan_paper,Grid Scan Paper,Tile_r037_c032,E1_raw_vlm,VLM,0,0.0,0,1,1,1.0,True,True,True
grid_scan_paper,Grid Scan Paper,Tile_r037_c037,E1_raw_vlm,VLM,4,0.5714,-4,3,7,7.0,False,False,False
grid_scan_paper,Grid Scan Paper,Tile_r037_c044,E1_raw_vlm,VLM,1,0.0556,1,19,18,18.0,False,True,True
grid_scan_paper,Grid Scan Paper,Tile_r037_c046,E1_raw_vlm,VLM,5,0.625,-5,3,8,8.0,False,False,False
grid_scan_paper,Grid Scan Paper,Tile_r037_c047,E1_raw_vlm,VLM,3,0.375,-3,5,8,8.0,False,False,False
grid_scan_paper,Grid Scan Paper,Tile_r037_c048,E1_raw_vlm,VLM,0,0.0,0,6,6,6.0,True,True,True
grid_scan_paper,Grid Scan Paper,Tile_r037_c049,E1_raw_vlm,VLM,1,0.2,-1,4,5,5.0,False,True,False
grid_scan_paper,Grid Scan Paper,Tile_r038_c028,E1_raw_vlm,VLM,0,0.0,0,1,1,1.0,True,True,True
grid_scan_paper,Grid Scan Paper,Tile_r038_c031,E1_raw_vlm,VLM,0,0.0,0,2,2,2.0,True,True,True
grid_scan_paper,Grid Scan Paper,Tile_r038_c036,E1_raw_vlm,VLM,0,0.0,0,11,11,11.0,True,True,True
grid_scan_paper,Grid Scan Paper,Tile_r038_c038,E1_raw_vlm,VLM,0,0.0,0,1,1,1.0,True,True,True
grid_scan_paper,Grid Scan Paper,Tile_r038_c042,E1_raw_vlm,VLM,0,0.0,0,3,3,3.0,True,True,True
grid_scan_paper,Grid Scan Paper,Tile_r038_c043,E1_raw_vlm,VLM,1,0.5,1,3,2,2.0,False,True,False
grid_scan_paper,Grid Scan Paper,Tile_r038_c044,E1_raw_vlm,VLM,1,0.2,1,6,5,5.0,False,True,False
grid_scan_paper,Grid Scan Paper,Tile_r038_c045,E1_raw_vlm,VLM,1,0.3333,1,4,3,3.0,False,True,False
grid_scan_paper,Grid Scan Paper,Tile_r038_c046,E1_raw_vlm,VLM,1,0.2,1,6,5,5.0,False,True,False
grid_scan_paper,Grid Scan Paper,Tile_r038_c047,E1_raw_vlm,VLM,1,0.1111,1,10,9,9.0,False,True,False
grid_scan_paper,Grid Scan Paper,Tile_r038_c048,E1_raw_vlm,VLM,3,0.3,3,13,10,10.0,False,False,False
grid_scan_paper,Grid Scan Paper,Tile_r038_c049,E1_raw_vlm,VLM,9,1.0,9,18,9,9.0,False,False,False
grid_scan_paper,Grid Scan Paper,Tile_r039_c031,E1_raw_vlm,VLM,6,1.5,6,10,4,4.0,False,False,False
grid_scan_paper,Grid Scan Paper,Tile_r039_c034,E1_raw_vlm,VLM,0,0.0,0,1,1,1.0,True,True,True
grid_scan_paper,Grid Scan Paper,Tile_r039_c036,E1_raw_vlm,VLM,1,0.2,1,6,5,5.0,False,True,False
grid_scan_paper,Grid Scan Paper,Tile_r039_c038,E1_raw_vlm,VLM,0,0.0,0,1,1,1.0,True,True,True
grid_scan_paper,Grid Scan Paper,Tile_r039_c039,E1_raw_vlm,VLM,0,0.0,0,1,1,1.0,True,True,True
grid_scan_paper,Grid Scan Paper,Tile_r039_c040,E1_raw_vlm,VLM,3,0.75,3,7,4,4.0,False,False,False
grid_scan_paper,Grid Scan Paper,Tile_r039_c041,E1_raw_vlm,VLM,14,3.5,14,18,4,4.0,False,False,False
grid_scan_paper,Grid Scan Paper,Tile_r039_c042,E1_raw_vlm,VLM,0,0.0,0,4,4,4.0,True,True,True
grid_scan_paper,Grid Scan Paper,Tile_r039_c043,E1_raw_vlm,VLM,0,0.0,0,2,2,2.0,True,True,True
grid_scan_paper,Grid Scan Paper,Tile_r039_c044,E1_raw_vlm,VLM,0,0.0,0,9,9,9.0,True,True,True
grid_scan_paper,Grid Scan Paper,Tile_r039_c045,E1_raw_vlm,VLM,2,0.4,2,7,5,5.0,False,False,False
grid_scan_paper,Grid Scan Paper,Tile_r039_c046,E1_raw_vlm,VLM,2,0.1667,2,14,12,12.0,False,False,False
grid_scan_paper,Grid Scan Paper,Tile_r039_c047,E1_raw_vlm,VLM,6,0.6667,6,15,9,9.0,False,False,False
grid_scan_paper,Grid Scan Paper,Tile_r039_c048,E1_raw_vlm,VLM,12,1.0,12,24,12,12.0,False,False,False
grid_scan_paper,Grid Scan Paper,Tile_r039_c049,E1_raw_vlm,VLM,4,0.5714,4,11,7,7.0,False,False,False
grid_scan_paper,Grid Scan Paper,Tile_r040_c028,E1_raw_vlm,VLM,0,0.0,0,1,1,1.0,True,True,True
grid_scan_paper,Grid Scan Paper,Tile_r040_c029,E1_raw_vlm,VLM,10,1.6667,10,16,6,6.0,False,False,False
grid_scan_paper,Grid Scan Paper,Tile_r040_c035,E1_raw_vlm,VLM,0,0.0,0,3,3,3.0,True,True,True
grid_scan_paper,Grid Scan Paper,Tile_r040_c036,E1_raw_vlm,VLM,1,0.2,1,6,5,5.0,False,True,False
grid_scan_paper,Grid Scan Paper,Tile_r040_c038,E1_raw_vlm,VLM,0,0.0,0,3,3,3.0,True,True,True
grid_scan_paper,Grid Scan Paper,Tile_r040_c039,E1_raw_vlm,VLM,1,0.3333,-1,2,3,3.0,False,True,False
grid_scan_paper,Grid Scan Paper,Tile_r040_c040,E1_raw_vlm,VLM,0,0.0,0,3,3,3.0,True,True,True
grid_scan_paper,Grid Scan Paper,Tile_r040_c041,E1_raw_vlm,VLM,4,1.0,4,8,4,4.0,False,False,False
grid_scan_paper,Grid Scan Paper,Tile_r040_c043,E1_raw_vlm,VLM,1,0.5,-1,1,2,2.0,False,True,False
grid_scan_paper,Grid Scan Paper,Tile_r040_c044,E1_raw_vlm,VLM,0,0.0,0,3,3,3.0,True,True,True
grid_scan_paper,Grid Scan Paper,Tile_r040_c047,E1_raw_vlm,VLM,0,0.0,0,5,5,5.0,True,True,True
grid_scan_paper,Grid Scan Paper,Tile_r040_c048,E1_raw_vlm,VLM,6,0.6,6,16,10,10.0,False,False,False
grid_scan_paper,Grid Scan Paper,Tile_r040_c049,E1_raw_vlm,VLM,1,0.3333,1,4,3,3.0,False,True,False
grid_scan_paper,Grid Scan Paper,Tile_r041_c029,E1_raw_vlm,VLM,0,0.0,0,1,1,1.0,True,True,True
grid_scan_paper,Grid Scan Paper,Tile_r041_c032,E1_raw_vlm,VLM,0,0.0,0,7,7,7.0,True,True,True
grid_scan_paper,Grid Scan Paper,Tile_r041_c033,E1_raw_vlm,VLM,0,0.0,0,3,3,3.0,True,True,True
grid_scan_paper,Grid Scan Paper,Tile_r041_c034,E1_raw_vlm,VLM,0,0.0,0,1,1,1.0,True,True,True
grid_scan_paper,Grid Scan Paper,Tile_r041_c035,E1_raw_vlm,VLM,1,0.25,1,5,4,4.0,False,True,False
grid_scan_paper,Grid Scan Paper,Tile_r041_c036,E1_raw_vlm,VLM,0,0.0,0,2,2,2.0,True,True,True
grid_scan_paper,Grid Scan Paper,Tile_r041_c037,E1_raw_vlm,VLM,0,0.0,0,6,6,6.0,True,True,True
grid_scan_paper,Grid Scan Paper,Tile_r041_c038,E1_raw_vlm,VLM,0,0.0,0,3,3,3.0,True,True,True
grid_scan_paper,Grid Scan Paper,Tile_r041_c039,E1_raw_vlm,VLM,3,0.375,3,11,8,8.0,False,False,False
grid_scan_paper,Grid Scan Paper,Tile_r041_c040,E1_raw_vlm,VLM,17,1.5455,17,28,11,11.0,False,False,False
grid_scan_paper,Grid Scan Paper,Tile_r041_c041,E1_raw_vlm,VLM,1,0.2,1,6,5,5.0,False,True,False
grid_scan_paper,Grid Scan Paper,Tile_r041_c042,E1_raw_vlm,VLM,0,0.0,0,2,2,2.0,True,True,True
grid_scan_paper,Grid Scan Paper,Tile_r041_c044,E1_raw_vlm,VLM,0,0.0,0,2,2,2.0,True,True,True
grid_scan_paper,Grid Scan Paper,Tile_r041_c045,E1_raw_vlm,VLM,0,0.0,0,2,2,2.0,True,True,True
grid_scan_paper,Grid Scan Paper,Tile_r041_c046,E1_raw_vlm,VLM,3,0.75,3,7,4,4.0,False,False,False
grid_scan_paper,Grid Scan Paper,Tile_r041_c047,E1_raw_vlm,VLM,3,0.375,3,11,8,8.0,False,False,False
grid_scan_paper,Grid Scan Paper,Tile_r041_c048,E1_raw_vlm,VLM,1,0.1667,1,7,6,6.0,False,True,False
grid_scan_paper,Grid Scan Paper,Tile_r042_c026,E1_raw_vlm,VLM,0,0.0,0,1,1,1.0,True,True,True
grid_scan_paper,Grid Scan Paper,Tile_r042_c029,E1_raw_vlm,VLM,0,0.0,0,1,1,1.0,True,True,True
grid_scan_paper,Grid Scan Paper,Tile_r042_c030,E1_raw_vlm,VLM,0,0.0,0,2,2,2.0,True,True,True
grid_scan_paper,Grid Scan Paper,Tile_r042_c031,E1_raw_vlm,VLM,0,0.0,0,2,2,2.0,True,True,True
grid_scan_paper,Grid Scan Paper,Tile_r042_c032,E1_raw_vlm,VLM,11,1.2222,11,20,9,9.0,False,False,False
grid_scan_paper,Grid Scan Paper,Tile_r042_c033,E1_raw_vlm,VLM,1,0.1667,1,7,6,6.0,False,True,False
grid_scan_paper,Grid Scan Paper,Tile_r042_c034,E1_raw_vlm,VLM,0,0.0,0,1,1,1.0,True,True,True
grid_scan_paper,Grid Scan Paper,Tile_r042_c035,E1_raw_vlm,VLM,1,0.1667,1,7,6,6.0,False,True,False
grid_scan_paper,Grid Scan Paper,Tile_r042_c036,E1_raw_vlm,VLM,0,0.0,0,2,2,2.0,True,True,True
grid_scan_paper,Grid Scan Paper,Tile_r042_c038,E1_raw_vlm,VLM,2,0.5,2,6,4,4.0,False,False,False
grid_scan_paper,Grid Scan Paper,Tile_r042_c039,E1_raw_vlm,VLM,13,1.1818,13,24,11,11.0,False,False,False
grid_scan_paper,Grid Scan Paper,Tile_r042_c040,E1_raw_vlm,VLM,4,1.3333,4,7,3,3.0,False,False,False
grid_scan_paper,Grid Scan Paper,Tile_r042_c042,E1_raw_vlm,VLM,0,0.0,0,6,6,6.0,True,True,True
grid_scan_paper,Grid Scan Paper,Tile_r042_c045,E1_raw_vlm,VLM,0,0.0,0,5,5,5.0,True,True,True
grid_scan_paper,Grid Scan Paper,Tile_r042_c046,E1_raw_vlm,VLM,5,1.6667,5,8,3,3.0,False,False,False
grid_scan_paper,Grid Scan Paper,Tile_r042_c047,E1_raw_vlm,VLM,2,0.4,2,7,5,5.0,False,False,False
grid_scan_paper,Grid Scan Paper,Tile_r042_c048,E1_raw_vlm,VLM,2,0.5,2,6,4,4.0,False,False,False
grid_scan_paper,Grid Scan Paper,Tile_r042_c049,E1_raw_vlm,VLM,2,0.6667,2,5,3,3.0,False,False,False
grid_scan_paper,Grid Scan Paper,Tile_r043_c027,E1_raw_vlm,VLM,0,0.0,0,2,2,2.0,True,True,True
grid_scan_paper,Grid Scan Paper,Tile_r043_c028,E1_raw_vlm,VLM,0,0.0,0,2,2,2.0,True,True,True
grid_scan_paper,Grid Scan Paper,Tile_r043_c029,E1_raw_vlm,VLM,3,1.0,3,6,3,3.0,False,False,False
grid_scan_paper,Grid Scan Paper,Tile_r043_c030,E1_raw_vlm,VLM,0,0.0,0,5,5,5.0,True,True,True
grid_scan_paper,Grid Scan Paper,Tile_r043_c031,E1_raw_vlm,VLM,1,0.25,1,5,4,4.0,False,True,False
grid_scan_paper,Grid Scan Paper,Tile_r043_c032,E1_raw_vlm,VLM,4,0.5714,4,11,7,7.0,False,False,False
grid_scan_paper,Grid Scan Paper,Tile_r043_c033,E1_raw_vlm,VLM,7,0.875,7,15,8,8.0,False,False,False
grid_scan_paper,Grid Scan Paper,Tile_r043_c034,E1_raw_vlm,VLM,0,0.0,0,2,2,2.0,True,True,True
grid_scan_paper,Grid Scan Paper,Tile_r043_c035,E1_raw_vlm,VLM,0,0.0,0,3,3,3.0,True,True,True
grid_scan_paper,Grid Scan Paper,Tile_r043_c037,E1_raw_vlm,VLM,0,0.0,0,1,1,1.0,True,True,True
grid_scan_paper,Grid Scan Paper,Tile_r043_c038,E1_raw_vlm,VLM,2,0.2857,2,9,7,7.0,False,False,False
grid_scan_paper,Grid Scan Paper,Tile_r043_c040,E1_raw_vlm,VLM,1,0.3333,1,4,3,3.0,False,True,False
grid_scan_paper,Grid Scan Paper,Tile_r043_c041,E1_raw_vlm,VLM,1,0.3333,1,4,3,3.0,False,True,False
grid_scan_paper,Grid Scan Paper,Tile_r043_c042,E1_raw_vlm,VLM,0,0.0,0,5,5,5.0,True,True,True
grid_scan_paper,Grid Scan Paper,Tile_r043_c043,E1_raw_vlm,VLM,2,0.6667,2,5,3,3.0,False,False,False
grid_scan_paper,Grid Scan Paper,Tile_r043_c044,E1_raw_vlm,VLM,0,0.0,0,6,6,6.0,True,True,True
grid_scan_paper,Grid Scan Paper,Tile_r043_c045,E1_raw_vlm,VLM,2,0.3333,2,8,6,6.0,False,False,False
grid_scan_paper,Grid Scan Paper,Tile_r043_c046,E1_raw_vlm,VLM,2,0.6667,2,5,3,3.0,False,False,False
grid_scan_paper,Grid Scan Paper,Tile_r043_c047,E1_raw_vlm,VLM,2,1.0,2,4,2,2.0,False,False,False
grid_scan_paper,Grid Scan Paper,Tile_r043_c048,E1_raw_vlm,VLM,2,0.5,2,6,4,4.0,False,False,False
grid_scan_paper,Grid Scan Paper,Tile_r043_c049,E1_raw_vlm,VLM,3,0.6,3,8,5,5.0,False,False,False
grid_scan_paper,Grid Scan Paper,Tile_r044_c028,E1_raw_vlm,VLM,1,0.5,1,3,2,2.0,False,True,False
grid_scan_paper,Grid Scan Paper,Tile_r044_c029,E1_raw_vlm,VLM,0,0.0,0,2,2,2.0,True,True,True
grid_scan_paper,Grid Scan Paper,Tile_r044_c030,E1_raw_vlm,VLM,9,1.2857,9,16,7,7.0,False,False,False
grid_scan_paper,Grid Scan Paper,Tile_r044_c031,E1_raw_vlm,VLM,2,0.1818,2,13,11,11.0,False,False,False
grid_scan_paper,Grid Scan Paper,Tile_r044_c032,E1_raw_vlm,VLM,1,0.1667,1,7,6,6.0,False,True,False
grid_scan_paper,Grid Scan Paper,Tile_r044_c033,E1_raw_vlm,VLM,2,0.4,2,7,5,5.0,False,False,False
grid_scan_paper,Grid Scan Paper,Tile_r044_c036,E1_raw_vlm,VLM,0,0.0,0,1,1,1.0,True,True,True
grid_scan_paper,Grid Scan Paper,Tile_r044_c038,E1_raw_vlm,VLM,0,0.0,0,1,1,1.0,True,True,True
grid_scan_paper,Grid Scan Paper,Tile_r044_c039,E1_raw_vlm,VLM,2,0.4,2,7,5,5.0,False,False,False
grid_scan_paper,Grid Scan Paper,Tile_r044_c041,E1_raw_vlm,VLM,0,0.0,0,1,1,1.0,True,True,True
grid_scan_paper,Grid Scan Paper,Tile_r044_c042,E1_raw_vlm,VLM,2,0.5,2,6,4,4.0,False,False,False
grid_scan_paper,Grid Scan Paper,Tile_r044_c043,E1_raw_vlm,VLM,1,0.25,1,5,4,4.0,False,True,False
grid_scan_paper,Grid Scan Paper,Tile_r044_c044,E1_raw_vlm,VLM,9,3.0,9,12,3,3.0,False,False,False
grid_scan_paper,Grid Scan Paper,Tile_r044_c045,E1_raw_vlm,VLM,1,0.25,1,5,4,4.0,False,True,False
grid_scan_paper,Grid Scan Paper,Tile_r044_c047,E1_raw_vlm,VLM,7,1.1667,7,13,6,6.0,False,False,False
grid_scan_paper,Grid Scan Paper,Tile_r044_c048,E1_raw_vlm,VLM,0,0.0,0,2,2,2.0,True,True,True
grid_scan_paper,Grid Scan Paper,Tile_r045_c027,E1_raw_vlm,VLM,0,0.0,0,4,4,4.0,True,True,True
grid_scan_paper,Grid Scan Paper,Tile_r045_c028,E1_raw_vlm,VLM,2,0.4,2,7,5,5.0,False,False,False
grid_scan_paper,Grid Scan Paper,Tile_r045_c030,E1_raw_vlm,VLM,1,0.3333,1,4,3,3.0,False,True,False
grid_scan_paper,Grid Scan Paper,Tile_r045_c031,E1_raw_vlm,VLM,0,0.0,0,4,4,4.0,True,True,True
grid_scan_paper,Grid Scan Paper,Tile_r045_c032,E1_raw_vlm,VLM,0,0.0,0,5,5,5.0,True,True,True
grid_scan_paper,Grid Scan Paper,Tile_r045_c035,E1_raw_vlm,VLM,0,0.0,0,1,1,1.0,True,True,True
grid_scan_paper,Grid Scan Paper,Tile_r045_c036,E1_raw_vlm,VLM,0,0.0,0,3,3,3.0,True,True,True
grid_scan_paper,Grid Scan Paper,Tile_r045_c037,E1_raw_vlm,VLM,1,0.3333,1,4,3,3.0,False,True,False
grid_scan_paper,Grid Scan Paper,Tile_r045_c038,E1_raw_vlm,VLM,0,0.0,0,1,1,1.0,True,True,True
grid_scan_paper,Grid Scan Paper,Tile_r045_c039,E1_raw_vlm,VLM,0,0.0,0,3,3,3.0,True,True,True
grid_scan_paper,Grid Scan Paper,Tile_r045_c041,E1_raw_vlm,VLM,1,0.2,1,6,5,5.0,False,True,False
grid_scan_paper,Grid Scan Paper,Tile_r045_c043,E1_raw_vlm,VLM,7,0.7,7,17,10,10.0,False,False,False
grid_scan_paper,Grid Scan Paper,Tile_r045_c044,E1_raw_vlm,VLM,4,0.5,4,12,8,8.0,False,False,False
grid_scan_paper,Grid Scan Paper,Tile_r045_c045,E1_raw_vlm,VLM,0,0.0,0,1,1,1.0,True,True,True
grid_scan_paper,Grid Scan Paper,Tile_r045_c047,E1_raw_vlm,VLM,0,0.0,0,1,1,1.0,True,True,True
grid_scan_paper,Grid Scan Paper,Tile_r045_c048,E1_raw_vlm,VLM,0,0.0,0,1,1,1.0,True,True,True
grid_scan_paper,Grid Scan Paper,Tile_r045_c049,E1_raw_vlm,VLM,1,1.0,1,2,1,1.0,False,True,False
grid_scan_paper,Grid Scan Paper,Tile_r046_c026,E1_raw_vlm,VLM,5,2.5,5,7,2,2.0,False,False,False
grid_scan_paper,Grid Scan Paper,Tile_r046_c027,E1_raw_vlm,VLM,1,0.125,1,9,8,8.0,False,True,False
grid_scan_paper,Grid Scan Paper,Tile_r046_c028,E1_raw_vlm,VLM,3,0.3333,3,12,9,9.0,False,False,False
grid_scan_paper,Grid Scan Paper,Tile_r046_c029,E1_raw_vlm,VLM,1,0.2,1,6,5,5.0,False,True,False
grid_scan_paper,Grid Scan Paper,Tile_r046_c030,E1_raw_vlm,VLM,0,0.0,0,3,3,3.0,True,True,True
grid_scan_paper,Grid Scan Paper,Tile_r046_c032,E1_raw_vlm,VLM,2,0.5,2,6,4,4.0,False,False,False
grid_scan_paper,Grid Scan Paper,Tile_r046_c034,E1_raw_vlm,VLM,0,0.0,0,2,2,2.0,True,True,True
grid_scan_paper,Grid Scan Paper,Tile_r046_c036,E1_raw_vlm,VLM,1,0.25,1,5,4,4.0,False,True,False
grid_scan_paper,Grid Scan Paper,Tile_r046_c038,E1_raw_vlm,VLM,0,0.0,0,3,3,3.0,True,True,True
grid_scan_paper,Grid Scan Paper,Tile_r046_c040,E1_raw_vlm,VLM,2,0.6667,2,5,3,3.0,False,False,False
grid_scan_paper,Grid Scan Paper,Tile_r046_c041,E1_raw_vlm,VLM,0,0.0,0,6,6,6.0,True,True,True
grid_scan_paper,Grid Scan Paper,Tile_r046_c042,E1_raw_vlm,VLM,2,2.0,2,3,1,1.0,False,False,False
grid_scan_paper,Grid Scan Paper,Tile_r046_c043,E1_raw_vlm,VLM,2,0.25,2,10,8,8.0,False,False,False
grid_scan_paper,Grid Scan Paper,Tile_r046_c045,E1_raw_vlm,VLM,0,0.0,0,3,3,3.0,True,True,True
grid_scan_paper,Grid Scan Paper,Tile_r046_c048,E1_raw_vlm,VLM,0,0.0,0,1,1,1.0,True,True,True
grid_scan_paper,Grid Scan Paper,Tile_r036_c026,E2_sam2_deterministic,SAM2 mask,3,0.5,3,9,6,6.0,False,False,False
grid_scan_paper,Grid Scan Paper,Tile_r036_c027,E2_sam2_deterministic,SAM2 mask,1,1.0,1,2,1,1.0,False,True,False
grid_scan_paper,Grid Scan Paper,Tile_r036_c031,E2_sam2_deterministic,SAM2 mask,1,1.0,1,2,1,1.0,False,True,False
grid_scan_paper,Grid Scan Paper,Tile_r036_c040,E2_sam2_deterministic,SAM2 mask,0,0.0,0,2,2,2.0,True,True,True
grid_scan_paper,Grid Scan Paper,Tile_r036_c041,E2_sam2_deterministic,SAM2 mask,2,0.5,-2,2,4,4.0,False,False,False
grid_scan_paper,Grid Scan Paper,Tile_r036_c042,E2_sam2_deterministic,SAM2 mask,2,2.0,2,3,1,1.0,False,False,False
grid_scan_paper,Grid Scan Paper,Tile_r036_c044,E2_sam2_deterministic,SAM2 mask,3,0.4286,-3,4,7,7.0,False,False,False
grid_scan_paper,Grid Scan Paper,Tile_r036_c047,E2_sam2_deterministic,SAM2 mask,1,0.5,-1,1,2,2.0,False,True,False
grid_scan_paper,Grid Scan Paper,Tile_r036_c048,E2_sam2_deterministic,SAM2 mask,1,1.0,1,2,1,1.0,False,True,False
grid_scan_paper,Grid Scan Paper,Tile_r036_c049,E2_sam2_deterministic,SAM2 mask,4,0.8,-4,1,5,5.0,False,False,False
grid_scan_paper,Grid Scan Paper,Tile_r037_c026,E2_sam2_deterministic,SAM2 mask,2,0.6667,-2,1,3,3.0,False,False,False
grid_scan_paper,Grid Scan Paper,Tile_r037_c028,E2_sam2_deterministic,SAM2 mask,2,0.6667,-2,1,3,3.0,False,False,False
grid_scan_paper,Grid Scan Paper,Tile_r037_c032,E2_sam2_deterministic,SAM2 mask,4,4.0,4,5,1,1.0,False,False,False
grid_scan_paper,Grid Scan Paper,Tile_r037_c037,E2_sam2_deterministic,SAM2 mask,2,0.2857,2,9,7,7.0,False,False,False
grid_scan_paper,Grid Scan Paper,Tile_r037_c044,E2_sam2_deterministic,SAM2 mask,5,0.2778,-5,13,18,18.0,False,False,False
grid_scan_paper,Grid Scan Paper,Tile_r037_c046,E2_sam2_deterministic,SAM2 mask,0,0.0,0,8,8,8.0,True,True,True
grid_scan_paper,Grid Scan Paper,Tile_r037_c047,E2_sam2_deterministic,SAM2 mask,2,0.25,-2,6,8,8.0,False,False,False
grid_scan_paper,Grid Scan Paper,Tile_r037_c048,E2_sam2_deterministic,SAM2 mask,4,0.6667,-4,2,6,6.0,False,False,False
grid_scan_paper,Grid Scan Paper,Tile_r037_c049,E2_sam2_deterministic,SAM2 mask,4,0.8,-4,1,5,5.0,False,False,False
grid_scan_paper,Grid Scan Paper,Tile_r038_c028,E2_sam2_deterministic,SAM2 mask,1,1.0,1,2,1,1.0,False,True,False
grid_scan_paper,Grid Scan Paper,Tile_r038_c031,E2_sam2_deterministic,SAM2 mask,1,0.5,1,3,2,2.0,False,True,False
grid_scan_paper,Grid Scan Paper,Tile_r038_c036,E2_sam2_deterministic,SAM2 mask,6,0.5455,-6,5,11,11.0,False,False,False
grid_scan_paper,Grid Scan Paper,Tile_r038_c038,E2_sam2_deterministic,SAM2 mask,0,0.0,0,1,1,1.0,True,True,True
grid_scan_paper,Grid Scan Paper,Tile_r038_c042,E2_sam2_deterministic,SAM2 mask,1,0.3333,1,4,3,3.0,False,True,False
grid_scan_paper,Grid Scan Paper,Tile_r038_c043,E2_sam2_deterministic,SAM2 mask,0,0.0,0,2,2,2.0,True,True,True
grid_scan_paper,Grid Scan Paper,Tile_r038_c044,E2_sam2_deterministic,SAM2 mask,0,0.0,0,5,5,5.0,True,True,True
grid_scan_paper,Grid Scan Paper,Tile_r038_c045,E2_sam2_deterministic,SAM2 mask,8,2.6667,8,11,3,3.0,False,False,False
grid_scan_paper,Grid Scan Paper,Tile_r038_c046,E2_sam2_deterministic,SAM2 mask,2,0.4,-2,3,5,5.0,False,False,False
grid_scan_paper,Grid Scan Paper,Tile_r038_c047,E2_sam2_deterministic,SAM2 mask,2,0.2222,-2,7,9,9.0,False,False,False
grid_scan_paper,Grid Scan Paper,Tile_r038_c048,E2_sam2_deterministic,SAM2 mask,7,0.7,-7,3,10,10.0,False,False,False
grid_scan_paper,Grid Scan Paper,Tile_r038_c049,E2_sam2_deterministic,SAM2 mask,3,0.3333,3,12,9,9.0,False,False,False
grid_scan_paper,Grid Scan Paper,Tile_r039_c031,E2_sam2_deterministic,SAM2 mask,1,0.25,1,5,4,4.0,False,True,False
grid_scan_paper,Grid Scan Paper,Tile_r039_c034,E2_sam2_deterministic,SAM2 mask,0,0.0,0,1,1,1.0,True,True,True
grid_scan_paper,Grid Scan Paper,Tile_r039_c036,E2_sam2_deterministic,SAM2 mask,3,0.6,-3,2,5,5.0,False,False,False
grid_scan_paper,Grid Scan Paper,Tile_r039_c038,E2_sam2_deterministic,SAM2 mask,0,0.0,0,1,1,1.0,True,True,True
grid_scan_paper,Grid Scan Paper,Tile_r039_c039,E2_sam2_deterministic,SAM2 mask,1,1.0,1,2,1,1.0,False,True,False
grid_scan_paper,Grid Scan Paper,Tile_r039_c040,E2_sam2_deterministic,SAM2 mask,76,19.0,76,80,4,4.0,False,False,False
grid_scan_paper,Grid Scan Paper,Tile_r039_c041,E2_sam2_deterministic,SAM2 mask,1,0.25,-1,3,4,4.0,False,True,False
grid_scan_paper,Grid Scan Paper,Tile_r039_c042,E2_sam2_deterministic,SAM2 mask,2,0.5,-2,2,4,4.0,False,False,False
grid_scan_paper,Grid Scan Paper,Tile_r039_c043,E2_sam2_deterministic,SAM2 mask,1,0.5,-1,1,2,2.0,False,True,False
grid_scan_paper,Grid Scan Paper,Tile_r039_c044,E2_sam2_deterministic,SAM2 mask,5,0.5556,-5,4,9,9.0,False,False,False
grid_scan_paper,Grid Scan Paper,Tile_r039_c045,E2_sam2_deterministic,SAM2 mask,2,0.4,2,7,5,5.0,False,False,False
grid_scan_paper,Grid Scan Paper,Tile_r039_c046,E2_sam2_deterministic,SAM2 mask,10,0.8333,10,22,12,12.0,False,False,False
grid_scan_paper,Grid Scan Paper,Tile_r039_c047,E2_sam2_deterministic,SAM2 mask,6,0.6667,6,15,9,9.0,False,False,False
grid_scan_paper,Grid Scan Paper,Tile_r039_c048,E2_sam2_deterministic,SAM2 mask,12,1.0,12,24,12,12.0,False,False,False
grid_scan_paper,Grid Scan Paper,Tile_r039_c049,E2_sam2_deterministic,SAM2 mask,8,1.1429,8,15,7,7.0,False,False,False
grid_scan_paper,Grid Scan Paper,Tile_r040_c028,E2_sam2_deterministic,SAM2 mask,0,0.0,0,1,1,1.0,True,True,True
grid_scan_paper,Grid Scan Paper,Tile_r040_c029,E2_sam2_deterministic,SAM2 mask,3,0.5,-3,3,6,6.0,False,False,False
grid_scan_paper,Grid Scan Paper,Tile_r040_c035,E2_sam2_deterministic,SAM2 mask,1,0.3333,-1,2,3,3.0,False,True,False
grid_scan_paper,Grid Scan Paper,Tile_r040_c036,E2_sam2_deterministic,SAM2 mask,3,0.6,-3,2,5,5.0,False,False,False
grid_scan_paper,Grid Scan Paper,Tile_r040_c038,E2_sam2_deterministic,SAM2 mask,0,0.0,0,3,3,3.0,True,True,True
grid_scan_paper,Grid Scan Paper,Tile_r040_c039,E2_sam2_deterministic,SAM2 mask,7,2.3333,7,10,3,3.0,False,False,False
grid_scan_paper,Grid Scan Paper,Tile_r040_c040,E2_sam2_deterministic,SAM2 mask,2,0.6667,-2,1,3,3.0,False,False,False
grid_scan_paper,Grid Scan Paper,Tile_r040_c041,E2_sam2_deterministic,SAM2 mask,10,2.5,10,14,4,4.0,False,False,False
grid_scan_paper,Grid Scan Paper,Tile_r040_c043,E2_sam2_deterministic,SAM2 mask,0,0.0,0,2,2,2.0,True,True,True
grid_scan_paper,Grid Scan Paper,Tile_r040_c044,E2_sam2_deterministic,SAM2 mask,2,0.6667,2,5,3,3.0,False,False,False
grid_scan_paper,Grid Scan Paper,Tile_r040_c047,E2_sam2_deterministic,SAM2 mask,4,0.8,-4,1,5,5.0,False,False,False
grid_scan_paper,Grid Scan Paper,Tile_r040_c048,E2_sam2_deterministic,SAM2 mask,5,0.5,-5,5,10,10.0,False,False,False
grid_scan_paper,Grid Scan Paper,Tile_r040_c049,E2_sam2_deterministic,SAM2 mask,1,0.3333,1,4,3,3.0,False,True,False
grid_scan_paper,Grid Scan Paper,Tile_r041_c029,E2_sam2_deterministic,SAM2 mask,0,0.0,0,1,1,1.0,True,True,True
grid_scan_paper,Grid Scan Paper,Tile_r041_c032,E2_sam2_deterministic,SAM2 mask,6,0.8571,-6,1,7,7.0,False,False,False
grid_scan_paper,Grid Scan Paper,Tile_r041_c033,E2_sam2_deterministic,SAM2 mask,4,1.3333,4,7,3,3.0,False,False,False
grid_scan_paper,Grid Scan Paper,Tile_r041_c034,E2_sam2_deterministic,SAM2 mask,0,0.0,0,1,1,1.0,True,True,True
grid_scan_paper,Grid Scan Paper,Tile_r041_c035,E2_sam2_deterministic,SAM2 mask,0,0.0,0,4,4,4.0,True,True,True
grid_scan_paper,Grid Scan Paper,Tile_r041_c036,E2_sam2_deterministic,SAM2 mask,1,0.5,-1,1,2,2.0,False,True,False
grid_scan_paper,Grid Scan Paper,Tile_r041_c037,E2_sam2_deterministic,SAM2 mask,1,0.1667,1,7,6,6.0,False,True,False
grid_scan_paper,Grid Scan Paper,Tile_r041_c038,E2_sam2_deterministic,SAM2 mask,2,0.6667,-2,1,3,3.0,False,False,False
grid_scan_paper,Grid Scan Paper,Tile_r041_c039,E2_sam2_deterministic,SAM2 mask,2,0.25,2,10,8,8.0,False,False,False
grid_scan_paper,Grid Scan Paper,Tile_r041_c040,E2_sam2_deterministic,SAM2 mask,8,0.7273,-8,3,11,11.0,False,False,False
grid_scan_paper,Grid Scan Paper,Tile_r041_c041,E2_sam2_deterministic,SAM2 mask,1,0.2,1,6,5,5.0,False,True,False
grid_scan_paper,Grid Scan Paper,Tile_r041_c042,E2_sam2_deterministic,SAM2 mask,1,0.5,-1,1,2,2.0,False,True,False
grid_scan_paper,Grid Scan Paper,Tile_r041_c044,E2_sam2_deterministic,SAM2 mask,1,0.5,-1,1,2,2.0,False,True,False
grid_scan_paper,Grid Scan Paper,Tile_r041_c045,E2_sam2_deterministic,SAM2 mask,1,0.5,-1,1,2,2.0,False,True,False
grid_scan_paper,Grid Scan Paper,Tile_r041_c046,E2_sam2_deterministic,SAM2 mask,2,0.5,-2,2,4,4.0,False,False,False
grid_scan_paper,Grid Scan Paper,Tile_r041_c047,E2_sam2_deterministic,SAM2 mask,1,0.125,1,9,8,8.0,False,True,False
grid_scan_paper,Grid Scan Paper,Tile_r041_c048,E2_sam2_deterministic,SAM2 mask,5,0.8333,-5,1,6,6.0,False,False,False
grid_scan_paper,Grid Scan Paper,Tile_r042_c026,E2_sam2_deterministic,SAM2 mask,1,1.0,1,2,1,1.0,False,True,False
grid_scan_paper,Grid Scan Paper,Tile_r042_c029,E2_sam2_deterministic,SAM2 mask,4,4.0,4,5,1,1.0,False,False,False
grid_scan_paper,Grid Scan Paper,Tile_r042_c030,E2_sam2_deterministic,SAM2 mask,1,0.5,-1,1,2,2.0,False,True,False
grid_scan_paper,Grid Scan Paper,Tile_r042_c031,E2_sam2_deterministic,SAM2 mask,1,0.5,-1,1,2,2.0,False,True,False
grid_scan_paper,Grid Scan Paper,Tile_r042_c032,E2_sam2_deterministic,SAM2 mask,3,0.3333,-3,6,9,9.0,False,False,False
grid_scan_paper,Grid Scan Paper,Tile_r042_c033,E2_sam2_deterministic,SAM2 mask,1,0.1667,-1,5,6,6.0,False,True,False
grid_scan_paper,Grid Scan Paper,Tile_r042_c034,E2_sam2_deterministic,SAM2 mask,1,1.0,1,2,1,1.0,False,True,False
grid_scan_paper,Grid Scan Paper,Tile_r042_c035,E2_sam2_deterministic,SAM2 mask,1,0.1667,-1,5,6,6.0,False,True,False
grid_scan_paper,Grid Scan Paper,Tile_r042_c036,E2_sam2_deterministic,SAM2 mask,1,0.5,-1,1,2,2.0,False,True,False
grid_scan_paper,Grid Scan Paper,Tile_r042_c038,E2_sam2_deterministic,SAM2 mask,1,0.25,-1,3,4,4.0,False,True,False
grid_scan_paper,Grid Scan Paper,Tile_r042_c039,E2_sam2_deterministic,SAM2 mask,1,0.0909,-1,10,11,11.0,False,True,True
grid_scan_paper,Grid Scan Paper,Tile_r042_c040,E2_sam2_deterministic,SAM2 mask,1,0.3333,1,4,3,3.0,False,True,False
grid_scan_paper,Grid Scan Paper,Tile_r042_c042,E2_sam2_deterministic,SAM2 mask,3,0.5,-3,3,6,6.0,False,False,False
grid_scan_paper,Grid Scan Paper,Tile_r042_c045,E2_sam2_deterministic,SAM2 mask,3,0.6,-3,2,5,5.0,False,False,False
grid_scan_paper,Grid Scan Paper,Tile_r042_c046,E2_sam2_deterministic,SAM2 mask,1,0.3333,-1,2,3,3.0,False,True,False
grid_scan_paper,Grid Scan Paper,Tile_r042_c047,E2_sam2_deterministic,SAM2 mask,3,0.6,-3,2,5,5.0,False,False,False
grid_scan_paper,Grid Scan Paper,Tile_r042_c048,E2_sam2_deterministic,SAM2 mask,3,0.75,3,7,4,4.0,False,False,False
grid_scan_paper,Grid Scan Paper,Tile_r042_c049,E2_sam2_deterministic,SAM2 mask,1,0.3333,-1,2,3,3.0,False,True,False
grid_scan_paper,Grid Scan Paper,Tile_r043_c027,E2_sam2_deterministic,SAM2 mask,1,0.5,1,3,2,2.0,False,True,False
grid_scan_paper,Grid Scan Paper,Tile_r043_c028,E2_sam2_deterministic,SAM2 mask,1,0.5,-1,1,2,2.0,False,True,False
grid_scan_paper,Grid Scan Paper,Tile_r043_c029,E2_sam2_deterministic,SAM2 mask,0,0.0,0,3,3,3.0,True,True,True
grid_scan_paper,Grid Scan Paper,Tile_r043_c030,E2_sam2_deterministic,SAM2 mask,1,0.2,-1,4,5,5.0,False,True,False
grid_scan_paper,Grid Scan Paper,Tile_r043_c031,E2_sam2_deterministic,SAM2 mask,4,1.0,4,8,4,4.0,False,False,False
grid_scan_paper,Grid Scan Paper,Tile_r043_c032,E2_sam2_deterministic,SAM2 mask,4,0.5714,-4,3,7,7.0,False,False,False
grid_scan_paper,Grid Scan Paper,Tile_r043_c033,E2_sam2_deterministic,SAM2 mask,11,1.375,11,19,8,8.0,False,False,False
grid_scan_paper,Grid Scan Paper,Tile_r043_c034,E2_sam2_deterministic,SAM2 mask,1,0.5,-1,1,2,2.0,False,True,False
grid_scan_paper,Grid Scan Paper,Tile_r043_c035,E2_sam2_deterministic,SAM2 mask,2,0.6667,-2,1,3,3.0,False,False,False
grid_scan_paper,Grid Scan Paper,Tile_r043_c037,E2_sam2_deterministic,SAM2 mask,2,2.0,2,3,1,1.0,False,False,False
grid_scan_paper,Grid Scan Paper,Tile_r043_c038,E2_sam2_deterministic,SAM2 mask,3,0.4286,-3,4,7,7.0,False,False,False
grid_scan_paper,Grid Scan Paper,Tile_r043_c040,E2_sam2_deterministic,SAM2 mask,2,0.6667,-2,1,3,3.0,False,False,False
grid_scan_paper,Grid Scan Paper,Tile_r043_c041,E2_sam2_deterministic,SAM2 mask,2,0.6667,-2,1,3,3.0,False,False,False
grid_scan_paper,Grid Scan Paper,Tile_r043_c042,E2_sam2_deterministic,SAM2 mask,1,0.2,-1,4,5,5.0,False,True,False
grid_scan_paper,Grid Scan Paper,Tile_r043_c043,E2_sam2_deterministic,SAM2 mask,1,0.3333,-1,2,3,3.0,False,True,False
grid_scan_paper,Grid Scan Paper,Tile_r043_c044,E2_sam2_deterministic,SAM2 mask,5,0.8333,-5,1,6,6.0,False,False,False
grid_scan_paper,Grid Scan Paper,Tile_r043_c045,E2_sam2_deterministic,SAM2 mask,4,0.6667,-4,2,6,6.0,False,False,False
grid_scan_paper,Grid Scan Paper,Tile_r043_c046,E2_sam2_deterministic,SAM2 mask,1,0.3333,-1,2,3,3.0,False,True,False
grid_scan_paper,Grid Scan Paper,Tile_r043_c047,E2_sam2_deterministic,SAM2 mask,1,0.5,-1,1,2,2.0,False,True,False
grid_scan_paper,Grid Scan Paper,Tile_r043_c048,E2_sam2_deterministic,SAM2 mask,1,0.25,-1,3,4,4.0,False,True,False
grid_scan_paper,Grid Scan Paper,Tile_r043_c049,E2_sam2_deterministic,SAM2 mask,0,0.0,0,5,5,5.0,True,True,True
grid_scan_paper,Grid Scan Paper,Tile_r044_c028,E2_sam2_deterministic,SAM2 mask,0,0.0,0,2,2,2.0,True,True,True
grid_scan_paper,Grid Scan Paper,Tile_r044_c029,E2_sam2_deterministic,SAM2 mask,0,0.0,0,2,2,2.0,True,True,True
grid_scan_paper,Grid Scan Paper,Tile_r044_c030,E2_sam2_deterministic,SAM2 mask,3,0.4286,-3,4,7,7.0,False,False,False
grid_scan_paper,Grid Scan Paper,Tile_r044_c031,E2_sam2_deterministic,SAM2 mask,8,0.7273,-8,3,11,11.0,False,False,False
grid_scan_paper,Grid Scan Paper,Tile_r044_c032,E2_sam2_deterministic,SAM2 mask,0,0.0,0,6,6,6.0,True,True,True
grid_scan_paper,Grid Scan Paper,Tile_r044_c033,E2_sam2_deterministic,SAM2 mask,5,1.0,5,10,5,5.0,False,False,False
grid_scan_paper,Grid Scan Paper,Tile_r044_c036,E2_sam2_deterministic,SAM2 mask,12,12.0,12,13,1,1.0,False,False,False
grid_scan_paper,Grid Scan Paper,Tile_r044_c038,E2_sam2_deterministic,SAM2 mask,10,10.0,10,11,1,1.0,False,False,False
grid_scan_paper,Grid Scan Paper,Tile_r044_c039,E2_sam2_deterministic,SAM2 mask,3,0.6,-3,2,5,5.0,False,False,False
grid_scan_paper,Grid Scan Paper,Tile_r044_c041,E2_sam2_deterministic,SAM2 mask,0,0.0,0,1,1,1.0,True,True,True
grid_scan_paper,Grid Scan Paper,Tile_r044_c042,E2_sam2_deterministic,SAM2 mask,0,0.0,0,4,4,4.0,True,True,True
grid_scan_paper,Grid Scan Paper,Tile_r044_c043,E2_sam2_deterministic,SAM2 mask,7,1.75,7,11,4,4.0,False,False,False
grid_scan_paper,Grid Scan Paper,Tile_r044_c044,E2_sam2_deterministic,SAM2 mask,0,0.0,0,3,3,3.0,True,True,True
grid_scan_paper,Grid Scan Paper,Tile_r044_c045,E2_sam2_deterministic,SAM2 mask,1,0.25,-1,3,4,4.0,False,True,False
grid_scan_paper,Grid Scan Paper,Tile_r044_c047,E2_sam2_deterministic,SAM2 mask,2,0.3333,-2,4,6,6.0,False,False,False
grid_scan_paper,Grid Scan Paper,Tile_r044_c048,E2_sam2_deterministic,SAM2 mask,0,0.0,0,2,2,2.0,True,True,True
grid_scan_paper,Grid Scan Paper,Tile_r045_c027,E2_sam2_deterministic,SAM2 mask,1,0.25,1,5,4,4.0,False,True,False
grid_scan_paper,Grid Scan Paper,Tile_r045_c028,E2_sam2_deterministic,SAM2 mask,7,1.4,7,12,5,5.0,False,False,False
grid_scan_paper,Grid Scan Paper,Tile_r045_c030,E2_sam2_deterministic,SAM2 mask,1,0.3333,-1,2,3,3.0,False,True,False
grid_scan_paper,Grid Scan Paper,Tile_r045_c031,E2_sam2_deterministic,SAM2 mask,2,0.5,-2,2,4,4.0,False,False,False
grid_scan_paper,Grid Scan Paper,Tile_r045_c032,E2_sam2_deterministic,SAM2 mask,2,0.4,-2,3,5,5.0,False,False,False
grid_scan_paper,Grid Scan Paper,Tile_r045_c035,E2_sam2_deterministic,SAM2 mask,0,0.0,0,1,1,1.0,True,True,True
grid_scan_paper,Grid Scan Paper,Tile_r045_c036,E2_sam2_deterministic,SAM2 mask,2,0.6667,-2,1,3,3.0,False,False,False
grid_scan_paper,Grid Scan Paper,Tile_r045_c037,E2_sam2_deterministic,SAM2 mask,2,0.6667,-2,1,3,3.0,False,False,False
grid_scan_paper,Grid Scan Paper,Tile_r045_c038,E2_sam2_deterministic,SAM2 mask,1,1.0,1,2,1,1.0,False,True,False
grid_scan_paper,Grid Scan Paper,Tile_r045_c039,E2_sam2_deterministic,SAM2 mask,0,0.0,0,3,3,3.0,True,True,True
grid_scan_paper,Grid Scan Paper,Tile_r045_c041,E2_sam2_deterministic,SAM2 mask,0,0.0,0,5,5,5.0,True,True,True
grid_scan_paper,Grid Scan Paper,Tile_r045_c043,E2_sam2_deterministic,SAM2 mask,1,0.1,-1,9,10,10.0,False,True,True
grid_scan_paper,Grid Scan Paper,Tile_r045_c044,E2_sam2_deterministic,SAM2 mask,5,0.625,-5,3,8,8.0,False,False,False
grid_scan_paper,Grid Scan Paper,Tile_r045_c045,E2_sam2_deterministic,SAM2 mask,0,0.0,0,1,1,1.0,True,True,True
grid_scan_paper,Grid Scan Paper,Tile_r045_c047,E2_sam2_deterministic,SAM2 mask,0,0.0,0,1,1,1.0,True,True,True
grid_scan_paper,Grid Scan Paper,Tile_r045_c048,E2_sam2_deterministic,SAM2 mask,1,1.0,1,2,1,1.0,False,True,False
grid_scan_paper,Grid Scan Paper,Tile_r045_c049,E2_sam2_deterministic,SAM2 mask,1,1.0,1,2,1,1.0,False,True,False
grid_scan_paper,Grid Scan Paper,Tile_r046_c026,E2_sam2_deterministic,SAM2 mask,1,0.5,1,3,2,2.0,False,True,False
grid_scan_paper,Grid Scan Paper,Tile_r046_c027,E2_sam2_deterministic,SAM2 mask,3,0.375,-3,5,8,8.0,False,False,False
grid_scan_paper,Grid Scan Paper,Tile_r046_c028,E2_sam2_deterministic,SAM2 mask,6,0.6667,-6,3,9,9.0,False,False,False
grid_scan_paper,Grid Scan Paper,Tile_r046_c029,E2_sam2_deterministic,SAM2 mask,3,0.6,-3,2,5,5.0,False,False,False
grid_scan_paper,Grid Scan Paper,Tile_r046_c030,E2_sam2_deterministic,SAM2 mask,0,0.0,0,3,3,3.0,True,True,True
grid_scan_paper,Grid Scan Paper,Tile_r046_c032,E2_sam2_deterministic,SAM2 mask,0,0.0,0,4,4,4.0,True,True,True
grid_scan_paper,Grid Scan Paper,Tile_r046_c034,E2_sam2_deterministic,SAM2 mask,0,0.0,0,2,2,2.0,True,True,True
grid_scan_paper,Grid Scan Paper,Tile_r046_c036,E2_sam2_deterministic,SAM2 mask,0,0.0,0,4,4,4.0,True,True,True
grid_scan_paper,Grid Scan Paper,Tile_r046_c038,E2_sam2_deterministic,SAM2 mask,1,0.3333,-1,2,3,3.0,False,True,False
grid_scan_paper,Grid Scan Paper,Tile_r046_c040,E2_sam2_deterministic,SAM2 mask,2,0.6667,2,5,3,3.0,False,False,False
grid_scan_paper,Grid Scan Paper,Tile_r046_c041,E2_sam2_deterministic,SAM2 mask,2,0.3333,-2,4,6,6.0,False,False,False
grid_scan_paper,Grid Scan Paper,Tile_r046_c042,E2_sam2_deterministic,SAM2 mask,1,1.0,1,2,1,1.0,False,True,False
grid_scan_paper,Grid Scan Paper,Tile_r046_c043,E2_sam2_deterministic,SAM2 mask,3,0.375,3,11,8,8.0,False,False,False
grid_scan_paper,Grid Scan Paper,Tile_r046_c045,E2_sam2_deterministic,SAM2 mask,2,0.6667,-2,1,3,3.0,False,False,False
grid_scan_paper,Grid Scan Paper,Tile_r046_c048,E2_sam2_deterministic,SAM2 mask,2,2.0,2,3,1,1.0,False,False,False
grid_scan_paper,Grid Scan Paper,Tile_r036_c026,E3_imggen_deterministic,ImgGen mask,1,0.1667,-1,5,6,6.0,False,True,False
grid_scan_paper,Grid Scan Paper,Tile_r036_c027,E3_imggen_deterministic,ImgGen mask,0,0.0,0,1,1,1.0,True,True,True
grid_scan_paper,Grid Scan Paper,Tile_r036_c031,E3_imggen_deterministic,ImgGen mask,1,1.0,1,2,1,1.0,False,True,False
grid_scan_paper,Grid Scan Paper,Tile_r036_c040,E3_imggen_deterministic,ImgGen mask,0,0.0,0,2,2,2.0,True,True,True
grid_scan_paper,Grid Scan Paper,Tile_r036_c041,E3_imggen_deterministic,ImgGen mask,2,0.5,-2,2,4,4.0,False,False,False
grid_scan_paper,Grid Scan Paper,Tile_r036_c042,E3_imggen_deterministic,ImgGen mask,2,2.0,2,3,1,1.0,False,False,False
grid_scan_paper,Grid Scan Paper,Tile_r036_c044,E3_imggen_deterministic,ImgGen mask,1,0.1429,-1,6,7,7.0,False,True,False
grid_scan_paper,Grid Scan Paper,Tile_r036_c047,E3_imggen_deterministic,ImgGen mask,1,0.5,-1,1,2,2.0,False,True,False
grid_scan_paper,Grid Scan Paper,Tile_r036_c048,E3_imggen_deterministic,ImgGen mask,0,0.0,0,1,1,1.0,True,True,True
grid_scan_paper,Grid Scan Paper,Tile_r036_c049,E3_imggen_deterministic,ImgGen mask,1,0.2,1,6,5,5.0,False,True,False
grid_scan_paper,Grid Scan Paper,Tile_r037_c026,E3_imggen_deterministic,ImgGen mask,1,0.3333,-1,2,3,3.0,False,True,False
grid_scan_paper,Grid Scan Paper,Tile_r037_c028,E3_imggen_deterministic,ImgGen mask,0,0.0,0,3,3,3.0,True,True,True
grid_scan_paper,Grid Scan Paper,Tile_r037_c032,E3_imggen_deterministic,ImgGen mask,3,3.0,3,4,1,1.0,False,False,False
grid_scan_paper,Grid Scan Paper,Tile_r037_c037,E3_imggen_deterministic,ImgGen mask,4,0.5714,-4,3,7,7.0,False,False,False
grid_scan_paper,Grid Scan Paper,Tile_r037_c044,E3_imggen_deterministic,ImgGen mask,3,0.1667,-3,15,18,18.0,False,False,False
grid_scan_paper,Grid Scan Paper,Tile_r037_c046,E3_imggen_deterministic,ImgGen mask,3,0.375,-3,5,8,8.0,False,False,False
grid_scan_paper,Grid Scan Paper,Tile_r037_c047,E3_imggen_deterministic,ImgGen mask,3,0.375,-3,5,8,8.0,False,False,False
grid_scan_paper,Grid Scan Paper,Tile_r037_c048,E3_imggen_deterministic,ImgGen mask,1,0.1667,1,7,6,6.0,False,True,False
grid_scan_paper,Grid Scan Paper,Tile_r037_c049,E3_imggen_deterministic,ImgGen mask,1,0.2,-1,4,5,5.0,False,True,False
grid_scan_paper,Grid Scan Paper,Tile_r038_c028,E3_imggen_deterministic,ImgGen mask,0,0.0,0,1,1,1.0,True,True,True
grid_scan_paper,Grid Scan Paper,Tile_r038_c031,E3_imggen_deterministic,ImgGen mask,1,0.5,1,3,2,2.0,False,True,False
grid_scan_paper,Grid Scan Paper,Tile_r038_c036,E3_imggen_deterministic,ImgGen mask,4,0.3636,4,15,11,11.0,False,False,False
grid_scan_paper,Grid Scan Paper,Tile_r038_c038,E3_imggen_deterministic,ImgGen mask,0,0.0,0,1,1,1.0,True,True,True
grid_scan_paper,Grid Scan Paper,Tile_r038_c042,E3_imggen_deterministic,ImgGen mask,0,0.0,0,3,3,3.0,True,True,True
grid_scan_paper,Grid Scan Paper,Tile_r038_c043,E3_imggen_deterministic,ImgGen mask,1,0.5,1,3,2,2.0,False,True,False
grid_scan_paper,Grid Scan Paper,Tile_r038_c044,E3_imggen_deterministic,ImgGen mask,1,0.2,1,6,5,5.0,False,True,False
grid_scan_paper,Grid Scan Paper,Tile_r038_c045,E3_imggen_deterministic,ImgGen mask,4,1.3333,4,7,3,3.0,False,False,False
grid_scan_paper,Grid Scan Paper,Tile_r038_c046,E3_imggen_deterministic,ImgGen mask,1,0.2,1,6,5,5.0,False,True,False
grid_scan_paper,Grid Scan Paper,Tile_r038_c047,E3_imggen_deterministic,ImgGen mask,1,0.1111,-1,8,9,9.0,False,True,False
grid_scan_paper,Grid Scan Paper,Tile_r038_c048,E3_imggen_deterministic,ImgGen mask,1,0.1,1,11,10,10.0,False,True,True
grid_scan_paper,Grid Scan Paper,Tile_r038_c049,E3_imggen_deterministic,ImgGen mask,4,0.4444,4,13,9,9.0,False,False,False
grid_scan_paper,Grid Scan Paper,Tile_r039_c031,E3_imggen_deterministic,ImgGen mask,3,0.75,3,7,4,4.0,False,False,False
grid_scan_paper,Grid Scan Paper,Tile_r039_c034,E3_imggen_deterministic,ImgGen mask,1,1.0,1,2,1,1.0,False,True,False
grid_scan_paper,Grid Scan Paper,Tile_r039_c036,E3_imggen_deterministic,ImgGen mask,0,0.0,0,5,5,5.0,True,True,True
grid_scan_paper,Grid Scan Paper,Tile_r039_c038,E3_imggen_deterministic,ImgGen mask,0,0.0,0,1,1,1.0,True,True,True
grid_scan_paper,Grid Scan Paper,Tile_r039_c039,E3_imggen_deterministic,ImgGen mask,0,0.0,0,1,1,1.0,True,True,True
grid_scan_paper,Grid Scan Paper,Tile_r039_c040,E3_imggen_deterministic,ImgGen mask,2,0.5,2,6,4,4.0,False,False,False
grid_scan_paper,Grid Scan Paper,Tile_r039_c041,E3_imggen_deterministic,ImgGen mask,3,0.75,3,7,4,4.0,False,False,False
grid_scan_paper,Grid Scan Paper,Tile_r039_c042,E3_imggen_deterministic,ImgGen mask,2,0.5,2,6,4,4.0,False,False,False
grid_scan_paper,Grid Scan Paper,Tile_r039_c043,E3_imggen_deterministic,ImgGen mask,0,0.0,0,2,2,2.0,True,True,True
grid_scan_paper,Grid Scan Paper,Tile_r039_c044,E3_imggen_deterministic,ImgGen mask,1,0.1111,1,10,9,9.0,False,True,False
grid_scan_paper,Grid Scan Paper,Tile_r039_c045,E3_imggen_deterministic,ImgGen mask,3,0.6,3,8,5,5.0,False,False,False
grid_scan_paper,Grid Scan Paper,Tile_r039_c046,E3_imggen_deterministic,ImgGen mask,5,0.4167,5,17,12,12.0,False,False,False
grid_scan_paper,Grid Scan Paper,Tile_r039_c047,E3_imggen_deterministic,ImgGen mask,3,0.3333,3,12,9,9.0,False,False,False
grid_scan_paper,Grid Scan Paper,Tile_r039_c048,E3_imggen_deterministic,ImgGen mask,12,1.0,12,24,12,12.0,False,False,False
grid_scan_paper,Grid Scan Paper,Tile_r039_c049,E3_imggen_deterministic,ImgGen mask,0,0.0,0,7,7,7.0,True,True,True
grid_scan_paper,Grid Scan Paper,Tile_r040_c028,E3_imggen_deterministic,ImgGen mask,0,0.0,0,1,1,1.0,True,True,True
grid_scan_paper,Grid Scan Paper,Tile_r040_c029,E3_imggen_deterministic,ImgGen mask,5,0.8333,5,11,6,6.0,False,False,False
grid_scan_paper,Grid Scan Paper,Tile_r040_c035,E3_imggen_deterministic,ImgGen mask,0,0.0,0,3,3,3.0,True,True,True
grid_scan_paper,Grid Scan Paper,Tile_r040_c036,E3_imggen_deterministic,ImgGen mask,1,0.2,1,6,5,5.0,False,True,False
grid_scan_paper,Grid Scan Paper,Tile_r040_c038,E3_imggen_deterministic,ImgGen mask,3,1.0,3,6,3,3.0,False,False,False
grid_scan_paper,Grid Scan Paper,Tile_r040_c039,E3_imggen_deterministic,ImgGen mask,1,0.3333,-1,2,3,3.0,False,True,False
grid_scan_paper,Grid Scan Paper,Tile_r040_c040,E3_imggen_deterministic,ImgGen mask,0,0.0,0,3,3,3.0,True,True,True
grid_scan_paper,Grid Scan Paper,Tile_r040_c041,E3_imggen_deterministic,ImgGen mask,1,0.25,1,5,4,4.0,False,True,False
grid_scan_paper,Grid Scan Paper,Tile_r040_c043,E3_imggen_deterministic,ImgGen mask,0,0.0,0,2,2,2.0,True,True,True
grid_scan_paper,Grid Scan Paper,Tile_r040_c044,E3_imggen_deterministic,ImgGen mask,0,0.0,0,3,3,3.0,True,True,True
grid_scan_paper,Grid Scan Paper,Tile_r040_c047,E3_imggen_deterministic,ImgGen mask,0,0.0,0,5,5,5.0,True,True,True
grid_scan_paper,Grid Scan Paper,Tile_r040_c048,E3_imggen_deterministic,ImgGen mask,2,0.2,2,12,10,10.0,False,False,False
grid_scan_paper,Grid Scan Paper,Tile_r040_c049,E3_imggen_deterministic,ImgGen mask,4,1.3333,4,7,3,3.0,False,False,False
grid_scan_paper,Grid Scan Paper,Tile_r041_c029,E3_imggen_deterministic,ImgGen mask,0,0.0,0,1,1,1.0,True,True,True
grid_scan_paper,Grid Scan Paper,Tile_r041_c032,E3_imggen_deterministic,ImgGen mask,1,0.1429,-1,6,7,7.0,False,True,False
grid_scan_paper,Grid Scan Paper,Tile_r041_c033,E3_imggen_deterministic,ImgGen mask,1,0.3333,-1,2,3,3.0,False,True,False
grid_scan_paper,Grid Scan Paper,Tile_r041_c034,E3_imggen_deterministic,ImgGen mask,0,0.0,0,1,1,1.0,True,True,True
grid_scan_paper,Grid Scan Paper,Tile_r041_c035,E3_imggen_deterministic,ImgGen mask,2,0.5,2,6,4,4.0,False,False,False
grid_scan_paper,Grid Scan Paper,Tile_r041_c036,E3_imggen_deterministic,ImgGen mask,0,0.0,0,2,2,2.0,True,True,True
grid_scan_paper,Grid Scan Paper,Tile_r041_c037,E3_imggen_deterministic,ImgGen mask,0,0.0,0,6,6,6.0,True,True,True
grid_scan_paper,Grid Scan Paper,Tile_r041_c038,E3_imggen_deterministic,ImgGen mask,0,0.0,0,3,3,3.0,True,True,True
grid_scan_paper,Grid Scan Paper,Tile_r041_c039,E3_imggen_deterministic,ImgGen mask,7,0.875,7,15,8,8.0,False,False,False
grid_scan_paper,Grid Scan Paper,Tile_r041_c040,E3_imggen_deterministic,ImgGen mask,11,1.0,11,22,11,11.0,False,False,False
grid_scan_paper,Grid Scan Paper,Tile_r041_c041,E3_imggen_deterministic,ImgGen mask,1,0.2,1,6,5,5.0,False,True,False
grid_scan_paper,Grid Scan Paper,Tile_r041_c042,E3_imggen_deterministic,ImgGen mask,0,0.0,0,2,2,2.0,True,True,True
grid_scan_paper,Grid Scan Paper,Tile_r041_c044,E3_imggen_deterministic,ImgGen mask,0,0.0,0,2,2,2.0,True,True,True
grid_scan_paper,Grid Scan Paper,Tile_r041_c045,E3_imggen_deterministic,ImgGen mask,0,0.0,0,2,2,2.0,True,True,True
grid_scan_paper,Grid Scan Paper,Tile_r041_c046,E3_imggen_deterministic,ImgGen mask,0,0.0,0,4,4,4.0,True,True,True
grid_scan_paper,Grid Scan Paper,Tile_r041_c047,E3_imggen_deterministic,ImgGen mask,0,0.0,0,8,8,8.0,True,True,True
grid_scan_paper,Grid Scan Paper,Tile_r041_c048,E3_imggen_deterministic,ImgGen mask,0,0.0,0,6,6,6.0,True,True,True
grid_scan_paper,Grid Scan Paper,Tile_r042_c026,E3_imggen_deterministic,ImgGen mask,0,0.0,0,1,1,1.0,True,True,True
grid_scan_paper,Grid Scan Paper,Tile_r042_c029,E3_imggen_deterministic,ImgGen mask,0,0.0,0,1,1,1.0,True,True,True
grid_scan_paper,Grid Scan Paper,Tile_r042_c030,E3_imggen_deterministic,ImgGen mask,3,1.5,3,5,2,2.0,False,False,False
grid_scan_paper,Grid Scan Paper,Tile_r042_c031,E3_imggen_deterministic,ImgGen mask,0,0.0,0,2,2,2.0,True,True,True
grid_scan_paper,Grid Scan Paper,Tile_r042_c032,E3_imggen_deterministic,ImgGen mask,4,0.4444,4,13,9,9.0,False,False,False
grid_scan_paper,Grid Scan Paper,Tile_r042_c033,E3_imggen_deterministic,ImgGen mask,1,0.1667,1,7,6,6.0,False,True,False
grid_scan_paper,Grid Scan Paper,Tile_r042_c034,E3_imggen_deterministic,ImgGen mask,0,0.0,0,1,1,1.0,True,True,True
grid_scan_paper,Grid Scan Paper,Tile_r042_c035,E3_imggen_deterministic,ImgGen mask,2,0.3333,2,8,6,6.0,False,False,False
grid_scan_paper,Grid Scan Paper,Tile_r042_c036,E3_imggen_deterministic,ImgGen mask,0,0.0,0,2,2,2.0,True,True,True
grid_scan_paper,Grid Scan Paper,Tile_r042_c038,E3_imggen_deterministic,ImgGen mask,2,0.5,2,6,4,4.0,False,False,False
grid_scan_paper,Grid Scan Paper,Tile_r042_c039,E3_imggen_deterministic,ImgGen mask,3,0.2727,3,14,11,11.0,False,False,False
grid_scan_paper,Grid Scan Paper,Tile_r042_c040,E3_imggen_deterministic,ImgGen mask,3,1.0,3,6,3,3.0,False,False,False
grid_scan_paper,Grid Scan Paper,Tile_r042_c042,E3_imggen_deterministic,ImgGen mask,1,0.1667,-1,5,6,6.0,False,True,False
grid_scan_paper,Grid Scan Paper,Tile_r042_c045,E3_imggen_deterministic,ImgGen mask,1,0.2,-1,4,5,5.0,False,True,False
grid_scan_paper,Grid Scan Paper,Tile_r042_c046,E3_imggen_deterministic,ImgGen mask,1,0.3333,1,4,3,3.0,False,True,False
grid_scan_paper,Grid Scan Paper,Tile_r042_c047,E3_imggen_deterministic,ImgGen mask,2,0.4,2,7,5,5.0,False,False,False
grid_scan_paper,Grid Scan Paper,Tile_r042_c048,E3_imggen_deterministic,ImgGen mask,1,0.25,1,5,4,4.0,False,True,False
grid_scan_paper,Grid Scan Paper,Tile_r042_c049,E3_imggen_deterministic,ImgGen mask,2,0.6667,2,5,3,3.0,False,False,False
grid_scan_paper,Grid Scan Paper,Tile_r043_c027,E3_imggen_deterministic,ImgGen mask,1,0.5,1,3,2,2.0,False,True,False
grid_scan_paper,Grid Scan Paper,Tile_r043_c028,E3_imggen_deterministic,ImgGen mask,0,0.0,0,2,2,2.0,True,True,True
grid_scan_paper,Grid Scan Paper,Tile_r043_c029,E3_imggen_deterministic,ImgGen mask,1,0.3333,1,4,3,3.0,False,True,False
grid_scan_paper,Grid Scan Paper,Tile_r043_c030,E3_imggen_deterministic,ImgGen mask,1,0.2,1,6,5,5.0,False,True,False
grid_scan_paper,Grid Scan Paper,Tile_r043_c031,E3_imggen_deterministic,ImgGen mask,3,0.75,3,7,4,4.0,False,False,False
grid_scan_paper,Grid Scan Paper,Tile_r043_c032,E3_imggen_deterministic,ImgGen mask,5,0.7143,5,12,7,7.0,False,False,False
grid_scan_paper,Grid Scan Paper,Tile_r043_c033,E3_imggen_deterministic,ImgGen mask,3,0.375,3,11,8,8.0,False,False,False
grid_scan_paper,Grid Scan Paper,Tile_r043_c034,E3_imggen_deterministic,ImgGen mask,0,0.0,0,2,2,2.0,True,True,True
grid_scan_paper,Grid Scan Paper,Tile_r043_c035,E3_imggen_deterministic,ImgGen mask,0,0.0,0,3,3,3.0,True,True,True
grid_scan_paper,Grid Scan Paper,Tile_r043_c037,E3_imggen_deterministic,ImgGen mask,0,0.0,0,1,1,1.0,True,True,True
grid_scan_paper,Grid Scan Paper,Tile_r043_c038,E3_imggen_deterministic,ImgGen mask,0,0.0,0,7,7,7.0,True,True,True
grid_scan_paper,Grid Scan Paper,Tile_r043_c040,E3_imggen_deterministic,ImgGen mask,0,0.0,0,3,3,3.0,True,True,True
grid_scan_paper,Grid Scan Paper,Tile_r043_c041,E3_imggen_deterministic,ImgGen mask,0,0.0,0,3,3,3.0,True,True,True
grid_scan_paper,Grid Scan Paper,Tile_r043_c042,E3_imggen_deterministic,ImgGen mask,0,0.0,0,5,5,5.0,True,True,True
grid_scan_paper,Grid Scan Paper,Tile_r043_c043,E3_imggen_deterministic,ImgGen mask,0,0.0,0,3,3,3.0,True,True,True
grid_scan_paper,Grid Scan Paper,Tile_r043_c044,E3_imggen_deterministic,ImgGen mask,1,0.1667,-1,5,6,6.0,False,True,False
grid_scan_paper,Grid Scan Paper,Tile_r043_c045,E3_imggen_deterministic,ImgGen mask,1,0.1667,1,7,6,6.0,False,True,False
grid_scan_paper,Grid Scan Paper,Tile_r043_c046,E3_imggen_deterministic,ImgGen mask,1,0.3333,1,4,3,3.0,False,True,False
grid_scan_paper,Grid Scan Paper,Tile_r043_c047,E3_imggen_deterministic,ImgGen mask,0,0.0,0,2,2,2.0,True,True,True
grid_scan_paper,Grid Scan Paper,Tile_r043_c048,E3_imggen_deterministic,ImgGen mask,0,0.0,0,4,4,4.0,True,True,True
grid_scan_paper,Grid Scan Paper,Tile_r043_c049,E3_imggen_deterministic,ImgGen mask,2,0.4,2,7,5,5.0,False,False,False
grid_scan_paper,Grid Scan Paper,Tile_r044_c028,E3_imggen_deterministic,ImgGen mask,0,0.0,0,2,2,2.0,True,True,True
grid_scan_paper,Grid Scan Paper,Tile_r044_c029,E3_imggen_deterministic,ImgGen mask,0,0.0,0,2,2,2.0,True,True,True
grid_scan_paper,Grid Scan Paper,Tile_r044_c030,E3_imggen_deterministic,ImgGen mask,1,0.1429,-1,6,7,7.0,False,True,False
grid_scan_paper,Grid Scan Paper,Tile_r044_c031,E3_imggen_deterministic,ImgGen mask,8,0.7273,8,19,11,11.0,False,False,False
grid_scan_paper,Grid Scan Paper,Tile_r044_c032,E3_imggen_deterministic,ImgGen mask,0,0.0,0,6,6,6.0,True,True,True
grid_scan_paper,Grid Scan Paper,Tile_r044_c033,E3_imggen_deterministic,ImgGen mask,3,0.6,3,8,5,5.0,False,False,False
grid_scan_paper,Grid Scan Paper,Tile_r044_c036,E3_imggen_deterministic,ImgGen mask,0,0.0,0,1,1,1.0,True,True,True
grid_scan_paper,Grid Scan Paper,Tile_r044_c038,E3_imggen_deterministic,ImgGen mask,0,0.0,0,1,1,1.0,True,True,True
grid_scan_paper,Grid Scan Paper,Tile_r044_c039,E3_imggen_deterministic,ImgGen mask,2,0.4,2,7,5,5.0,False,False,False
grid_scan_paper,Grid Scan Paper,Tile_r044_c041,E3_imggen_deterministic,ImgGen mask,0,0.0,0,1,1,1.0,True,True,True
grid_scan_paper,Grid Scan Paper,Tile_r044_c042,E3_imggen_deterministic,ImgGen mask,1,0.25,1,5,4,4.0,False,True,False
grid_scan_paper,Grid Scan Paper,Tile_r044_c043,E3_imggen_deterministic,ImgGen mask,0,0.0,0,4,4,4.0,True,True,True
grid_scan_paper,Grid Scan Paper,Tile_r044_c044,E3_imggen_deterministic,ImgGen mask,0,0.0,0,3,3,3.0,True,True,True
grid_scan_paper,Grid Scan Paper,Tile_r044_c045,E3_imggen_deterministic,ImgGen mask,1,0.25,1,5,4,4.0,False,True,False
grid_scan_paper,Grid Scan Paper,Tile_r044_c047,E3_imggen_deterministic,ImgGen mask,1,0.1667,1,7,6,6.0,False,True,False
grid_scan_paper,Grid Scan Paper,Tile_r044_c048,E3_imggen_deterministic,ImgGen mask,0,0.0,0,2,2,2.0,True,True,True
grid_scan_paper,Grid Scan Paper,Tile_r045_c027,E3_imggen_deterministic,ImgGen mask,0,0.0,0,4,4,4.0,True,True,True
grid_scan_paper,Grid Scan Paper,Tile_r045_c028,E3_imggen_deterministic,ImgGen mask,1,0.2,-1,4,5,5.0,False,True,False
grid_scan_paper,Grid Scan Paper,Tile_r045_c030,E3_imggen_deterministic,ImgGen mask,0,0.0,0,3,3,3.0,True,True,True
grid_scan_paper,Grid Scan Paper,Tile_r045_c031,E3_imggen_deterministic,ImgGen mask,0,0.0,0,4,4,4.0,True,True,True
grid_scan_paper,Grid Scan Paper,Tile_r045_c032,E3_imggen_deterministic,ImgGen mask,2,0.4,-2,3,5,5.0,False,False,False
grid_scan_paper,Grid Scan Paper,Tile_r045_c035,E3_imggen_deterministic,ImgGen mask,0,0.0,0,1,1,1.0,True,True,True
grid_scan_paper,Grid Scan Paper,Tile_r045_c036,E3_imggen_deterministic,ImgGen mask,0,0.0,0,3,3,3.0,True,True,True
grid_scan_paper,Grid Scan Paper,Tile_r045_c037,E3_imggen_deterministic,ImgGen mask,0,0.0,0,3,3,3.0,True,True,True
grid_scan_paper,Grid Scan Paper,Tile_r045_c038,E3_imggen_deterministic,ImgGen mask,0,0.0,0,1,1,1.0,True,True,True
grid_scan_paper,Grid Scan Paper,Tile_r045_c039,E3_imggen_deterministic,ImgGen mask,3,1.0,3,6,3,3.0,False,False,False
grid_scan_paper,Grid Scan Paper,Tile_r045_c041,E3_imggen_deterministic,ImgGen mask,0,0.0,0,5,5,5.0,True,True,True
grid_scan_paper,Grid Scan Paper,Tile_r045_c043,E3_imggen_deterministic,ImgGen mask,5,0.5,5,15,10,10.0,False,False,False
grid_scan_paper,Grid Scan Paper,Tile_r045_c044,E3_imggen_deterministic,ImgGen mask,10,1.25,10,18,8,8.0,False,False,False
grid_scan_paper,Grid Scan Paper,Tile_r045_c045,E3_imggen_deterministic,ImgGen mask,2,2.0,2,3,1,1.0,False,False,False
grid_scan_paper,Grid Scan Paper,Tile_r045_c047,E3_imggen_deterministic,ImgGen mask,0,0.0,0,1,1,1.0,True,True,True
grid_scan_paper,Grid Scan Paper,Tile_r045_c048,E3_imggen_deterministic,ImgGen mask,0,0.0,0,1,1,1.0,True,True,True
grid_scan_paper,Grid Scan Paper,Tile_r045_c049,E3_imggen_deterministic,ImgGen mask,0,0.0,0,1,1,1.0,True,True,True
grid_scan_paper,Grid Scan Paper,Tile_r046_c026,E3_imggen_deterministic,ImgGen mask,2,1.0,2,4,2,2.0,False,False,False
grid_scan_paper,Grid Scan Paper,Tile_r046_c027,E3_imggen_deterministic,ImgGen mask,0,0.0,0,8,8,8.0,True,True,True
grid_scan_paper,Grid Scan Paper,Tile_r046_c028,E3_imggen_deterministic,ImgGen mask,1,0.1111,1,10,9,9.0,False,True,False
grid_scan_paper,Grid Scan Paper,Tile_r046_c029,E3_imggen_deterministic,ImgGen mask,0,0.0,0,5,5,5.0,True,True,True
grid_scan_paper,Grid Scan Paper,Tile_r046_c030,E3_imggen_deterministic,ImgGen mask,0,0.0,0,3,3,3.0,True,True,True
grid_scan_paper,Grid Scan Paper,Tile_r046_c032,E3_imggen_deterministic,ImgGen mask,1,0.25,1,5,4,4.0,False,True,False
grid_scan_paper,Grid Scan Paper,Tile_r046_c034,E3_imggen_deterministic,ImgGen mask,0,0.0,0,2,2,2.0,True,True,True
grid_scan_paper,Grid Scan Paper,Tile_r046_c036,E3_imggen_deterministic,ImgGen mask,0,0.0,0,4,4,4.0,True,True,True
grid_scan_paper,Grid Scan Paper,Tile_r046_c038,E3_imggen_deterministic,ImgGen mask,1,0.3333,1,4,3,3.0,False,True,False
grid_scan_paper,Grid Scan Paper,Tile_r046_c040,E3_imggen_deterministic,ImgGen mask,0,0.0,0,3,3,3.0,True,True,True
grid_scan_paper,Grid Scan Paper,Tile_r046_c041,E3_imggen_deterministic,ImgGen mask,0,0.0,0,6,6,6.0,True,True,True
grid_scan_paper,Grid Scan Paper,Tile_r046_c042,E3_imggen_deterministic,ImgGen mask,3,3.0,3,4,1,1.0,False,False,False
grid_scan_paper,Grid Scan Paper,Tile_r046_c043,E3_imggen_deterministic,ImgGen mask,6,0.75,6,14,8,8.0,False,False,False
grid_scan_paper,Grid Scan Paper,Tile_r046_c045,E3_imggen_deterministic,ImgGen mask,2,0.6667,-2,1,3,3.0,False,False,False
grid_scan_paper,Grid Scan Paper,Tile_r046_c048,E3_imggen_deterministic,ImgGen mask,0,0.0,0,1,1,1.0,True,True,True
grid_scan_paper,Grid Scan Paper,Tile_r036_c026,E4_sam2_overlay_vlm,SAM2 overlay,4,0.6667,4,10,6,6.0,False,False,False
grid_scan_paper,Grid Scan Paper,Tile_r036_c027,E4_sam2_overlay_vlm,SAM2 overlay,1,1.0,1,2,1,1.0,False,True,False
grid_scan_paper,Grid Scan Paper,Tile_r036_c031,E4_sam2_overlay_vlm,SAM2 overlay,3,3.0,3,4,1,1.0,False,False,False
grid_scan_paper,Grid Scan Paper,Tile_r036_c040,E4_sam2_overlay_vlm,SAM2 overlay,3,1.5,3,5,2,2.0,False,False,False
grid_scan_paper,Grid Scan Paper,Tile_r036_c041,E4_sam2_overlay_vlm,SAM2 overlay,1,0.25,1,5,4,4.0,False,True,False
grid_scan_paper,Grid Scan Paper,Tile_r036_c042,E4_sam2_overlay_vlm,SAM2 overlay,2,2.0,2,3,1,1.0,False,False,False
grid_scan_paper,Grid Scan Paper,Tile_r036_c044,E4_sam2_overlay_vlm,SAM2 overlay,1,0.1429,-1,6,7,7.0,False,True,False
grid_scan_paper,Grid Scan Paper,Tile_r036_c047,E4_sam2_overlay_vlm,SAM2 overlay,2,1.0,2,4,2,2.0,False,False,False
grid_scan_paper,Grid Scan Paper,Tile_r036_c048,E4_sam2_overlay_vlm,SAM2 overlay,1,1.0,1,2,1,1.0,False,True,False
grid_scan_paper,Grid Scan Paper,Tile_r036_c049,E4_sam2_overlay_vlm,SAM2 overlay,7,1.4,7,12,5,5.0,False,False,False
grid_scan_paper,Grid Scan Paper,Tile_r037_c026,E4_sam2_overlay_vlm,SAM2 overlay,2,0.6667,2,5,3,3.0,False,False,False
grid_scan_paper,Grid Scan Paper,Tile_r037_c028,E4_sam2_overlay_vlm,SAM2 overlay,3,1.0,3,6,3,3.0,False,False,False
grid_scan_paper,Grid Scan Paper,Tile_r037_c032,E4_sam2_overlay_vlm,SAM2 overlay,3,3.0,3,4,1,1.0,False,False,False
grid_scan_paper,Grid Scan Paper,Tile_r037_c037,E4_sam2_overlay_vlm,SAM2 overlay,3,0.4286,-3,4,7,7.0,False,False,False
grid_scan_paper,Grid Scan Paper,Tile_r037_c044,E4_sam2_overlay_vlm,SAM2 overlay,12,0.6667,12,30,18,18.0,False,False,False
grid_scan_paper,Grid Scan Paper,Tile_r037_c046,E4_sam2_overlay_vlm,SAM2 overlay,10,1.25,10,18,8,8.0,False,False,False
grid_scan_paper,Grid Scan Paper,Tile_r037_c047,E4_sam2_overlay_vlm,SAM2 overlay,5,0.625,-5,3,8,8.0,False,False,False
grid_scan_paper,Grid Scan Paper,Tile_r037_c048,E4_sam2_overlay_vlm,SAM2 overlay,4,0.6667,4,10,6,6.0,False,False,False
grid_scan_paper,Grid Scan Paper,Tile_r037_c049,E4_sam2_overlay_vlm,SAM2 overlay,4,0.8,4,9,5,5.0,False,False,False
grid_scan_paper,Grid Scan Paper,Tile_r038_c028,E4_sam2_overlay_vlm,SAM2 overlay,0,0.0,0,1,1,1.0,True,True,True
grid_scan_paper,Grid Scan Paper,Tile_r038_c031,E4_sam2_overlay_vlm,SAM2 overlay,2,1.0,2,4,2,2.0,False,False,False
grid_scan_paper,Grid Scan Paper,Tile_r038_c036,E4_sam2_overlay_vlm,SAM2 overlay,10,0.9091,10,21,11,11.0,False,False,False
grid_scan_paper,Grid Scan Paper,Tile_r038_c038,E4_sam2_overlay_vlm,SAM2 overlay,1,1.0,1,2,1,1.0,False,True,False
grid_scan_paper,Grid Scan Paper,Tile_r038_c042,E4_sam2_overlay_vlm,SAM2 overlay,4,1.3333,4,7,3,3.0,False,False,False
grid_scan_paper,Grid Scan Paper,Tile_r038_c043,E4_sam2_overlay_vlm,SAM2 overlay,2,1.0,2,4,2,2.0,False,False,False
grid_scan_paper,Grid Scan Paper,Tile_r038_c044,E4_sam2_overlay_vlm,SAM2 overlay,1,0.2,1,6,5,5.0,False,True,False
grid_scan_paper,Grid Scan Paper,Tile_r038_c045,E4_sam2_overlay_vlm,SAM2 overlay,14,4.6667,14,17,3,3.0,False,False,False
grid_scan_paper,Grid Scan Paper,Tile_r038_c046,E4_sam2_overlay_vlm,SAM2 overlay,14,2.8,14,19,5,5.0,False,False,False
grid_scan_paper,Grid Scan Paper,Tile_r038_c047,E4_sam2_overlay_vlm,SAM2 overlay,18,2.0,18,27,9,9.0,False,False,False
grid_scan_paper,Grid Scan Paper,Tile_r038_c048,E4_sam2_overlay_vlm,SAM2 overlay,1,0.1,1,11,10,10.0,False,True,True
grid_scan_paper,Grid Scan Paper,Tile_r038_c049,E4_sam2_overlay_vlm,SAM2 overlay,17,1.8889,17,26,9,9.0,False,False,False
grid_scan_paper,Grid Scan Paper,Tile_r039_c031,E4_sam2_overlay_vlm,SAM2 overlay,10,2.5,10,14,4,4.0,False,False,False
grid_scan_paper,Grid Scan Paper,Tile_r039_c034,E4_sam2_overlay_vlm,SAM2 overlay,5,5.0,5,6,1,1.0,False,False,False
grid_scan_paper,Grid Scan Paper,Tile_r039_c036,E4_sam2_overlay_vlm,SAM2 overlay,4,0.8,4,9,5,5.0,False,False,False
grid_scan_paper,Grid Scan Paper,Tile_r039_c038,E4_sam2_overlay_vlm,SAM2 overlay,0,0.0,0,1,1,1.0,True,True,True
grid_scan_paper,Grid Scan Paper,Tile_r039_c039,E4_sam2_overlay_vlm,SAM2 overlay,4,4.0,4,5,1,1.0,False,False,False
grid_scan_paper,Grid Scan Paper,Tile_r039_c040,E4_sam2_overlay_vlm,SAM2 overlay,6,1.5,6,10,4,4.0,False,False,False
grid_scan_paper,Grid Scan Paper,Tile_r039_c041,E4_sam2_overlay_vlm,SAM2 overlay,8,2.0,8,12,4,4.0,False,False,False
grid_scan_paper,Grid Scan Paper,Tile_r039_c042,E4_sam2_overlay_vlm,SAM2 overlay,3,0.75,3,7,4,4.0,False,False,False
grid_scan_paper,Grid Scan Paper,Tile_r039_c043,E4_sam2_overlay_vlm,SAM2 overlay,1,0.5,1,3,2,2.0,False,True,False
grid_scan_paper,Grid Scan Paper,Tile_r039_c044,E4_sam2_overlay_vlm,SAM2 overlay,11,1.2222,11,20,9,9.0,False,False,False
grid_scan_paper,Grid Scan Paper,Tile_r039_c045,E4_sam2_overlay_vlm,SAM2 overlay,3,0.6,3,8,5,5.0,False,False,False
grid_scan_paper,Grid Scan Paper,Tile_r039_c046,E4_sam2_overlay_vlm,SAM2 overlay,8,0.6667,8,20,12,12.0,False,False,False
grid_scan_paper,Grid Scan Paper,Tile_r039_c047,E4_sam2_overlay_vlm,SAM2 overlay,30,3.3333,30,39,9,9.0,False,False,False
grid_scan_paper,Grid Scan Paper,Tile_r039_c048,E4_sam2_overlay_vlm,SAM2 overlay,32,2.6667,32,44,12,12.0,False,False,False
grid_scan_paper,Grid Scan Paper,Tile_r039_c049,E4_sam2_overlay_vlm,SAM2 overlay,8,1.1429,8,15,7,7.0,False,False,False
grid_scan_paper,Grid Scan Paper,Tile_r040_c028,E4_sam2_overlay_vlm,SAM2 overlay,2,2.0,2,3,1,1.0,False,False,False
grid_scan_paper,Grid Scan Paper,Tile_r040_c029,E4_sam2_overlay_vlm,SAM2 overlay,7,1.1667,7,13,6,6.0,False,False,False
grid_scan_paper,Grid Scan Paper,Tile_r040_c035,E4_sam2_overlay_vlm,SAM2 overlay,2,0.6667,2,5,3,3.0,False,False,False
grid_scan_paper,Grid Scan Paper,Tile_r040_c036,E4_sam2_overlay_vlm,SAM2 overlay,1,0.2,-1,4,5,5.0,False,True,False
grid_scan_paper,Grid Scan Paper,Tile_r040_c038,E4_sam2_overlay_vlm,SAM2 overlay,10,3.3333,10,13,3,3.0,False,False,False
grid_scan_paper,Grid Scan Paper,Tile_r040_c039,E4_sam2_overlay_vlm,SAM2 overlay,0,0.0,0,3,3,3.0,True,True,True
grid_scan_paper,Grid Scan Paper,Tile_r040_c040,E4_sam2_overlay_vlm,SAM2 overlay,1,0.3333,1,4,3,3.0,False,True,False
grid_scan_paper,Grid Scan Paper,Tile_r040_c041,E4_sam2_overlay_vlm,SAM2 overlay,8,2.0,8,12,4,4.0,False,False,False
grid_scan_paper,Grid Scan Paper,Tile_r040_c043,E4_sam2_overlay_vlm,SAM2 overlay,1,0.5,1,3,2,2.0,False,True,False
grid_scan_paper,Grid Scan Paper,Tile_r040_c044,E4_sam2_overlay_vlm,SAM2 overlay,6,2.0,6,9,3,3.0,False,False,False
grid_scan_paper,Grid Scan Paper,Tile_r040_c047,E4_sam2_overlay_vlm,SAM2 overlay,6,1.2,6,11,5,5.0,False,False,False
grid_scan_paper,Grid Scan Paper,Tile_r040_c048,E4_sam2_overlay_vlm,SAM2 overlay,11,1.1,11,21,10,10.0,False,False,False
grid_scan_paper,Grid Scan Paper,Tile_r040_c049,E4_sam2_overlay_vlm,SAM2 overlay,6,2.0,6,9,3,3.0,False,False,False
grid_scan_paper,Grid Scan Paper,Tile_r041_c029,E4_sam2_overlay_vlm,SAM2 overlay,1,1.0,1,2,1,1.0,False,True,False
grid_scan_paper,Grid Scan Paper,Tile_r041_c032,E4_sam2_overlay_vlm,SAM2 overlay,1,0.1429,1,8,7,7.0,False,True,False
grid_scan_paper,Grid Scan Paper,Tile_r041_c033,E4_sam2_overlay_vlm,SAM2 overlay,1,0.3333,1,4,3,3.0,False,True,False
grid_scan_paper,Grid Scan Paper,Tile_r041_c034,E4_sam2_overlay_vlm,SAM2 overlay,8,8.0,8,9,1,1.0,False,False,False
grid_scan_paper,Grid Scan Paper,Tile_r041_c035,E4_sam2_overlay_vlm,SAM2 overlay,9,2.25,9,13,4,4.0,False,False,False
grid_scan_paper,Grid Scan Paper,Tile_r041_c036,E4_sam2_overlay_vlm,SAM2 overlay,2,1.0,2,4,2,2.0,False,False,False
grid_scan_paper,Grid Scan Paper,Tile_r041_c037,E4_sam2_overlay_vlm,SAM2 overlay,16,2.6667,16,22,6,6.0,False,False,False
grid_scan_paper,Grid Scan Paper,Tile_r041_c038,E4_sam2_overlay_vlm,SAM2 overlay,1,0.3333,1,4,3,3.0,False,True,False
grid_scan_paper,Grid Scan Paper,Tile_r041_c039,E4_sam2_overlay_vlm,SAM2 overlay,18,2.25,18,26,8,8.0,False,False,False
grid_scan_paper,Grid Scan Paper,Tile_r041_c040,E4_sam2_overlay_vlm,SAM2 overlay,17,1.5455,17,28,11,11.0,False,False,False
grid_scan_paper,Grid Scan Paper,Tile_r041_c041,E4_sam2_overlay_vlm,SAM2 overlay,4,0.8,4,9,5,5.0,False,False,False
grid_scan_paper,Grid Scan Paper,Tile_r041_c042,E4_sam2_overlay_vlm,SAM2 overlay,3,1.5,3,5,2,2.0,False,False,False
grid_scan_paper,Grid Scan Paper,Tile_r041_c044,E4_sam2_overlay_vlm,SAM2 overlay,0,0.0,0,2,2,2.0,True,True,True
grid_scan_paper,Grid Scan Paper,Tile_r041_c045,E4_sam2_overlay_vlm,SAM2 overlay,0,0.0,0,2,2,2.0,True,True,True
grid_scan_paper,Grid Scan Paper,Tile_r041_c046,E4_sam2_overlay_vlm,SAM2 overlay,2,0.5,2,6,4,4.0,False,False,False
grid_scan_paper,Grid Scan Paper,Tile_r041_c047,E4_sam2_overlay_vlm,SAM2 overlay,7,0.875,7,15,8,8.0,False,False,False
grid_scan_paper,Grid Scan Paper,Tile_r041_c048,E4_sam2_overlay_vlm,SAM2 overlay,2,0.3333,2,8,6,6.0,False,False,False
grid_scan_paper,Grid Scan Paper,Tile_r042_c026,E4_sam2_overlay_vlm,SAM2 overlay,1,1.0,1,2,1,1.0,False,True,False
grid_scan_paper,Grid Scan Paper,Tile_r042_c029,E4_sam2_overlay_vlm,SAM2 overlay,0,0.0,0,1,1,1.0,True,True,True
grid_scan_paper,Grid Scan Paper,Tile_r042_c030,E4_sam2_overlay_vlm,SAM2 overlay,3,1.5,3,5,2,2.0,False,False,False
grid_scan_paper,Grid Scan Paper,Tile_r042_c031,E4_sam2_overlay_vlm,SAM2 overlay,1,0.5,1,3,2,2.0,False,True,False
grid_scan_paper,Grid Scan Paper,Tile_r042_c032,E4_sam2_overlay_vlm,SAM2 overlay,21,2.3333,21,30,9,9.0,False,False,False
grid_scan_paper,Grid Scan Paper,Tile_r042_c033,E4_sam2_overlay_vlm,SAM2 overlay,4,0.6667,4,10,6,6.0,False,False,False
grid_scan_paper,Grid Scan Paper,Tile_r042_c034,E4_sam2_overlay_vlm,SAM2 overlay,1,1.0,1,2,1,1.0,False,True,False
grid_scan_paper,Grid Scan Paper,Tile_r042_c035,E4_sam2_overlay_vlm,SAM2 overlay,6,1.0,6,12,6,6.0,False,False,False
grid_scan_paper,Grid Scan Paper,Tile_r042_c036,E4_sam2_overlay_vlm,SAM2 overlay,2,1.0,2,4,2,2.0,False,False,False
grid_scan_paper,Grid Scan Paper,Tile_r042_c038,E4_sam2_overlay_vlm,SAM2 overlay,6,1.5,6,10,4,4.0,False,False,False
grid_scan_paper,Grid Scan Paper,Tile_r042_c039,E4_sam2_overlay_vlm,SAM2 overlay,26,2.3636,26,37,11,11.0,False,False,False
grid_scan_paper,Grid Scan Paper,Tile_r042_c040,E4_sam2_overlay_vlm,SAM2 overlay,4,1.3333,4,7,3,3.0,False,False,False
grid_scan_paper,Grid Scan Paper,Tile_r042_c042,E4_sam2_overlay_vlm,SAM2 overlay,1,0.1667,-1,5,6,6.0,False,True,False
grid_scan_paper,Grid Scan Paper,Tile_r042_c045,E4_sam2_overlay_vlm,SAM2 overlay,3,0.6,3,8,5,5.0,False,False,False
grid_scan_paper,Grid Scan Paper,Tile_r042_c046,E4_sam2_overlay_vlm,SAM2 overlay,5,1.6667,5,8,3,3.0,False,False,False
grid_scan_paper,Grid Scan Paper,Tile_r042_c047,E4_sam2_overlay_vlm,SAM2 overlay,1,0.2,1,6,5,5.0,False,True,False
grid_scan_paper,Grid Scan Paper,Tile_r042_c048,E4_sam2_overlay_vlm,SAM2 overlay,0,0.0,0,4,4,4.0,True,True,True
grid_scan_paper,Grid Scan Paper,Tile_r042_c049,E4_sam2_overlay_vlm,SAM2 overlay,3,1.0,3,6,3,3.0,False,False,False
grid_scan_paper,Grid Scan Paper,Tile_r043_c027,E4_sam2_overlay_vlm,SAM2 overlay,3,1.5,3,5,2,2.0,False,False,False
grid_scan_paper,Grid Scan Paper,Tile_r043_c028,E4_sam2_overlay_vlm,SAM2 overlay,0,0.0,0,2,2,2.0,True,True,True
grid_scan_paper,Grid Scan Paper,Tile_r043_c029,E4_sam2_overlay_vlm,SAM2 overlay,3,1.0,3,6,3,3.0,False,False,False
grid_scan_paper,Grid Scan Paper,Tile_r043_c030,E4_sam2_overlay_vlm,SAM2 overlay,2,0.4,2,7,5,5.0,False,False,False
grid_scan_paper,Grid Scan Paper,Tile_r043_c031,E4_sam2_overlay_vlm,SAM2 overlay,6,1.5,6,10,4,4.0,False,False,False
grid_scan_paper,Grid Scan Paper,Tile_r043_c032,E4_sam2_overlay_vlm,SAM2 overlay,15,2.1429,15,22,7,7.0,False,False,False
grid_scan_paper,Grid Scan Paper,Tile_r043_c033,E4_sam2_overlay_vlm,SAM2 overlay,19,2.375,19,27,8,8.0,False,False,False
grid_scan_paper,Grid Scan Paper,Tile_r043_c034,E4_sam2_overlay_vlm,SAM2 overlay,0,0.0,0,2,2,2.0,True,True,True
grid_scan_paper,Grid Scan Paper,Tile_r043_c035,E4_sam2_overlay_vlm,SAM2 overlay,1,0.3333,1,4,3,3.0,False,True,False
grid_scan_paper,Grid Scan Paper,Tile_r043_c037,E4_sam2_overlay_vlm,SAM2 overlay,0,0.0,0,1,1,1.0,True,True,True
grid_scan_paper,Grid Scan Paper,Tile_r043_c038,E4_sam2_overlay_vlm,SAM2 overlay,2,0.2857,2,9,7,7.0,False,False,False
grid_scan_paper,Grid Scan Paper,Tile_r043_c040,E4_sam2_overlay_vlm,SAM2 overlay,1,0.3333,1,4,3,3.0,False,True,False
grid_scan_paper,Grid Scan Paper,Tile_r043_c041,E4_sam2_overlay_vlm,SAM2 overlay,2,0.6667,2,5,3,3.0,False,False,False
grid_scan_paper,Grid Scan Paper,Tile_r043_c042,E4_sam2_overlay_vlm,SAM2 overlay,0,0.0,0,5,5,5.0,True,True,True
grid_scan_paper,Grid Scan Paper,Tile_r043_c043,E4_sam2_overlay_vlm,SAM2 overlay,2,0.6667,2,5,3,3.0,False,False,False
grid_scan_paper,Grid Scan Paper,Tile_r043_c044,E4_sam2_overlay_vlm,SAM2 overlay,0,0.0,0,6,6,6.0,True,True,True
grid_scan_paper,Grid Scan Paper,Tile_r043_c045,E4_sam2_overlay_vlm,SAM2 overlay,1,0.1667,1,7,6,6.0,False,True,False
grid_scan_paper,Grid Scan Paper,Tile_r043_c046,E4_sam2_overlay_vlm,SAM2 overlay,1,0.3333,1,4,3,3.0,False,True,False
grid_scan_paper,Grid Scan Paper,Tile_r043_c047,E4_sam2_overlay_vlm,SAM2 overlay,2,1.0,2,4,2,2.0,False,False,False
grid_scan_paper,Grid Scan Paper,Tile_r043_c048,E4_sam2_overlay_vlm,SAM2 overlay,4,1.0,4,8,4,4.0,False,False,False
grid_scan_paper,Grid Scan Paper,Tile_r043_c049,E4_sam2_overlay_vlm,SAM2 overlay,3,0.6,3,8,5,5.0,False,False,False
grid_scan_paper,Grid Scan Paper,Tile_r044_c028,E4_sam2_overlay_vlm,SAM2 overlay,3,1.5,3,5,2,2.0,False,False,False
grid_scan_paper,Grid Scan Paper,Tile_r044_c029,E4_sam2_overlay_vlm,SAM2 overlay,3,1.5,3,5,2,2.0,False,False,False
grid_scan_paper,Grid Scan Paper,Tile_r044_c030,E4_sam2_overlay_vlm,SAM2 overlay,11,1.5714,11,18,7,7.0,False,False,False
grid_scan_paper,Grid Scan Paper,Tile_r044_c031,E4_sam2_overlay_vlm,SAM2 overlay,4,0.3636,4,15,11,11.0,False,False,False
grid_scan_paper,Grid Scan Paper,Tile_r044_c032,E4_sam2_overlay_vlm,SAM2 overlay,1,0.1667,1,7,6,6.0,False,True,False
grid_scan_paper,Grid Scan Paper,Tile_r044_c033,E4_sam2_overlay_vlm,SAM2 overlay,13,2.6,13,18,5,5.0,False,False,False
grid_scan_paper,Grid Scan Paper,Tile_r044_c036,E4_sam2_overlay_vlm,SAM2 overlay,5,5.0,5,6,1,1.0,False,False,False
grid_scan_paper,Grid Scan Paper,Tile_r044_c038,E4_sam2_overlay_vlm,SAM2 overlay,3,3.0,3,4,1,1.0,False,False,False
grid_scan_paper,Grid Scan Paper,Tile_r044_c039,E4_sam2_overlay_vlm,SAM2 overlay,2,0.4,2,7,5,5.0,False,False,False
grid_scan_paper,Grid Scan Paper,Tile_r044_c041,E4_sam2_overlay_vlm,SAM2 overlay,0,0.0,0,1,1,1.0,True,True,True
grid_scan_paper,Grid Scan Paper,Tile_r044_c042,E4_sam2_overlay_vlm,SAM2 overlay,2,0.5,2,6,4,4.0,False,False,False
grid_scan_paper,Grid Scan Paper,Tile_r044_c043,E4_sam2_overlay_vlm,SAM2 overlay,2,0.5,2,6,4,4.0,False,False,False
grid_scan_paper,Grid Scan Paper,Tile_r044_c044,E4_sam2_overlay_vlm,SAM2 overlay,0,0.0,0,3,3,3.0,True,True,True
grid_scan_paper,Grid Scan Paper,Tile_r044_c045,E4_sam2_overlay_vlm,SAM2 overlay,3,0.75,3,7,4,4.0,False,False,False
grid_scan_paper,Grid Scan Paper,Tile_r044_c047,E4_sam2_overlay_vlm,SAM2 overlay,12,2.0,12,18,6,6.0,False,False,False
grid_scan_paper,Grid Scan Paper,Tile_r044_c048,E4_sam2_overlay_vlm,SAM2 overlay,1,0.5,1,3,2,2.0,False,True,False
grid_scan_paper,Grid Scan Paper,Tile_r045_c027,E4_sam2_overlay_vlm,SAM2 overlay,5,1.25,5,9,4,4.0,False,False,False
grid_scan_paper,Grid Scan Paper,Tile_r045_c028,E4_sam2_overlay_vlm,SAM2 overlay,18,3.6,18,23,5,5.0,False,False,False
grid_scan_paper,Grid Scan Paper,Tile_r045_c030,E4_sam2_overlay_vlm,SAM2 overlay,0,0.0,0,3,3,3.0,True,True,True
grid_scan_paper,Grid Scan Paper,Tile_r045_c031,E4_sam2_overlay_vlm,SAM2 overlay,1,0.25,1,5,4,4.0,False,True,False
grid_scan_paper,Grid Scan Paper,Tile_r045_c032,E4_sam2_overlay_vlm,SAM2 overlay,2,0.4,2,7,5,5.0,False,False,False
grid_scan_paper,Grid Scan Paper,Tile_r045_c035,E4_sam2_overlay_vlm,SAM2 overlay,0,0.0,0,1,1,1.0,True,True,True
grid_scan_paper,Grid Scan Paper,Tile_r045_c036,E4_sam2_overlay_vlm,SAM2 overlay,0,0.0,0,3,3,3.0,True,True,True
grid_scan_paper,Grid Scan Paper,Tile_r045_c037,E4_sam2_overlay_vlm,SAM2 overlay,3,1.0,3,6,3,3.0,False,False,False
grid_scan_paper,Grid Scan Paper,Tile_r045_c038,E4_sam2_overlay_vlm,SAM2 overlay,0,0.0,0,1,1,1.0,True,True,True
grid_scan_paper,Grid Scan Paper,Tile_r045_c039,E4_sam2_overlay_vlm,SAM2 overlay,5,1.6667,5,8,3,3.0,False,False,False
grid_scan_paper,Grid Scan Paper,Tile_r045_c041,E4_sam2_overlay_vlm,SAM2 overlay,2,0.4,2,7,5,5.0,False,False,False
grid_scan_paper,Grid Scan Paper,Tile_r045_c043,E4_sam2_overlay_vlm,SAM2 overlay,10,1.0,10,20,10,10.0,False,False,False
grid_scan_paper,Grid Scan Paper,Tile_r045_c044,E4_sam2_overlay_vlm,SAM2 overlay,14,1.75,14,22,8,8.0,False,False,False
grid_scan_paper,Grid Scan Paper,Tile_r045_c045,E4_sam2_overlay_vlm,SAM2 overlay,2,2.0,2,3,1,1.0,False,False,False
grid_scan_paper,Grid Scan Paper,Tile_r045_c047,E4_sam2_overlay_vlm,SAM2 overlay,1,1.0,1,2,1,1.0,False,True,False
grid_scan_paper,Grid Scan Paper,Tile_r045_c048,E4_sam2_overlay_vlm,SAM2 overlay,1,1.0,1,2,1,1.0,False,True,False
grid_scan_paper,Grid Scan Paper,Tile_r045_c049,E4_sam2_overlay_vlm,SAM2 overlay,1,1.0,1,2,1,1.0,False,True,False
grid_scan_paper,Grid Scan Paper,Tile_r046_c026,E4_sam2_overlay_vlm,SAM2 overlay,3,1.5,3,5,2,2.0,False,False,False
grid_scan_paper,Grid Scan Paper,Tile_r046_c027,E4_sam2_overlay_vlm,SAM2 overlay,2,0.25,-2,6,8,8.0,False,False,False
grid_scan_paper,Grid Scan Paper,Tile_r046_c028,E4_sam2_overlay_vlm,SAM2 overlay,7,0.7778,7,16,9,9.0,False,False,False
grid_scan_paper,Grid Scan Paper,Tile_r046_c029,E4_sam2_overlay_vlm,SAM2 overlay,3,0.6,3,8,5,5.0,False,False,False
grid_scan_paper,Grid Scan Paper,Tile_r046_c030,E4_sam2_overlay_vlm,SAM2 overlay,5,1.6667,5,8,3,3.0,False,False,False
grid_scan_paper,Grid Scan Paper,Tile_r046_c032,E4_sam2_overlay_vlm,SAM2 overlay,3,0.75,3,7,4,4.0,False,False,False
grid_scan_paper,Grid Scan Paper,Tile_r046_c034,E4_sam2_overlay_vlm,SAM2 overlay,2,1.0,2,4,2,2.0,False,False,False
grid_scan_paper,Grid Scan Paper,Tile_r046_c036,E4_sam2_overlay_vlm,SAM2 overlay,7,1.75,7,11,4,4.0,False,False,False
grid_scan_paper,Grid Scan Paper,Tile_r046_c038,E4_sam2_overlay_vlm,SAM2 overlay,8,2.6667,8,11,3,3.0,False,False,False
grid_scan_paper,Grid Scan Paper,Tile_r046_c040,E4_sam2_overlay_vlm,SAM2 overlay,2,0.6667,2,5,3,3.0,False,False,False
grid_scan_paper,Grid Scan Paper,Tile_r046_c041,E4_sam2_overlay_vlm,SAM2 overlay,4,0.6667,4,10,6,6.0,False,False,False
grid_scan_paper,Grid Scan Paper,Tile_r046_c042,E4_sam2_overlay_vlm,SAM2 overlay,2,2.0,2,3,1,1.0,False,False,False
grid_scan_paper,Grid Scan Paper,Tile_r046_c043,E4_sam2_overlay_vlm,SAM2 overlay,18,2.25,18,26,8,8.0,False,False,False
grid_scan_paper,Grid Scan Paper,Tile_r046_c045,E4_sam2_overlay_vlm,SAM2 overlay,0,0.0,0,3,3,3.0,True,True,True
grid_scan_paper,Grid Scan Paper,Tile_r046_c048,E4_sam2_overlay_vlm,SAM2 overlay,14,14.0,14,15,1,1.0,False,False,False
grid_scan_paper,Grid Scan Paper,Tile_r036_c026,E5_imggen_overlay_vlm,ImgGen overlay,1,0.1667,1,7,6,6.0,False,True,False
grid_scan_paper,Grid Scan Paper,Tile_r036_c027,E5_imggen_overlay_vlm,ImgGen overlay,1,1.0,1,2,1,1.0,False,True,False
grid_scan_paper,Grid Scan Paper,Tile_r036_c031,E5_imggen_overlay_vlm,ImgGen overlay,2,2.0,2,3,1,1.0,False,False,False
grid_scan_paper,Grid Scan Paper,Tile_r036_c040,E5_imggen_overlay_vlm,ImgGen overlay,1,0.5,1,3,2,2.0,False,True,False
grid_scan_paper,Grid Scan Paper,Tile_r036_c041,E5_imggen_overlay_vlm,ImgGen overlay,1,0.25,-1,3,4,4.0,False,True,False
grid_scan_paper,Grid Scan Paper,Tile_r036_c042,E5_imggen_overlay_vlm,ImgGen overlay,12,12.0,12,13,1,1.0,False,False,False
grid_scan_paper,Grid Scan Paper,Tile_r036_c044,E5_imggen_overlay_vlm,ImgGen overlay,0,0.0,0,7,7,7.0,True,True,True
grid_scan_paper,Grid Scan Paper,Tile_r036_c047,E5_imggen_overlay_vlm,ImgGen overlay,0,0.0,0,2,2,2.0,True,True,True
grid_scan_paper,Grid Scan Paper,Tile_r036_c048,E5_imggen_overlay_vlm,ImgGen overlay,1,1.0,1,2,1,1.0,False,True,False
grid_scan_paper,Grid Scan Paper,Tile_r036_c049,E5_imggen_overlay_vlm,ImgGen overlay,2,0.4,2,7,5,5.0,False,False,False
grid_scan_paper,Grid Scan Paper,Tile_r037_c026,E5_imggen_overlay_vlm,ImgGen overlay,1,0.3333,-1,2,3,3.0,False,True,False
grid_scan_paper,Grid Scan Paper,Tile_r037_c028,E5_imggen_overlay_vlm,ImgGen overlay,1,0.3333,1,4,3,3.0,False,True,False
grid_scan_paper,Grid Scan Paper,Tile_r037_c032,E5_imggen_overlay_vlm,ImgGen overlay,25,25.0,25,26,1,1.0,False,False,False
grid_scan_paper,Grid Scan Paper,Tile_r037_c037,E5_imggen_overlay_vlm,ImgGen overlay,3,0.4286,-3,4,7,7.0,False,False,False
grid_scan_paper,Grid Scan Paper,Tile_r037_c044,E5_imggen_overlay_vlm,ImgGen overlay,10,0.5556,10,28,18,18.0,False,False,False
grid_scan_paper,Grid Scan Paper,Tile_r037_c046,E5_imggen_overlay_vlm,ImgGen overlay,4,0.5,-4,4,8,8.0,False,False,False
grid_scan_paper,Grid Scan Paper,Tile_r037_c047,E5_imggen_overlay_vlm,ImgGen overlay,2,0.25,-2,6,8,8.0,False,False,False
grid_scan_paper,Grid Scan Paper,Tile_r037_c048,E5_imggen_overlay_vlm,ImgGen overlay,2,0.3333,2,8,6,6.0,False,False,False
grid_scan_paper,Grid Scan Paper,Tile_r037_c049,E5_imggen_overlay_vlm,ImgGen overlay,0,0.0,0,5,5,5.0,True,True,True
grid_scan_paper,Grid Scan Paper,Tile_r038_c028,E5_imggen_overlay_vlm,ImgGen overlay,1,1.0,1,2,1,1.0,False,True,False
grid_scan_paper,Grid Scan Paper,Tile_r038_c031,E5_imggen_overlay_vlm,ImgGen overlay,2,1.0,2,4,2,2.0,False,False,False
grid_scan_paper,Grid Scan Paper,Tile_r038_c036,E5_imggen_overlay_vlm,ImgGen overlay,19,1.7273,19,30,11,11.0,False,False,False
grid_scan_paper,Grid Scan Paper,Tile_r038_c038,E5_imggen_overlay_vlm,ImgGen overlay,1,1.0,1,2,1,1.0,False,True,False
grid_scan_paper,Grid Scan Paper,Tile_r038_c042,E5_imggen_overlay_vlm,ImgGen overlay,1,0.3333,1,4,3,3.0,False,True,False
grid_scan_paper,Grid Scan Paper,Tile_r038_c043,E5_imggen_overlay_vlm,ImgGen overlay,2,1.0,2,4,2,2.0,False,False,False
grid_scan_paper,Grid Scan Paper,Tile_r038_c044,E5_imggen_overlay_vlm,ImgGen overlay,1,0.2,1,6,5,5.0,False,True,False
grid_scan_paper,Grid Scan Paper,Tile_r038_c045,E5_imggen_overlay_vlm,ImgGen overlay,10,3.3333,10,13,3,3.0,False,False,False
grid_scan_paper,Grid Scan Paper,Tile_r038_c046,E5_imggen_overlay_vlm,ImgGen overlay,2,0.4,2,7,5,5.0,False,False,False
grid_scan_paper,Grid Scan Paper,Tile_r038_c047,E5_imggen_overlay_vlm,ImgGen overlay,0,0.0,0,9,9,9.0,True,True,True
grid_scan_paper,Grid Scan Paper,Tile_r038_c048,E5_imggen_overlay_vlm,ImgGen overlay,2,0.2,2,12,10,10.0,False,False,False
grid_scan_paper,Grid Scan Paper,Tile_r038_c049,E5_imggen_overlay_vlm,ImgGen overlay,12,1.3333,12,21,9,9.0,False,False,False
grid_scan_paper,Grid Scan Paper,Tile_r039_c031,E5_imggen_overlay_vlm,ImgGen overlay,11,2.75,11,15,4,4.0,False,False,False
grid_scan_paper,Grid Scan Paper,Tile_r039_c034,E5_imggen_overlay_vlm,ImgGen overlay,9,9.0,9,10,1,1.0,False,False,False
grid_scan_paper,Grid Scan Paper,Tile_r039_c036,E5_imggen_overlay_vlm,ImgGen overlay,1,0.2,1,6,5,5.0,False,True,False
grid_scan_paper,Grid Scan Paper,Tile_r039_c038,E5_imggen_overlay_vlm,ImgGen overlay,1,1.0,1,2,1,1.0,False,True,False
grid_scan_paper,Grid Scan Paper,Tile_r039_c039,E5_imggen_overlay_vlm,ImgGen overlay,1,1.0,1,2,1,1.0,False,True,False
grid_scan_paper,Grid Scan Paper,Tile_r039_c040,E5_imggen_overlay_vlm,ImgGen overlay,1,0.25,1,5,4,4.0,False,True,False
grid_scan_paper,Grid Scan Paper,Tile_r039_c041,E5_imggen_overlay_vlm,ImgGen overlay,12,3.0,12,16,4,4.0,False,False,False
grid_scan_paper,Grid Scan Paper,Tile_r039_c042,E5_imggen_overlay_vlm,ImgGen overlay,2,0.5,2,6,4,4.0,False,False,False
grid_scan_paper,Grid Scan Paper,Tile_r039_c043,E5_imggen_overlay_vlm,ImgGen overlay,1,0.5,1,3,2,2.0,False,True,False
grid_scan_paper,Grid Scan Paper,Tile_r039_c044,E5_imggen_overlay_vlm,ImgGen overlay,3,0.3333,3,12,9,9.0,False,False,False
grid_scan_paper,Grid Scan Paper,Tile_r039_c045,E5_imggen_overlay_vlm,ImgGen overlay,11,2.2,11,16,5,5.0,False,False,False
grid_scan_paper,Grid Scan Paper,Tile_r039_c046,E5_imggen_overlay_vlm,ImgGen overlay,5,0.4167,5,17,12,12.0,False,False,False
grid_scan_paper,Grid Scan Paper,Tile_r039_c047,E5_imggen_overlay_vlm,ImgGen overlay,36,4.0,36,45,9,9.0,False,False,False
grid_scan_paper,Grid Scan Paper,Tile_r039_c048,E5_imggen_overlay_vlm,ImgGen overlay,33,2.75,33,45,12,12.0,False,False,False
grid_scan_paper,Grid Scan Paper,Tile_r039_c049,E5_imggen_overlay_vlm,ImgGen overlay,2,0.2857,2,9,7,7.0,False,False,False
grid_scan_paper,Grid Scan Paper,Tile_r040_c028,E5_imggen_overlay_vlm,ImgGen overlay,1,1.0,1,2,1,1.0,False,True,False
grid_scan_paper,Grid Scan Paper,Tile_r040_c029,E5_imggen_overlay_vlm,ImgGen overlay,14,2.3333,14,20,6,6.0,False,False,False
grid_scan_paper,Grid Scan Paper,Tile_r040_c035,E5_imggen_overlay_vlm,ImgGen overlay,1,0.3333,1,4,3,3.0,False,True,False
grid_scan_paper,Grid Scan Paper,Tile_r040_c036,E5_imggen_overlay_vlm,ImgGen overlay,3,0.6,3,8,5,5.0,False,False,False
grid_scan_paper,Grid Scan Paper,Tile_r040_c038,E5_imggen_overlay_vlm,ImgGen overlay,5,1.6667,5,8,3,3.0,False,False,False
grid_scan_paper,Grid Scan Paper,Tile_r040_c039,E5_imggen_overlay_vlm,ImgGen overlay,1,0.3333,1,4,3,3.0,False,True,False
grid_scan_paper,Grid Scan Paper,Tile_r040_c040,E5_imggen_overlay_vlm,ImgGen overlay,1,0.3333,1,4,3,3.0,False,True,False
grid_scan_paper,Grid Scan Paper,Tile_r040_c041,E5_imggen_overlay_vlm,ImgGen overlay,4,1.0,4,8,4,4.0,False,False,False
grid_scan_paper,Grid Scan Paper,Tile_r040_c043,E5_imggen_overlay_vlm,ImgGen overlay,1,0.5,1,3,2,2.0,False,True,False
grid_scan_paper,Grid Scan Paper,Tile_r040_c044,E5_imggen_overlay_vlm,ImgGen overlay,1,0.3333,1,4,3,3.0,False,True,False
grid_scan_paper,Grid Scan Paper,Tile_r040_c047,E5_imggen_overlay_vlm,ImgGen overlay,1,0.2,1,6,5,5.0,False,True,False
grid_scan_paper,Grid Scan Paper,Tile_r040_c048,E5_imggen_overlay_vlm,ImgGen overlay,9,0.9,9,19,10,10.0,False,False,False
grid_scan_paper,Grid Scan Paper,Tile_r040_c049,E5_imggen_overlay_vlm,ImgGen overlay,6,2.0,6,9,3,3.0,False,False,False
grid_scan_paper,Grid Scan Paper,Tile_r041_c029,E5_imggen_overlay_vlm,ImgGen overlay,1,1.0,1,2,1,1.0,False,True,False
grid_scan_paper,Grid Scan Paper,Tile_r041_c032,E5_imggen_overlay_vlm,ImgGen overlay,0,0.0,0,7,7,7.0,True,True,True
grid_scan_paper,Grid Scan Paper,Tile_r041_c033,E5_imggen_overlay_vlm,ImgGen overlay,0,0.0,0,3,3,3.0,True,True,True
grid_scan_paper,Grid Scan Paper,Tile_r041_c034,E5_imggen_overlay_vlm,ImgGen overlay,1,1.0,1,2,1,1.0,False,True,False
grid_scan_paper,Grid Scan Paper,Tile_r041_c035,E5_imggen_overlay_vlm,ImgGen overlay,2,0.5,2,6,4,4.0,False,False,False
grid_scan_paper,Grid Scan Paper,Tile_r041_c036,E5_imggen_overlay_vlm,ImgGen overlay,1,0.5,1,3,2,2.0,False,True,False
grid_scan_paper,Grid Scan Paper,Tile_r041_c037,E5_imggen_overlay_vlm,ImgGen overlay,1,0.1667,1,7,6,6.0,False,True,False
grid_scan_paper,Grid Scan Paper,Tile_r041_c038,E5_imggen_overlay_vlm,ImgGen overlay,1,0.3333,1,4,3,3.0,False,True,False
grid_scan_paper,Grid Scan Paper,Tile_r041_c039,E5_imggen_overlay_vlm,ImgGen overlay,22,2.75,22,30,8,8.0,False,False,False
grid_scan_paper,Grid Scan Paper,Tile_r041_c040,E5_imggen_overlay_vlm,ImgGen overlay,32,2.9091,32,43,11,11.0,False,False,False
grid_scan_paper,Grid Scan Paper,Tile_r041_c041,E5_imggen_overlay_vlm,ImgGen overlay,1,0.2,1,6,5,5.0,False,True,False
grid_scan_paper,Grid Scan Paper,Tile_r041_c042,E5_imggen_overlay_vlm,ImgGen overlay,0,0.0,0,2,2,2.0,True,True,True
grid_scan_paper,Grid Scan Paper,Tile_r041_c044,E5_imggen_overlay_vlm,ImgGen overlay,0,0.0,0,2,2,2.0,True,True,True
grid_scan_paper,Grid Scan Paper,Tile_r041_c045,E5_imggen_overlay_vlm,ImgGen overlay,0,0.0,0,2,2,2.0,True,True,True
grid_scan_paper,Grid Scan Paper,Tile_r041_c046,E5_imggen_overlay_vlm,ImgGen overlay,2,0.5,2,6,4,4.0,False,False,False
grid_scan_paper,Grid Scan Paper,Tile_r041_c047,E5_imggen_overlay_vlm,ImgGen overlay,0,0.0,0,8,8,8.0,True,True,True
grid_scan_paper,Grid Scan Paper,Tile_r041_c048,E5_imggen_overlay_vlm,ImgGen overlay,0,0.0,0,6,6,6.0,True,True,True
grid_scan_paper,Grid Scan Paper,Tile_r042_c026,E5_imggen_overlay_vlm,ImgGen overlay,0,0.0,0,1,1,1.0,True,True,True
grid_scan_paper,Grid Scan Paper,Tile_r042_c029,E5_imggen_overlay_vlm,ImgGen overlay,0,0.0,0,1,1,1.0,True,True,True
grid_scan_paper,Grid Scan Paper,Tile_r042_c030,E5_imggen_overlay_vlm,ImgGen overlay,0,0.0,0,2,2,2.0,True,True,True
grid_scan_paper,Grid Scan Paper,Tile_r042_c031,E5_imggen_overlay_vlm,ImgGen overlay,0,0.0,0,2,2,2.0,True,True,True
grid_scan_paper,Grid Scan Paper,Tile_r042_c032,E5_imggen_overlay_vlm,ImgGen overlay,14,1.5556,14,23,9,9.0,False,False,False
grid_scan_paper,Grid Scan Paper,Tile_r042_c033,E5_imggen_overlay_vlm,ImgGen overlay,2,0.3333,2,8,6,6.0,False,False,False
grid_scan_paper,Grid Scan Paper,Tile_r042_c034,E5_imggen_overlay_vlm,ImgGen overlay,0,0.0,0,1,1,1.0,True,True,True
grid_scan_paper,Grid Scan Paper,Tile_r042_c035,E5_imggen_overlay_vlm,ImgGen overlay,2,0.3333,2,8,6,6.0,False,False,False
grid_scan_paper,Grid Scan Paper,Tile_r042_c036,E5_imggen_overlay_vlm,ImgGen overlay,0,0.0,0,2,2,2.0,True,True,True
grid_scan_paper,Grid Scan Paper,Tile_r042_c038,E5_imggen_overlay_vlm,ImgGen overlay,3,0.75,3,7,4,4.0,False,False,False
grid_scan_paper,Grid Scan Paper,Tile_r042_c039,E5_imggen_overlay_vlm,ImgGen overlay,8,0.7273,8,19,11,11.0,False,False,False
grid_scan_paper,Grid Scan Paper,Tile_r042_c040,E5_imggen_overlay_vlm,ImgGen overlay,4,1.3333,4,7,3,3.0,False,False,False
grid_scan_paper,Grid Scan Paper,Tile_r042_c042,E5_imggen_overlay_vlm,ImgGen overlay,1,0.1667,-1,5,6,6.0,False,True,False
grid_scan_paper,Grid Scan Paper,Tile_r042_c045,E5_imggen_overlay_vlm,ImgGen overlay,1,0.2,-1,4,5,5.0,False,True,False
grid_scan_paper,Grid Scan Paper,Tile_r042_c046,E5_imggen_overlay_vlm,ImgGen overlay,4,1.3333,4,7,3,3.0,False,False,False
grid_scan_paper,Grid Scan Paper,Tile_r042_c047,E5_imggen_overlay_vlm,ImgGen overlay,2,0.4,2,7,5,5.0,False,False,False
grid_scan_paper,Grid Scan Paper,Tile_r042_c048,E5_imggen_overlay_vlm,ImgGen overlay,1,0.25,1,5,4,4.0,False,True,False
grid_scan_paper,Grid Scan Paper,Tile_r042_c049,E5_imggen_overlay_vlm,ImgGen overlay,2,0.6667,2,5,3,3.0,False,False,False
grid_scan_paper,Grid Scan Paper,Tile_r043_c027,E5_imggen_overlay_vlm,ImgGen overlay,1,0.5,1,3,2,2.0,False,True,False
grid_scan_paper,Grid Scan Paper,Tile_r043_c028,E5_imggen_overlay_vlm,ImgGen overlay,0,0.0,0,2,2,2.0,True,True,True
grid_scan_paper,Grid Scan Paper,Tile_r043_c029,E5_imggen_overlay_vlm,ImgGen overlay,2,0.6667,2,5,3,3.0,False,False,False
grid_scan_paper,Grid Scan Paper,Tile_r043_c030,E5_imggen_overlay_vlm,ImgGen overlay,1,0.2,1,6,5,5.0,False,True,False
grid_scan_paper,Grid Scan Paper,Tile_r043_c031,E5_imggen_overlay_vlm,ImgGen overlay,2,0.5,2,6,4,4.0,False,False,False
grid_scan_paper,Grid Scan Paper,Tile_r043_c032,E5_imggen_overlay_vlm,ImgGen overlay,6,0.8571,6,13,7,7.0,False,False,False
grid_scan_paper,Grid Scan Paper,Tile_r043_c033,E5_imggen_overlay_vlm,ImgGen overlay,4,0.5,4,12,8,8.0,False,False,False
grid_scan_paper,Grid Scan Paper,Tile_r043_c034,E5_imggen_overlay_vlm,ImgGen overlay,0,0.0,0,2,2,2.0,True,True,True
grid_scan_paper,Grid Scan Paper,Tile_r043_c035,E5_imggen_overlay_vlm,ImgGen overlay,0,0.0,0,3,3,3.0,True,True,True
grid_scan_paper,Grid Scan Paper,Tile_r043_c037,E5_imggen_overlay_vlm,ImgGen overlay,0,0.0,0,1,1,1.0,True,True,True
grid_scan_paper,Grid Scan Paper,Tile_r043_c038,E5_imggen_overlay_vlm,ImgGen overlay,2,0.2857,2,9,7,7.0,False,False,False
grid_scan_paper,Grid Scan Paper,Tile_r043_c040,E5_imggen_overlay_vlm,ImgGen overlay,0,0.0,0,3,3,3.0,True,True,True
grid_scan_paper,Grid Scan Paper,Tile_r043_c041,E5_imggen_overlay_vlm,ImgGen overlay,0,0.0,0,3,3,3.0,True,True,True
grid_scan_paper,Grid Scan Paper,Tile_r043_c042,E5_imggen_overlay_vlm,ImgGen overlay,0,0.0,0,5,5,5.0,True,True,True
grid_scan_paper,Grid Scan Paper,Tile_r043_c043,E5_imggen_overlay_vlm,ImgGen overlay,0,0.0,0,3,3,3.0,True,True,True
grid_scan_paper,Grid Scan Paper,Tile_r043_c044,E5_imggen_overlay_vlm,ImgGen overlay,1,0.1667,-1,5,6,6.0,False,True,False
grid_scan_paper,Grid Scan Paper,Tile_r043_c045,E5_imggen_overlay_vlm,ImgGen overlay,1,0.1667,1,7,6,6.0,False,True,False
grid_scan_paper,Grid Scan Paper,Tile_r043_c046,E5_imggen_overlay_vlm,ImgGen overlay,4,1.3333,4,7,3,3.0,False,False,False
grid_scan_paper,Grid Scan Paper,Tile_r043_c047,E5_imggen_overlay_vlm,ImgGen overlay,0,0.0,0,2,2,2.0,True,True,True
grid_scan_paper,Grid Scan Paper,Tile_r043_c048,E5_imggen_overlay_vlm,ImgGen overlay,0,0.0,0,4,4,4.0,True,True,True
grid_scan_paper,Grid Scan Paper,Tile_r043_c049,E5_imggen_overlay_vlm,ImgGen overlay,1,0.2,1,6,5,5.0,False,True,False
grid_scan_paper,Grid Scan Paper,Tile_r044_c028,E5_imggen_overlay_vlm,ImgGen overlay,0,0.0,0,2,2,2.0,True,True,True
grid_scan_paper,Grid Scan Paper,Tile_r044_c029,E5_imggen_overlay_vlm,ImgGen overlay,0,0.0,0,2,2,2.0,True,True,True
grid_scan_paper,Grid Scan Paper,Tile_r044_c030,E5_imggen_overlay_vlm,ImgGen overlay,8,1.1429,8,15,7,7.0,False,False,False
grid_scan_paper,Grid Scan Paper,Tile_r044_c031,E5_imggen_overlay_vlm,ImgGen overlay,10,0.9091,10,21,11,11.0,False,False,False
grid_scan_paper,Grid Scan Paper,Tile_r044_c032,E5_imggen_overlay_vlm,ImgGen overlay,0,0.0,0,6,6,6.0,True,True,True
grid_scan_paper,Grid Scan Paper,Tile_r044_c033,E5_imggen_overlay_vlm,ImgGen overlay,13,2.6,13,18,5,5.0,False,False,False
grid_scan_paper,Grid Scan Paper,Tile_r044_c036,E5_imggen_overlay_vlm,ImgGen overlay,0,0.0,0,1,1,1.0,True,True,True
grid_scan_paper,Grid Scan Paper,Tile_r044_c038,E5_imggen_overlay_vlm,ImgGen overlay,0,0.0,0,1,1,1.0,True,True,True
grid_scan_paper,Grid Scan Paper,Tile_r044_c039,E5_imggen_overlay_vlm,ImgGen overlay,1,0.2,1,6,5,5.0,False,True,False
grid_scan_paper,Grid Scan Paper,Tile_r044_c041,E5_imggen_overlay_vlm,ImgGen overlay,0,0.0,0,1,1,1.0,True,True,True
grid_scan_paper,Grid Scan Paper,Tile_r044_c042,E5_imggen_overlay_vlm,ImgGen overlay,2,0.5,2,6,4,4.0,False,False,False
grid_scan_paper,Grid Scan Paper,Tile_r044_c043,E5_imggen_overlay_vlm,ImgGen overlay,1,0.25,1,5,4,4.0,False,True,False
grid_scan_paper,Grid Scan Paper,Tile_r044_c044,E5_imggen_overlay_vlm,ImgGen overlay,0,0.0,0,3,3,3.0,True,True,True
grid_scan_paper,Grid Scan Paper,Tile_r044_c045,E5_imggen_overlay_vlm,ImgGen overlay,1,0.25,1,5,4,4.0,False,True,False
grid_scan_paper,Grid Scan Paper,Tile_r044_c047,E5_imggen_overlay_vlm,ImgGen overlay,7,1.1667,7,13,6,6.0,False,False,False
grid_scan_paper,Grid Scan Paper,Tile_r044_c048,E5_imggen_overlay_vlm,ImgGen overlay,0,0.0,0,2,2,2.0,True,True,True
grid_scan_paper,Grid Scan Paper,Tile_r045_c027,E5_imggen_overlay_vlm,ImgGen overlay,31,7.75,31,35,4,4.0,False,False,False
grid_scan_paper,Grid Scan Paper,Tile_r045_c028,E5_imggen_overlay_vlm,ImgGen overlay,1,0.2,-1,4,5,5.0,False,True,False
grid_scan_paper,Grid Scan Paper,Tile_r045_c030,E5_imggen_overlay_vlm,ImgGen overlay,0,0.0,0,3,3,3.0,True,True,True
grid_scan_paper,Grid Scan Paper,Tile_r045_c031,E5_imggen_overlay_vlm,ImgGen overlay,0,0.0,0,4,4,4.0,True,True,True
grid_scan_paper,Grid Scan Paper,Tile_r045_c032,E5_imggen_overlay_vlm,ImgGen overlay,1,0.2,-1,4,5,5.0,False,True,False
grid_scan_paper,Grid Scan Paper,Tile_r045_c035,E5_imggen_overlay_vlm,ImgGen overlay,0,0.0,0,1,1,1.0,True,True,True
grid_scan_paper,Grid Scan Paper,Tile_r045_c036,E5_imggen_overlay_vlm,ImgGen overlay,0,0.0,0,3,3,3.0,True,True,True
grid_scan_paper,Grid Scan Paper,Tile_r045_c037,E5_imggen_overlay_vlm,ImgGen overlay,1,0.3333,1,4,3,3.0,False,True,False
grid_scan_paper,Grid Scan Paper,Tile_r045_c038,E5_imggen_overlay_vlm,ImgGen overlay,0,0.0,0,1,1,1.0,True,True,True
grid_scan_paper,Grid Scan Paper,Tile_r045_c039,E5_imggen_overlay_vlm,ImgGen overlay,5,1.6667,5,8,3,3.0,False,False,False
grid_scan_paper,Grid Scan Paper,Tile_r045_c041,E5_imggen_overlay_vlm,ImgGen overlay,0,0.0,0,5,5,5.0,True,True,True
grid_scan_paper,Grid Scan Paper,Tile_r045_c043,E5_imggen_overlay_vlm,ImgGen overlay,5,0.5,5,15,10,10.0,False,False,False
grid_scan_paper,Grid Scan Paper,Tile_r045_c044,E5_imggen_overlay_vlm,ImgGen overlay,10,1.25,10,18,8,8.0,False,False,False
grid_scan_paper,Grid Scan Paper,Tile_r045_c045,E5_imggen_overlay_vlm,ImgGen overlay,4,4.0,4,5,1,1.0,False,False,False
grid_scan_paper,Grid Scan Paper,Tile_r045_c047,E5_imggen_overlay_vlm,ImgGen overlay,0,0.0,0,1,1,1.0,True,True,True
grid_scan_paper,Grid Scan Paper,Tile_r045_c048,E5_imggen_overlay_vlm,ImgGen overlay,0,0.0,0,1,1,1.0,True,True,True
grid_scan_paper,Grid Scan Paper,Tile_r045_c049,E5_imggen_overlay_vlm,ImgGen overlay,7,7.0,7,8,1,1.0,False,False,False
grid_scan_paper,Grid Scan Paper,Tile_r046_c026,E5_imggen_overlay_vlm,ImgGen overlay,4,2.0,4,6,2,2.0,False,False,False
grid_scan_paper,Grid Scan Paper,Tile_r046_c027,E5_imggen_overlay_vlm,ImgGen overlay,0,0.0,0,8,8,8.0,True,True,True
grid_scan_paper,Grid Scan Paper,Tile_r046_c028,E5_imggen_overlay_vlm,ImgGen overlay,6,0.6667,6,15,9,9.0,False,False,False
grid_scan_paper,Grid Scan Paper,Tile_r046_c029,E5_imggen_overlay_vlm,ImgGen overlay,0,0.0,0,5,5,5.0,True,True,True
grid_scan_paper,Grid Scan Paper,Tile_r046_c030,E5_imggen_overlay_vlm,ImgGen overlay,0,0.0,0,3,3,3.0,True,True,True
grid_scan_paper,Grid Scan Paper,Tile_r046_c032,E5_imggen_overlay_vlm,ImgGen overlay,0,0.0,0,4,4,4.0,True,True,True
grid_scan_paper,Grid Scan Paper,Tile_r046_c034,E5_imggen_overlay_vlm,ImgGen overlay,0,0.0,0,2,2,2.0,True,True,True
grid_scan_paper,Grid Scan Paper,Tile_r046_c036,E5_imggen_overlay_vlm,ImgGen overlay,0,0.0,0,4,4,4.0,True,True,True
grid_scan_paper,Grid Scan Paper,Tile_r046_c038,E5_imggen_overlay_vlm,ImgGen overlay,0,0.0,0,3,3,3.0,True,True,True
grid_scan_paper,Grid Scan Paper,Tile_r046_c040,E5_imggen_overlay_vlm,ImgGen overlay,0,0.0,0,3,3,3.0,True,True,True
grid_scan_paper,Grid Scan Paper,Tile_r046_c041,E5_imggen_overlay_vlm,ImgGen overlay,0,0.0,0,6,6,6.0,True,True,True
grid_scan_paper,Grid Scan Paper,Tile_r046_c042,E5_imggen_overlay_vlm,ImgGen overlay,21,21.0,21,22,1,1.0,False,False,False
grid_scan_paper,Grid Scan Paper,Tile_r046_c043,E5_imggen_overlay_vlm,ImgGen overlay,20,2.5,20,28,8,8.0,False,False,False
grid_scan_paper,Grid Scan Paper,Tile_r046_c045,E5_imggen_overlay_vlm,ImgGen overlay,2,0.6667,-2,1,3,3.0,False,False,False
grid_scan_paper,Grid Scan Paper,Tile_r046_c048,E5_imggen_overlay_vlm,ImgGen overlay,12,12.0,12,13,1,1.0,False,False,False
grid_scan_paper,Grid Scan Paper,Tile_r036_c026,E6_sam3_deterministic,SAM3 mask,1,0.1667,-1,5,6,6.0,False,True,False
grid_scan_paper,Grid Scan Paper,Tile_r036_c027,E6_sam3_deterministic,SAM3 mask,1,1.0,-1,0,1,1.0,False,True,False
grid_scan_paper,Grid Scan Paper,Tile_r036_c031,E6_sam3_deterministic,SAM3 mask,1,1.0,1,2,1,1.0,False,True,False
grid_scan_paper,Grid Scan Paper,Tile_r036_c040,E6_sam3_deterministic,SAM3 mask,0,0.0,0,2,2,2.0,True,True,True
grid_scan_paper,Grid Scan Paper,Tile_r036_c041,E6_sam3_deterministic,SAM3 mask,3,0.75,-3,1,4,4.0,False,False,False
grid_scan_paper,Grid Scan Paper,Tile_r036_c042,E6_sam3_deterministic,SAM3 mask,1,1.0,-1,0,1,1.0,False,True,False
grid_scan_paper,Grid Scan Paper,Tile_r036_c044,E6_sam3_deterministic,SAM3 mask,7,1.0,-7,0,7,7.0,False,False,False
grid_scan_paper,Grid Scan Paper,Tile_r036_c047,E6_sam3_deterministic,SAM3 mask,2,1.0,-2,0,2,2.0,False,False,False
grid_scan_paper,Grid Scan Paper,Tile_r036_c048,E6_sam3_deterministic,SAM3 mask,1,1.0,-1,0,1,1.0,False,True,False
grid_scan_paper,Grid Scan Paper,Tile_r036_c049,E6_sam3_deterministic,SAM3 mask,1,0.2,1,6,5,5.0,False,True,False
grid_scan_paper,Grid Scan Paper,Tile_r037_c026,E6_sam3_deterministic,SAM3 mask,2,0.6667,-2,1,3,3.0,False,False,False
grid_scan_paper,Grid Scan Paper,Tile_r037_c028,E6_sam3_deterministic,SAM3 mask,3,1.0,-3,0,3,3.0,False,False,False
grid_scan_paper,Grid Scan Paper,Tile_r037_c032,E6_sam3_deterministic,SAM3 mask,1,1.0,-1,0,1,1.0,False,True,False
grid_scan_paper,Grid Scan Paper,Tile_r037_c037,E6_sam3_deterministic,SAM3 mask,6,0.8571,-6,1,7,7.0,False,False,False
grid_scan_paper,Grid Scan Paper,Tile_r037_c044,E6_sam3_deterministic,SAM3 mask,1,0.0556,-1,17,18,18.0,False,True,True
grid_scan_paper,Grid Scan Paper,Tile_r037_c046,E6_sam3_deterministic,SAM3 mask,3,0.375,-3,5,8,8.0,False,False,False
grid_scan_paper,Grid Scan Paper,Tile_r037_c047,E6_sam3_deterministic,SAM3 mask,3,0.375,-3,5,8,8.0,False,False,False
grid_scan_paper,Grid Scan Paper,Tile_r037_c048,E6_sam3_deterministic,SAM3 mask,4,0.6667,-4,2,6,6.0,False,False,False
grid_scan_paper,Grid Scan Paper,Tile_r037_c049,E6_sam3_deterministic,SAM3 mask,1,0.2,-1,4,5,5.0,False,True,False
grid_scan_paper,Grid Scan Paper,Tile_r038_c028,E6_sam3_deterministic,SAM3 mask,1,1.0,-1,0,1,1.0,False,True,False
grid_scan_paper,Grid Scan Paper,Tile_r038_c031,E6_sam3_deterministic,SAM3 mask,2,1.0,-2,0,2,2.0,False,False,False
grid_scan_paper,Grid Scan Paper,Tile_r038_c036,E6_sam3_deterministic,SAM3 mask,4,0.3636,4,15,11,11.0,False,False,False
grid_scan_paper,Grid Scan Paper,Tile_r038_c038,E6_sam3_deterministic,SAM3 mask,0,0.0,0,1,1,1.0,True,True,True
grid_scan_paper,Grid Scan Paper,Tile_r038_c042,E6_sam3_deterministic,SAM3 mask,2,0.6667,-2,1,3,3.0,False,False,False
grid_scan_paper,Grid Scan Paper,Tile_r038_c043,E6_sam3_deterministic,SAM3 mask,1,0.5,-1,1,2,2.0,False,True,False
grid_scan_paper,Grid Scan Paper,Tile_r038_c044,E6_sam3_deterministic,SAM3 mask,1,0.2,-1,4,5,5.0,False,True,False
grid_scan_paper,Grid Scan Paper,Tile_r038_c045,E6_sam3_deterministic,SAM3 mask,7,2.3333,7,10,3,3.0,False,False,False
grid_scan_paper,Grid Scan Paper,Tile_r038_c046,E6_sam3_deterministic,SAM3 mask,0,0.0,0,5,5,5.0,True,True,True
grid_scan_paper,Grid Scan Paper,Tile_r038_c047,E6_sam3_deterministic,SAM3 mask,0,0.0,0,9,9,9.0,True,True,True
grid_scan_paper,Grid Scan Paper,Tile_r038_c048,E6_sam3_deterministic,SAM3 mask,2,0.2,2,12,10,10.0,False,False,False
grid_scan_paper,Grid Scan Paper,Tile_r038_c049,E6_sam3_deterministic,SAM3 mask,4,0.4444,4,13,9,9.0,False,False,False
grid_scan_paper,Grid Scan Paper,Tile_r039_c031,E6_sam3_deterministic,SAM3 mask,4,1.0,-4,0,4,4.0,False,False,False
grid_scan_paper,Grid Scan Paper,Tile_r039_c034,E6_sam3_deterministic,SAM3 mask,0,0.0,0,1,1,1.0,True,True,True
grid_scan_paper,Grid Scan Paper,Tile_r039_c036,E6_sam3_deterministic,SAM3 mask,4,0.8,-4,1,5,5.0,False,False,False
grid_scan_paper,Grid Scan Paper,Tile_r039_c038,E6_sam3_deterministic,SAM3 mask,1,1.0,-1,0,1,1.0,False,True,False
grid_scan_paper,Grid Scan Paper,Tile_r039_c039,E6_sam3_deterministic,SAM3 mask,1,1.0,-1,0,1,1.0,False,True,False
grid_scan_paper,Grid Scan Paper,Tile_r039_c040,E6_sam3_deterministic,SAM3 mask,1,0.25,-1,3,4,4.0,False,True,False
grid_scan_paper,Grid Scan Paper,Tile_r039_c041,E6_sam3_deterministic,SAM3 mask,1,0.25,-1,3,4,4.0,False,True,False
grid_scan_paper,Grid Scan Paper,Tile_r039_c042,E6_sam3_deterministic,SAM3 mask,0,0.0,0,4,4,4.0,True,True,True
grid_scan_paper,Grid Scan Paper,Tile_r039_c043,E6_sam3_deterministic,SAM3 mask,2,1.0,-2,0,2,2.0,False,False,False
grid_scan_paper,Grid Scan Paper,Tile_r039_c044,E6_sam3_deterministic,SAM3 mask,1,0.1111,1,10,9,9.0,False,True,False
grid_scan_paper,Grid Scan Paper,Tile_r039_c045,E6_sam3_deterministic,SAM3 mask,1,0.2,-1,4,5,5.0,False,True,False
grid_scan_paper,Grid Scan Paper,Tile_r039_c046,E6_sam3_deterministic,SAM3 mask,4,0.3333,4,16,12,12.0,False,False,False
grid_scan_paper,Grid Scan Paper,Tile_r039_c047,E6_sam3_deterministic,SAM3 mask,1,0.1111,1,10,9,9.0,False,True,False
grid_scan_paper,Grid Scan Paper,Tile_r039_c048,E6_sam3_deterministic,SAM3 mask,10,0.8333,10,22,12,12.0,False,False,False
grid_scan_paper,Grid Scan Paper,Tile_r039_c049,E6_sam3_deterministic,SAM3 mask,1,0.1429,1,8,7,7.0,False,True,False
grid_scan_paper,Grid Scan Paper,Tile_r040_c028,E6_sam3_deterministic,SAM3 mask,1,1.0,-1,0,1,1.0,False,True,False
grid_scan_paper,Grid Scan Paper,Tile_r040_c029,E6_sam3_deterministic,SAM3 mask,2,0.3333,2,8,6,6.0,False,False,False
grid_scan_paper,Grid Scan Paper,Tile_r040_c035,E6_sam3_deterministic,SAM3 mask,3,1.0,-3,0,3,3.0,False,False,False
grid_scan_paper,Grid Scan Paper,Tile_r040_c036,E6_sam3_deterministic,SAM3 mask,0,0.0,0,5,5,5.0,True,True,True
grid_scan_paper,Grid Scan Paper,Tile_r040_c038,E6_sam3_deterministic,SAM3 mask,0,0.0,0,3,3,3.0,True,True,True
grid_scan_paper,Grid Scan Paper,Tile_r040_c039,E6_sam3_deterministic,SAM3 mask,2,0.6667,-2,1,3,3.0,False,False,False
grid_scan_paper,Grid Scan Paper,Tile_r040_c040,E6_sam3_deterministic,SAM3 mask,0,0.0,0,3,3,3.0,True,True,True
grid_scan_paper,Grid Scan Paper,Tile_r040_c041,E6_sam3_deterministic,SAM3 mask,4,1.0,-4,0,4,4.0,False,False,False
grid_scan_paper,Grid Scan Paper,Tile_r040_c043,E6_sam3_deterministic,SAM3 mask,2,1.0,-2,0,2,2.0,False,False,False
grid_scan_paper,Grid Scan Paper,Tile_r040_c044,E6_sam3_deterministic,SAM3 mask,4,1.3333,4,7,3,3.0,False,False,False
grid_scan_paper,Grid Scan Paper,Tile_r040_c047,E6_sam3_deterministic,SAM3 mask,4,0.8,4,9,5,5.0,False,False,False
grid_scan_paper,Grid Scan Paper,Tile_r040_c048,E6_sam3_deterministic,SAM3 mask,1,0.1,1,11,10,10.0,False,True,True
grid_scan_paper,Grid Scan Paper,Tile_r040_c049,E6_sam3_deterministic,SAM3 mask,0,0.0,0,3,3,3.0,True,True,True
grid_scan_paper,Grid Scan Paper,Tile_r041_c029,E6_sam3_deterministic,SAM3 mask,0,0.0,0,1,1,1.0,True,True,True
grid_scan_paper,Grid Scan Paper,Tile_r041_c032,E6_sam3_deterministic,SAM3 mask,0,0.0,0,7,7,7.0,True,True,True
grid_scan_paper,Grid Scan Paper,Tile_r041_c033,E6_sam3_deterministic,SAM3 mask,3,1.0,-3,0,3,3.0,False,False,False
grid_scan_paper,Grid Scan Paper,Tile_r041_c034,E6_sam3_deterministic,SAM3 mask,1,1.0,-1,0,1,1.0,False,True,False
grid_scan_paper,Grid Scan Paper,Tile_r041_c035,E6_sam3_deterministic,SAM3 mask,2,0.5,-2,2,4,4.0,False,False,False
grid_scan_paper,Grid Scan Paper,Tile_r041_c036,E6_sam3_deterministic,SAM3 mask,1,0.5,-1,1,2,2.0,False,True,False
grid_scan_paper,Grid Scan Paper,Tile_r041_c037,E6_sam3_deterministic,SAM3 mask,0,0.0,0,6,6,6.0,True,True,True
grid_scan_paper,Grid Scan Paper,Tile_r041_c038,E6_sam3_deterministic,SAM3 mask,0,0.0,0,3,3,3.0,True,True,True
grid_scan_paper,Grid Scan Paper,Tile_r041_c039,E6_sam3_deterministic,SAM3 mask,4,0.5,4,12,8,8.0,False,False,False
grid_scan_paper,Grid Scan Paper,Tile_r041_c040,E6_sam3_deterministic,SAM3 mask,4,0.3636,4,15,11,11.0,False,False,False
grid_scan_paper,Grid Scan Paper,Tile_r041_c041,E6_sam3_deterministic,SAM3 mask,1,0.2,1,6,5,5.0,False,True,False
grid_scan_paper,Grid Scan Paper,Tile_r041_c042,E6_sam3_deterministic,SAM3 mask,2,1.0,-2,0,2,2.0,False,False,False
grid_scan_paper,Grid Scan Paper,Tile_r041_c044,E6_sam3_deterministic,SAM3 mask,2,1.0,-2,0,2,2.0,False,False,False
grid_scan_paper,Grid Scan Paper,Tile_r041_c045,E6_sam3_deterministic,SAM3 mask,2,1.0,-2,0,2,2.0,False,False,False
grid_scan_paper,Grid Scan Paper,Tile_r041_c046,E6_sam3_deterministic,SAM3 mask,2,0.5,2,6,4,4.0,False,False,False
grid_scan_paper,Grid Scan Paper,Tile_r041_c047,E6_sam3_deterministic,SAM3 mask,1,0.125,1,9,8,8.0,False,True,False
grid_scan_paper,Grid Scan Paper,Tile_r041_c048,E6_sam3_deterministic,SAM3 mask,0,0.0,0,6,6,6.0,True,True,True
grid_scan_paper,Grid Scan Paper,Tile_r042_c026,E6_sam3_deterministic,SAM3 mask,1,1.0,-1,0,1,1.0,False,True,False
grid_scan_paper,Grid Scan Paper,Tile_r042_c029,E6_sam3_deterministic,SAM3 mask,0,0.0,0,1,1,1.0,True,True,True
grid_scan_paper,Grid Scan Paper,Tile_r042_c030,E6_sam3_deterministic,SAM3 mask,2,1.0,2,4,2,2.0,False,False,False
grid_scan_paper,Grid Scan Paper,Tile_r042_c031,E6_sam3_deterministic,SAM3 mask,2,1.0,-2,0,2,2.0,False,False,False
grid_scan_paper,Grid Scan Paper,Tile_r042_c032,E6_sam3_deterministic,SAM3 mask,4,0.4444,4,13,9,9.0,False,False,False
grid_scan_paper,Grid Scan Paper,Tile_r042_c033,E6_sam3_deterministic,SAM3 mask,6,1.0,-6,0,6,6.0,False,False,False
grid_scan_paper,Grid Scan Paper,Tile_r042_c034,E6_sam3_deterministic,SAM3 mask,1,1.0,-1,0,1,1.0,False,True,False
grid_scan_paper,Grid Scan Paper,Tile_r042_c035,E6_sam3_deterministic,SAM3 mask,0,0.0,0,6,6,6.0,True,True,True
grid_scan_paper,Grid Scan Paper,Tile_r042_c036,E6_sam3_deterministic,SAM3 mask,2,1.0,-2,0,2,2.0,False,False,False
grid_scan_paper,Grid Scan Paper,Tile_r042_c038,E6_sam3_deterministic,SAM3 mask,2,0.5,2,6,4,4.0,False,False,False
grid_scan_paper,Grid Scan Paper,Tile_r042_c039,E6_sam3_deterministic,SAM3 mask,5,0.4545,5,16,11,11.0,False,False,False
grid_scan_paper,Grid Scan Paper,Tile_r042_c040,E6_sam3_deterministic,SAM3 mask,2,0.6667,2,5,3,3.0,False,False,False
grid_scan_paper,Grid Scan Paper,Tile_r042_c042,E6_sam3_deterministic,SAM3 mask,1,0.1667,-1,5,6,6.0,False,True,False
grid_scan_paper,Grid Scan Paper,Tile_r042_c045,E6_sam3_deterministic,SAM3 mask,4,0.8,-4,1,5,5.0,False,False,False
grid_scan_paper,Grid Scan Paper,Tile_r042_c046,E6_sam3_deterministic,SAM3 mask,3,1.0,-3,0,3,3.0,False,False,False
grid_scan_paper,Grid Scan Paper,Tile_r042_c047,E6_sam3_deterministic,SAM3 mask,5,1.0,-5,0,5,5.0,False,False,False
grid_scan_paper,Grid Scan Paper,Tile_r042_c048,E6_sam3_deterministic,SAM3 mask,4,1.0,-4,0,4,4.0,False,False,False
grid_scan_paper,Grid Scan Paper,Tile_r042_c049,E6_sam3_deterministic,SAM3 mask,1,0.3333,1,4,3,3.0,False,True,False
grid_scan_paper,Grid Scan Paper,Tile_r043_c027,E6_sam3_deterministic,SAM3 mask,0,0.0,0,2,2,2.0,True,True,True
grid_scan_paper,Grid Scan Paper,Tile_r043_c028,E6_sam3_deterministic,SAM3 mask,1,0.5,-1,1,2,2.0,False,True,False
grid_scan_paper,Grid Scan Paper,Tile_r043_c029,E6_sam3_deterministic,SAM3 mask,0,0.0,0,3,3,3.0,True,True,True
grid_scan_paper,Grid Scan Paper,Tile_r043_c030,E6_sam3_deterministic,SAM3 mask,0,0.0,0,5,5,5.0,True,True,True
grid_scan_paper,Grid Scan Paper,Tile_r043_c031,E6_sam3_deterministic,SAM3 mask,0,0.0,0,4,4,4.0,True,True,True
grid_scan_paper,Grid Scan Paper,Tile_r043_c032,E6_sam3_deterministic,SAM3 mask,3,0.4286,3,10,7,7.0,False,False,False
grid_scan_paper,Grid Scan Paper,Tile_r043_c033,E6_sam3_deterministic,SAM3 mask,3,0.375,3,11,8,8.0,False,False,False
grid_scan_paper,Grid Scan Paper,Tile_r043_c034,E6_sam3_deterministic,SAM3 mask,2,1.0,-2,0,2,2.0,False,False,False
grid_scan_paper,Grid Scan Paper,Tile_r043_c035,E6_sam3_deterministic,SAM3 mask,0,0.0,0,3,3,3.0,True,True,True
grid_scan_paper,Grid Scan Paper,Tile_r043_c037,E6_sam3_deterministic,SAM3 mask,1,1.0,-1,0,1,1.0,False,True,False
grid_scan_paper,Grid Scan Paper,Tile_r043_c038,E6_sam3_deterministic,SAM3 mask,1,0.1429,-1,6,7,7.0,False,True,False
grid_scan_paper,Grid Scan Paper,Tile_r043_c040,E6_sam3_deterministic,SAM3 mask,3,1.0,-3,0,3,3.0,False,False,False
grid_scan_paper,Grid Scan Paper,Tile_r043_c041,E6_sam3_deterministic,SAM3 mask,3,1.0,-3,0,3,3.0,False,False,False
grid_scan_paper,Grid Scan Paper,Tile_r043_c042,E6_sam3_deterministic,SAM3 mask,2,0.4,-2,3,5,5.0,False,False,False
grid_scan_paper,Grid Scan Paper,Tile_r043_c043,E6_sam3_deterministic,SAM3 mask,1,0.3333,1,4,3,3.0,False,True,False
grid_scan_paper,Grid Scan Paper,Tile_r043_c044,E6_sam3_deterministic,SAM3 mask,0,0.0,0,6,6,6.0,True,True,True
grid_scan_paper,Grid Scan Paper,Tile_r043_c045,E6_sam3_deterministic,SAM3 mask,1,0.1667,-1,5,6,6.0,False,True,False
grid_scan_paper,Grid Scan Paper,Tile_r043_c046,E6_sam3_deterministic,SAM3 mask,1,0.3333,1,4,3,3.0,False,True,False
grid_scan_paper,Grid Scan Paper,Tile_r043_c047,E6_sam3_deterministic,SAM3 mask,2,1.0,-2,0,2,2.0,False,False,False
grid_scan_paper,Grid Scan Paper,Tile_r043_c048,E6_sam3_deterministic,SAM3 mask,0,0.0,0,4,4,4.0,True,True,True
grid_scan_paper,Grid Scan Paper,Tile_r043_c049,E6_sam3_deterministic,SAM3 mask,1,0.2,-1,4,5,5.0,False,True,False
grid_scan_paper,Grid Scan Paper,Tile_r044_c028,E6_sam3_deterministic,SAM3 mask,0,0.0,0,2,2,2.0,True,True,True
grid_scan_paper,Grid Scan Paper,Tile_r044_c029,E6_sam3_deterministic,SAM3 mask,0,0.0,0,2,2,2.0,True,True,True
grid_scan_paper,Grid Scan Paper,Tile_r044_c030,E6_sam3_deterministic,SAM3 mask,1,0.1429,1,8,7,7.0,False,True,False
grid_scan_paper,Grid Scan Paper,Tile_r044_c031,E6_sam3_deterministic,SAM3 mask,1,0.0909,1,12,11,11.0,False,True,True
grid_scan_paper,Grid Scan Paper,Tile_r044_c032,E6_sam3_deterministic,SAM3 mask,0,0.0,0,6,6,6.0,True,True,True
grid_scan_paper,Grid Scan Paper,Tile_r044_c033,E6_sam3_deterministic,SAM3 mask,2,0.4,-2,3,5,5.0,False,False,False
grid_scan_paper,Grid Scan Paper,Tile_r044_c036,E6_sam3_deterministic,SAM3 mask,0,0.0,0,1,1,1.0,True,True,True
grid_scan_paper,Grid Scan Paper,Tile_r044_c038,E6_sam3_deterministic,SAM3 mask,0,0.0,0,1,1,1.0,True,True,True
grid_scan_paper,Grid Scan Paper,Tile_r044_c039,E6_sam3_deterministic,SAM3 mask,0,0.0,0,5,5,5.0,True,True,True
grid_scan_paper,Grid Scan Paper,Tile_r044_c041,E6_sam3_deterministic,SAM3 mask,1,1.0,-1,0,1,1.0,False,True,False
grid_scan_paper,Grid Scan Paper,Tile_r044_c042,E6_sam3_deterministic,SAM3 mask,1,0.25,-1,3,4,4.0,False,True,False
grid_scan_paper,Grid Scan Paper,Tile_r044_c043,E6_sam3_deterministic,SAM3 mask,4,1.0,-4,0,4,4.0,False,False,False
grid_scan_paper,Grid Scan Paper,Tile_r044_c044,E6_sam3_deterministic,SAM3 mask,3,1.0,-3,0,3,3.0,False,False,False
grid_scan_paper,Grid Scan Paper,Tile_r044_c045,E6_sam3_deterministic,SAM3 mask,1,0.25,1,5,4,4.0,False,True,False
grid_scan_paper,Grid Scan Paper,Tile_r044_c047,E6_sam3_deterministic,SAM3 mask,1,0.1667,1,7,6,6.0,False,True,False
grid_scan_paper,Grid Scan Paper,Tile_r044_c048,E6_sam3_deterministic,SAM3 mask,1,0.5,-1,1,2,2.0,False,True,False
grid_scan_paper,Grid Scan Paper,Tile_r045_c027,E6_sam3_deterministic,SAM3 mask,0,0.0,0,4,4,4.0,True,True,True
grid_scan_paper,Grid Scan Paper,Tile_r045_c028,E6_sam3_deterministic,SAM3 mask,1,0.2,1,6,5,5.0,False,True,False
grid_scan_paper,Grid Scan Paper,Tile_r045_c030,E6_sam3_deterministic,SAM3 mask,3,1.0,-3,0,3,3.0,False,False,False
grid_scan_paper,Grid Scan Paper,Tile_r045_c031,E6_sam3_deterministic,SAM3 mask,3,0.75,-3,1,4,4.0,False,False,False
grid_scan_paper,Grid Scan Paper,Tile_r045_c032,E6_sam3_deterministic,SAM3 mask,5,1.0,-5,0,5,5.0,False,False,False
grid_scan_paper,Grid Scan Paper,Tile_r045_c035,E6_sam3_deterministic,SAM3 mask,1,1.0,-1,0,1,1.0,False,True,False
grid_scan_paper,Grid Scan Paper,Tile_r045_c036,E6_sam3_deterministic,SAM3 mask,1,0.3333,1,4,3,3.0,False,True,False
grid_scan_paper,Grid Scan Paper,Tile_r045_c037,E6_sam3_deterministic,SAM3 mask,3,1.0,-3,0,3,3.0,False,False,False
grid_scan_paper,Grid Scan Paper,Tile_r045_c038,E6_sam3_deterministic,SAM3 mask,1,1.0,-1,0,1,1.0,False,True,False
grid_scan_paper,Grid Scan Paper,Tile_r045_c039,E6_sam3_deterministic,SAM3 mask,3,1.0,-3,0,3,3.0,False,False,False
grid_scan_paper,Grid Scan Paper,Tile_r045_c041,E6_sam3_deterministic,SAM3 mask,1,0.2,1,6,5,5.0,False,True,False
grid_scan_paper,Grid Scan Paper,Tile_r045_c043,E6_sam3_deterministic,SAM3 mask,7,0.7,7,17,10,10.0,False,False,False
grid_scan_paper,Grid Scan Paper,Tile_r045_c044,E6_sam3_deterministic,SAM3 mask,5,0.625,-5,3,8,8.0,False,False,False
grid_scan_paper,Grid Scan Paper,Tile_r045_c045,E6_sam3_deterministic,SAM3 mask,1,1.0,-1,0,1,1.0,False,True,False
grid_scan_paper,Grid Scan Paper,Tile_r045_c047,E6_sam3_deterministic,SAM3 mask,0,0.0,0,1,1,1.0,True,True,True
grid_scan_paper,Grid Scan Paper,Tile_r045_c048,E6_sam3_deterministic,SAM3 mask,1,1.0,-1,0,1,1.0,False,True,False
grid_scan_paper,Grid Scan Paper,Tile_r045_c049,E6_sam3_deterministic,SAM3 mask,1,1.0,-1,0,1,1.0,False,True,False
grid_scan_paper,Grid Scan Paper,Tile_r046_c026,E6_sam3_deterministic,SAM3 mask,0,0.0,0,2,2,2.0,True,True,True
grid_scan_paper,Grid Scan Paper,Tile_r046_c027,E6_sam3_deterministic,SAM3 mask,0,0.0,0,8,8,8.0,True,True,True
grid_scan_paper,Grid Scan Paper,Tile_r046_c028,E6_sam3_deterministic,SAM3 mask,0,0.0,0,9,9,9.0,True,True,True
grid_scan_paper,Grid Scan Paper,Tile_r046_c029,E6_sam3_deterministic,SAM3 mask,5,1.0,-5,0,5,5.0,False,False,False
grid_scan_paper,Grid Scan Paper,Tile_r046_c030,E6_sam3_deterministic,SAM3 mask,0,0.0,0,3,3,3.0,True,True,True
grid_scan_paper,Grid Scan Paper,Tile_r046_c032,E6_sam3_deterministic,SAM3 mask,0,0.0,0,4,4,4.0,True,True,True
grid_scan_paper,Grid Scan Paper,Tile_r046_c034,E6_sam3_deterministic,SAM3 mask,2,1.0,-2,0,2,2.0,False,False,False
grid_scan_paper,Grid Scan Paper,Tile_r046_c036,E6_sam3_deterministic,SAM3 mask,0,0.0,0,4,4,4.0,True,True,True
grid_scan_paper,Grid Scan Paper,Tile_r046_c038,E6_sam3_deterministic,SAM3 mask,0,0.0,0,3,3,3.0,True,True,True
grid_scan_paper,Grid Scan Paper,Tile_r046_c040,E6_sam3_deterministic,SAM3 mask,3,1.0,-3,0,3,3.0,False,False,False
grid_scan_paper,Grid Scan Paper,Tile_r046_c041,E6_sam3_deterministic,SAM3 mask,0,0.0,0,6,6,6.0,True,True,True
grid_scan_paper,Grid Scan Paper,Tile_r046_c042,E6_sam3_deterministic,SAM3 mask,1,1.0,-1,0,1,1.0,False,True,False
grid_scan_paper,Grid Scan Paper,Tile_r046_c043,E6_sam3_deterministic,SAM3 mask,6,0.75,6,14,8,8.0,False,False,False
grid_scan_paper,Grid Scan Paper,Tile_r046_c045,E6_sam3_deterministic,SAM3 mask,3,1.0,-3,0,3,3.0,False,False,False
grid_scan_paper,Grid Scan Paper,Tile_r046_c048,E6_sam3_deterministic,SAM3 mask,0,0.0,0,1,1,1.0,True,True,True
grid_scan_paper,Grid Scan Paper,Tile_r036_c026,E7_sam3_overlay_vlm,SAM3 overlay,1,0.1667,1,7,6,6.0,False,True,False
grid_scan_paper,Grid Scan Paper,Tile_r036_c027,E7_sam3_overlay_vlm,SAM3 overlay,0,0.0,0,1,1,1.0,True,True,True
grid_scan_paper,Grid Scan Paper,Tile_r036_c031,E7_sam3_overlay_vlm,SAM3 overlay,2,2.0,2,3,1,1.0,False,False,False
grid_scan_paper,Grid Scan Paper,Tile_r036_c040,E7_sam3_overlay_vlm,SAM3 overlay,0,0.0,0,2,2,2.0,True,True,True
grid_scan_paper,Grid Scan Paper,Tile_r036_c041,E7_sam3_overlay_vlm,SAM3 overlay,1,0.25,-1,3,4,4.0,False,True,False
grid_scan_paper,Grid Scan Paper,Tile_r036_c042,E7_sam3_overlay_vlm,SAM3 overlay,0,0.0,0,1,1,1.0,True,True,True
grid_scan_paper,Grid Scan Paper,Tile_r036_c044,E7_sam3_overlay_vlm,SAM3 overlay,6,0.8571,-6,1,7,7.0,False,False,False
grid_scan_paper,Grid Scan Paper,Tile_r036_c047,E7_sam3_overlay_vlm,SAM3 overlay,1,0.5,-1,1,2,2.0,False,True,False
grid_scan_paper,Grid Scan Paper,Tile_r036_c048,E7_sam3_overlay_vlm,SAM3 overlay,0,0.0,0,1,1,1.0,True,True,True
grid_scan_paper,Grid Scan Paper,Tile_r036_c049,E7_sam3_overlay_vlm,SAM3 overlay,2,0.4,2,7,5,5.0,False,False,False
grid_scan_paper,Grid Scan Paper,Tile_r037_c026,E7_sam3_overlay_vlm,SAM3 overlay,2,0.6667,-2,1,3,3.0,False,False,False
grid_scan_paper,Grid Scan Paper,Tile_r037_c028,E7_sam3_overlay_vlm,SAM3 overlay,2,0.6667,-2,1,3,3.0,False,False,False
grid_scan_paper,Grid Scan Paper,Tile_r037_c032,E7_sam3_overlay_vlm,SAM3 overlay,0,0.0,0,1,1,1.0,True,True,True
grid_scan_paper,Grid Scan Paper,Tile_r037_c037,E7_sam3_overlay_vlm,SAM3 overlay,5,0.7143,-5,2,7,7.0,False,False,False
grid_scan_paper,Grid Scan Paper,Tile_r037_c044,E7_sam3_overlay_vlm,SAM3 overlay,3,0.1667,-3,15,18,18.0,False,False,False
grid_scan_paper,Grid Scan Paper,Tile_r037_c046,E7_sam3_overlay_vlm,SAM3 overlay,5,0.625,-5,3,8,8.0,False,False,False
grid_scan_paper,Grid Scan Paper,Tile_r037_c047,E7_sam3_overlay_vlm,SAM3 overlay,2,0.25,-2,6,8,8.0,False,False,False
grid_scan_paper,Grid Scan Paper,Tile_r037_c048,E7_sam3_overlay_vlm,SAM3 overlay,4,0.6667,-4,2,6,6.0,False,False,False
grid_scan_paper,Grid Scan Paper,Tile_r037_c049,E7_sam3_overlay_vlm,SAM3 overlay,1,0.2,-1,4,5,5.0,False,True,False
grid_scan_paper,Grid Scan Paper,Tile_r038_c028,E7_sam3_overlay_vlm,SAM3 overlay,0,0.0,0,1,1,1.0,True,True,True
grid_scan_paper,Grid Scan Paper,Tile_r038_c031,E7_sam3_overlay_vlm,SAM3 overlay,1,0.5,-1,1,2,2.0,False,True,False
grid_scan_paper,Grid Scan Paper,Tile_r038_c036,E7_sam3_overlay_vlm,SAM3 overlay,8,0.7273,8,19,11,11.0,False,False,False
grid_scan_paper,Grid Scan Paper,Tile_r038_c038,E7_sam3_overlay_vlm,SAM3 overlay,1,1.0,1,2,1,1.0,False,True,False
grid_scan_paper,Grid Scan Paper,Tile_r038_c042,E7_sam3_overlay_vlm,SAM3 overlay,1,0.3333,-1,2,3,3.0,False,True,False
grid_scan_paper,Grid Scan Paper,Tile_r038_c043,E7_sam3_overlay_vlm,SAM3 overlay,1,0.5,1,3,2,2.0,False,True,False
grid_scan_paper,Grid Scan Paper,Tile_r038_c044,E7_sam3_overlay_vlm,SAM3 overlay,3,0.6,-3,2,5,5.0,False,False,False
grid_scan_paper,Grid Scan Paper,Tile_r038_c045,E7_sam3_overlay_vlm,SAM3 overlay,5,1.6667,5,8,3,3.0,False,False,False
grid_scan_paper,Grid Scan Paper,Tile_r038_c046,E7_sam3_overlay_vlm,SAM3 overlay,4,0.8,4,9,5,5.0,False,False,False
grid_scan_paper,Grid Scan Paper,Tile_r038_c047,E7_sam3_overlay_vlm,SAM3 overlay,0,0.0,0,9,9,9.0,True,True,True
grid_scan_paper,Grid Scan Paper,Tile_r038_c048,E7_sam3_overlay_vlm,SAM3 overlay,5,0.5,5,15,10,10.0,False,False,False
grid_scan_paper,Grid Scan Paper,Tile_r038_c049,E7_sam3_overlay_vlm,SAM3 overlay,5,0.5556,5,14,9,9.0,False,False,False
grid_scan_paper,Grid Scan Paper,Tile_r039_c031,E7_sam3_overlay_vlm,SAM3 overlay,3,0.75,-3,1,4,4.0,False,False,False
grid_scan_paper,Grid Scan Paper,Tile_r039_c034,E7_sam3_overlay_vlm,SAM3 overlay,1,1.0,1,2,1,1.0,False,True,False
grid_scan_paper,Grid Scan Paper,Tile_r039_c036,E7_sam3_overlay_vlm,SAM3 overlay,3,0.6,-3,2,5,5.0,False,False,False
grid_scan_paper,Grid Scan Paper,Tile_r039_c038,E7_sam3_overlay_vlm,SAM3 overlay,0,0.0,0,1,1,1.0,True,True,True
grid_scan_paper,Grid Scan Paper,Tile_r039_c039,E7_sam3_overlay_vlm,SAM3 overlay,0,0.0,0,1,1,1.0,True,True,True
grid_scan_paper,Grid Scan Paper,Tile_r039_c040,E7_sam3_overlay_vlm,SAM3 overlay,1,0.25,-1,3,4,4.0,False,True,False
grid_scan_paper,Grid Scan Paper,Tile_r039_c041,E7_sam3_overlay_vlm,SAM3 overlay,1,0.25,-1,3,4,4.0,False,True,False
grid_scan_paper,Grid Scan Paper,Tile_r039_c042,E7_sam3_overlay_vlm,SAM3 overlay,0,0.0,0,4,4,4.0,True,True,True
grid_scan_paper,Grid Scan Paper,Tile_r039_c043,E7_sam3_overlay_vlm,SAM3 overlay,1,0.5,-1,1,2,2.0,False,True,False
grid_scan_paper,Grid Scan Paper,Tile_r039_c044,E7_sam3_overlay_vlm,SAM3 overlay,2,0.2222,2,11,9,9.0,False,False,False
grid_scan_paper,Grid Scan Paper,Tile_r039_c045,E7_sam3_overlay_vlm,SAM3 overlay,3,0.6,3,8,5,5.0,False,False,False
grid_scan_paper,Grid Scan Paper,Tile_r039_c046,E7_sam3_overlay_vlm,SAM3 overlay,4,0.3333,4,16,12,12.0,False,False,False
grid_scan_paper,Grid Scan Paper,Tile_r039_c047,E7_sam3_overlay_vlm,SAM3 overlay,3,0.3333,3,12,9,9.0,False,False,False
grid_scan_paper,Grid Scan Paper,Tile_r039_c048,E7_sam3_overlay_vlm,SAM3 overlay,13,1.0833,13,25,12,12.0,False,False,False
grid_scan_paper,Grid Scan Paper,Tile_r039_c049,E7_sam3_overlay_vlm,SAM3 overlay,1,0.1429,1,8,7,7.0,False,True,False
grid_scan_paper,Grid Scan Paper,Tile_r040_c028,E7_sam3_overlay_vlm,SAM3 overlay,0,0.0,0,1,1,1.0,True,True,True
grid_scan_paper,Grid Scan Paper,Tile_r040_c029,E7_sam3_overlay_vlm,SAM3 overlay,4,0.6667,4,10,6,6.0,False,False,False
grid_scan_paper,Grid Scan Paper,Tile_r040_c035,E7_sam3_overlay_vlm,SAM3 overlay,2,0.6667,-2,1,3,3.0,False,False,False
grid_scan_paper,Grid Scan Paper,Tile_r040_c036,E7_sam3_overlay_vlm,SAM3 overlay,2,0.4,2,7,5,5.0,False,False,False
grid_scan_paper,Grid Scan Paper,Tile_r040_c038,E7_sam3_overlay_vlm,SAM3 overlay,1,0.3333,1,4,3,3.0,False,True,False
grid_scan_paper,Grid Scan Paper,Tile_r040_c039,E7_sam3_overlay_vlm,SAM3 overlay,1,0.3333,-1,2,3,3.0,False,True,False
grid_scan_paper,Grid Scan Paper,Tile_r040_c040,E7_sam3_overlay_vlm,SAM3 overlay,1,0.3333,1,4,3,3.0,False,True,False
grid_scan_paper,Grid Scan Paper,Tile_r040_c041,E7_sam3_overlay_vlm,SAM3 overlay,3,0.75,-3,1,4,4.0,False,False,False
grid_scan_paper,Grid Scan Paper,Tile_r040_c043,E7_sam3_overlay_vlm,SAM3 overlay,1,0.5,-1,1,2,2.0,False,True,False
grid_scan_paper,Grid Scan Paper,Tile_r040_c044,E7_sam3_overlay_vlm,SAM3 overlay,11,3.6667,11,14,3,3.0,False,False,False
grid_scan_paper,Grid Scan Paper,Tile_r040_c047,E7_sam3_overlay_vlm,SAM3 overlay,5,1.0,5,10,5,5.0,False,False,False
grid_scan_paper,Grid Scan Paper,Tile_r040_c048,E7_sam3_overlay_vlm,SAM3 overlay,4,0.4,4,14,10,10.0,False,False,False
grid_scan_paper,Grid Scan Paper,Tile_r040_c049,E7_sam3_overlay_vlm,SAM3 overlay,0,0.0,0,3,3,3.0,True,True,True
grid_scan_paper,Grid Scan Paper,Tile_r041_c029,E7_sam3_overlay_vlm,SAM3 overlay,1,1.0,1,2,1,1.0,False,True,False
grid_scan_paper,Grid Scan Paper,Tile_r041_c032,E7_sam3_overlay_vlm,SAM3 overlay,1,0.1429,1,8,7,7.0,False,True,False
grid_scan_paper,Grid Scan Paper,Tile_r041_c033,E7_sam3_overlay_vlm,SAM3 overlay,2,0.6667,-2,1,3,3.0,False,False,False
grid_scan_paper,Grid Scan Paper,Tile_r041_c034,E7_sam3_overlay_vlm,SAM3 overlay,0,0.0,0,1,1,1.0,True,True,True
grid_scan_paper,Grid Scan Paper,Tile_r041_c035,E7_sam3_overlay_vlm,SAM3 overlay,2,0.5,-2,2,4,4.0,False,False,False
grid_scan_paper,Grid Scan Paper,Tile_r041_c036,E7_sam3_overlay_vlm,SAM3 overlay,1,0.5,1,3,2,2.0,False,True,False
grid_scan_paper,Grid Scan Paper,Tile_r041_c037,E7_sam3_overlay_vlm,SAM3 overlay,1,0.1667,1,7,6,6.0,False,True,False
grid_scan_paper,Grid Scan Paper,Tile_r041_c038,E7_sam3_overlay_vlm,SAM3 overlay,1,0.3333,1,4,3,3.0,False,True,False
grid_scan_paper,Grid Scan Paper,Tile_r041_c039,E7_sam3_overlay_vlm,SAM3 overlay,12,1.5,12,20,8,8.0,False,False,False
grid_scan_paper,Grid Scan Paper,Tile_r041_c040,E7_sam3_overlay_vlm,SAM3 overlay,13,1.1818,13,24,11,11.0,False,False,False
grid_scan_paper,Grid Scan Paper,Tile_r041_c041,E7_sam3_overlay_vlm,SAM3 overlay,0,0.0,0,5,5,5.0,True,True,True
grid_scan_paper,Grid Scan Paper,Tile_r041_c042,E7_sam3_overlay_vlm,SAM3 overlay,0,0.0,0,2,2,2.0,True,True,True
grid_scan_paper,Grid Scan Paper,Tile_r041_c044,E7_sam3_overlay_vlm,SAM3 overlay,0,0.0,0,2,2,2.0,True,True,True
grid_scan_paper,Grid Scan Paper,Tile_r041_c045,E7_sam3_overlay_vlm,SAM3 overlay,0,0.0,0,2,2,2.0,True,True,True
grid_scan_paper,Grid Scan Paper,Tile_r041_c046,E7_sam3_overlay_vlm,SAM3 overlay,2,0.5,2,6,4,4.0,False,False,False
grid_scan_paper,Grid Scan Paper,Tile_r041_c047,E7_sam3_overlay_vlm,SAM3 overlay,0,0.0,0,8,8,8.0,True,True,True
grid_scan_paper,Grid Scan Paper,Tile_r041_c048,E7_sam3_overlay_vlm,SAM3 overlay,1,0.1667,1,7,6,6.0,False,True,False
grid_scan_paper,Grid Scan Paper,Tile_r042_c026,E7_sam3_overlay_vlm,SAM3 overlay,0,0.0,0,1,1,1.0,True,True,True
grid_scan_paper,Grid Scan Paper,Tile_r042_c029,E7_sam3_overlay_vlm,SAM3 overlay,0,0.0,0,1,1,1.0,True,True,True
grid_scan_paper,Grid Scan Paper,Tile_r042_c030,E7_sam3_overlay_vlm,SAM3 overlay,1,0.5,1,3,2,2.0,False,True,False
grid_scan_paper,Grid Scan Paper,Tile_r042_c031,E7_sam3_overlay_vlm,SAM3 overlay,0,0.0,0,2,2,2.0,True,True,True
grid_scan_paper,Grid Scan Paper,Tile_r042_c032,E7_sam3_overlay_vlm,SAM3 overlay,6,0.6667,6,15,9,9.0,False,False,False
grid_scan_paper,Grid Scan Paper,Tile_r042_c033,E7_sam3_overlay_vlm,SAM3 overlay,0,0.0,0,6,6,6.0,True,True,True
grid_scan_paper,Grid Scan Paper,Tile_r042_c034,E7_sam3_overlay_vlm,SAM3 overlay,0,0.0,0,1,1,1.0,True,True,True
grid_scan_paper,Grid Scan Paper,Tile_r042_c035,E7_sam3_overlay_vlm,SAM3 overlay,0,0.0,0,6,6,6.0,True,True,True
grid_scan_paper,Grid Scan Paper,Tile_r042_c036,E7_sam3_overlay_vlm,SAM3 overlay,0,0.0,0,2,2,2.0,True,True,True
grid_scan_paper,Grid Scan Paper,Tile_r042_c038,E7_sam3_overlay_vlm,SAM3 overlay,3,0.75,3,7,4,4.0,False,False,False
grid_scan_paper,Grid Scan Paper,Tile_r042_c039,E7_sam3_overlay_vlm,SAM3 overlay,12,1.0909,12,23,11,11.0,False,False,False
grid_scan_paper,Grid Scan Paper,Tile_r042_c040,E7_sam3_overlay_vlm,SAM3 overlay,3,1.0,3,6,3,3.0,False,False,False
grid_scan_paper,Grid Scan Paper,Tile_r042_c042,E7_sam3_overlay_vlm,SAM3 overlay,1,0.1667,-1,5,6,6.0,False,True,False
grid_scan_paper,Grid Scan Paper,Tile_r042_c045,E7_sam3_overlay_vlm,SAM3 overlay,4,0.8,-4,1,5,5.0,False,False,False
grid_scan_paper,Grid Scan Paper,Tile_r042_c046,E7_sam3_overlay_vlm,SAM3 overlay,7,2.3333,7,10,3,3.0,False,False,False
grid_scan_paper,Grid Scan Paper,Tile_r042_c047,E7_sam3_overlay_vlm,SAM3 overlay,2,0.4,2,7,5,5.0,False,False,False
grid_scan_paper,Grid Scan Paper,Tile_r042_c048,E7_sam3_overlay_vlm,SAM3 overlay,5,1.25,5,9,4,4.0,False,False,False
grid_scan_paper,Grid Scan Paper,Tile_r042_c049,E7_sam3_overlay_vlm,SAM3 overlay,1,0.3333,1,4,3,3.0,False,True,False
grid_scan_paper,Grid Scan Paper,Tile_r043_c027,E7_sam3_overlay_vlm,SAM3 overlay,0,0.0,0,2,2,2.0,True,True,True
grid_scan_paper,Grid Scan Paper,Tile_r043_c028,E7_sam3_overlay_vlm,SAM3 overlay,1,0.5,-1,1,2,2.0,False,True,False
grid_scan_paper,Grid Scan Paper,Tile_r043_c029,E7_sam3_overlay_vlm,SAM3 overlay,0,0.0,0,3,3,3.0,True,True,True
grid_scan_paper,Grid Scan Paper,Tile_r043_c030,E7_sam3_overlay_vlm,SAM3 overlay,0,0.0,0,5,5,5.0,True,True,True
grid_scan_paper,Grid Scan Paper,Tile_r043_c031,E7_sam3_overlay_vlm,SAM3 overlay,0,0.0,0,4,4,4.0,True,True,True
grid_scan_paper,Grid Scan Paper,Tile_r043_c032,E7_sam3_overlay_vlm,SAM3 overlay,8,1.1429,8,15,7,7.0,False,False,False
grid_scan_paper,Grid Scan Paper,Tile_r043_c033,E7_sam3_overlay_vlm,SAM3 overlay,7,0.875,7,15,8,8.0,False,False,False
grid_scan_paper,Grid Scan Paper,Tile_r043_c034,E7_sam3_overlay_vlm,SAM3 overlay,0,0.0,0,2,2,2.0,True,True,True
grid_scan_paper,Grid Scan Paper,Tile_r043_c035,E7_sam3_overlay_vlm,SAM3 overlay,0,0.0,0,3,3,3.0,True,True,True
grid_scan_paper,Grid Scan Paper,Tile_r043_c037,E7_sam3_overlay_vlm,SAM3 overlay,0,0.0,0,1,1,1.0,True,True,True
grid_scan_paper,Grid Scan Paper,Tile_r043_c038,E7_sam3_overlay_vlm,SAM3 overlay,1,0.1429,-1,6,7,7.0,False,True,False
grid_scan_paper,Grid Scan Paper,Tile_r043_c040,E7_sam3_overlay_vlm,SAM3 overlay,0,0.0,0,3,3,3.0,True,True,True
grid_scan_paper,Grid Scan Paper,Tile_r043_c041,E7_sam3_overlay_vlm,SAM3 overlay,2,0.6667,2,5,3,3.0,False,False,False
grid_scan_paper,Grid Scan Paper,Tile_r043_c042,E7_sam3_overlay_vlm,SAM3 overlay,3,0.6,-3,2,5,5.0,False,False,False
grid_scan_paper,Grid Scan Paper,Tile_r043_c043,E7_sam3_overlay_vlm,SAM3 overlay,1,0.3333,1,4,3,3.0,False,True,False
grid_scan_paper,Grid Scan Paper,Tile_r043_c044,E7_sam3_overlay_vlm,SAM3 overlay,0,0.0,0,6,6,6.0,True,True,True
grid_scan_paper,Grid Scan Paper,Tile_r043_c045,E7_sam3_overlay_vlm,SAM3 overlay,1,0.1667,1,7,6,6.0,False,True,False
grid_scan_paper,Grid Scan Paper,Tile_r043_c046,E7_sam3_overlay_vlm,SAM3 overlay,3,1.0,3,6,3,3.0,False,False,False
grid_scan_paper,Grid Scan Paper,Tile_r043_c047,E7_sam3_overlay_vlm,SAM3 overlay,0,0.0,0,2,2,2.0,True,True,True
grid_scan_paper,Grid Scan Paper,Tile_r043_c048,E7_sam3_overlay_vlm,SAM3 overlay,1,0.25,1,5,4,4.0,False,True,False
grid_scan_paper,Grid Scan Paper,Tile_r043_c049,E7_sam3_overlay_vlm,SAM3 overlay,1,0.2,1,6,5,5.0,False,True,False
grid_scan_paper,Grid Scan Paper,Tile_r044_c028,E7_sam3_overlay_vlm,SAM3 overlay,1,0.5,-1,1,2,2.0,False,True,False
grid_scan_paper,Grid Scan Paper,Tile_r044_c029,E7_sam3_overlay_vlm,SAM3 overlay,0,0.0,0,2,2,2.0,True,True,True
grid_scan_paper,Grid Scan Paper,Tile_r044_c030,E7_sam3_overlay_vlm,SAM3 overlay,5,0.7143,5,12,7,7.0,False,False,False
grid_scan_paper,Grid Scan Paper,Tile_r044_c031,E7_sam3_overlay_vlm,SAM3 overlay,5,0.4545,5,16,11,11.0,False,False,False
grid_scan_paper,Grid Scan Paper,Tile_r044_c032,E7_sam3_overlay_vlm,SAM3 overlay,1,0.1667,1,7,6,6.0,False,True,False
grid_scan_paper,Grid Scan Paper,Tile_r044_c033,E7_sam3_overlay_vlm,SAM3 overlay,3,0.6,-3,2,5,5.0,False,False,False
grid_scan_paper,Grid Scan Paper,Tile_r044_c036,E7_sam3_overlay_vlm,SAM3 overlay,0,0.0,0,1,1,1.0,True,True,True
grid_scan_paper,Grid Scan Paper,Tile_r044_c038,E7_sam3_overlay_vlm,SAM3 overlay,0,0.0,0,1,1,1.0,True,True,True
grid_scan_paper,Grid Scan Paper,Tile_r044_c039,E7_sam3_overlay_vlm,SAM3 overlay,0,0.0,0,5,5,5.0,True,True,True
grid_scan_paper,Grid Scan Paper,Tile_r044_c041,E7_sam3_overlay_vlm,SAM3 overlay,0,0.0,0,1,1,1.0,True,True,True
grid_scan_paper,Grid Scan Paper,Tile_r044_c042,E7_sam3_overlay_vlm,SAM3 overlay,2,0.5,-2,2,4,4.0,False,False,False
grid_scan_paper,Grid Scan Paper,Tile_r044_c043,E7_sam3_overlay_vlm,SAM3 overlay,1,0.25,1,5,4,4.0,False,True,False
grid_scan_paper,Grid Scan Paper,Tile_r044_c044,E7_sam3_overlay_vlm,SAM3 overlay,0,0.0,0,3,3,3.0,True,True,True
grid_scan_paper,Grid Scan Paper,Tile_r044_c045,E7_sam3_overlay_vlm,SAM3 overlay,1,0.25,1,5,4,4.0,False,True,False
grid_scan_paper,Grid Scan Paper,Tile_r044_c047,E7_sam3_overlay_vlm,SAM3 overlay,6,1.0,6,12,6,6.0,False,False,False
grid_scan_paper,Grid Scan Paper,Tile_r044_c048,E7_sam3_overlay_vlm,SAM3 overlay,1,0.5,-1,1,2,2.0,False,True,False
grid_scan_paper,Grid Scan Paper,Tile_r045_c027,E7_sam3_overlay_vlm,SAM3 overlay,2,0.5,-2,2,4,4.0,False,False,False
grid_scan_paper,Grid Scan Paper,Tile_r045_c028,E7_sam3_overlay_vlm,SAM3 overlay,4,0.8,4,9,5,5.0,False,False,False
grid_scan_paper,Grid Scan Paper,Tile_r045_c030,E7_sam3_overlay_vlm,SAM3 overlay,1,0.3333,1,4,3,3.0,False,True,False
grid_scan_paper,Grid Scan Paper,Tile_r045_c031,E7_sam3_overlay_vlm,SAM3 overlay,2,0.5,-2,2,4,4.0,False,False,False
grid_scan_paper,Grid Scan Paper,Tile_r045_c032,E7_sam3_overlay_vlm,SAM3 overlay,5,1.0,-5,0,5,5.0,False,False,False
grid_scan_paper,Grid Scan Paper,Tile_r045_c035,E7_sam3_overlay_vlm,SAM3 overlay,0,0.0,0,1,1,1.0,True,True,True
grid_scan_paper,Grid Scan Paper,Tile_r045_c036,E7_sam3_overlay_vlm,SAM3 overlay,1,0.3333,1,4,3,3.0,False,True,False
grid_scan_paper,Grid Scan Paper,Tile_r045_c037,E7_sam3_overlay_vlm,SAM3 overlay,0,0.0,0,3,3,3.0,True,True,True
grid_scan_paper,Grid Scan Paper,Tile_r045_c038,E7_sam3_overlay_vlm,SAM3 overlay,0,0.0,0,1,1,1.0,True,True,True
grid_scan_paper,Grid Scan Paper,Tile_r045_c039,E7_sam3_overlay_vlm,SAM3 overlay,0,0.0,0,3,3,3.0,True,True,True
grid_scan_paper,Grid Scan Paper,Tile_r045_c041,E7_sam3_overlay_vlm,SAM3 overlay,1,0.2,1,6,5,5.0,False,True,False
grid_scan_paper,Grid Scan Paper,Tile_r045_c043,E7_sam3_overlay_vlm,SAM3 overlay,9,0.9,9,19,10,10.0,False,False,False
grid_scan_paper,Grid Scan Paper,Tile_r045_c044,E7_sam3_overlay_vlm,SAM3 overlay,6,0.75,-6,2,8,8.0,False,False,False
grid_scan_paper,Grid Scan Paper,Tile_r045_c045,E7_sam3_overlay_vlm,SAM3 overlay,1,1.0,-1,0,1,1.0,False,True,False
grid_scan_paper,Grid Scan Paper,Tile_r045_c047,E7_sam3_overlay_vlm,SAM3 overlay,0,0.0,0,1,1,1.0,True,True,True
grid_scan_paper,Grid Scan Paper,Tile_r045_c048,E7_sam3_overlay_vlm,SAM3 overlay,0,0.0,0,1,1,1.0,True,True,True
grid_scan_paper,Grid Scan Paper,Tile_r045_c049,E7_sam3_overlay_vlm,SAM3 overlay,0,0.0,0,1,1,1.0,True,True,True
grid_scan_paper,Grid Scan Paper,Tile_r046_c026,E7_sam3_overlay_vlm,SAM3 overlay,2,1.0,2,4,2,2.0,False,False,False
grid_scan_paper,Grid Scan Paper,Tile_r046_c027,E7_sam3_overlay_vlm,SAM3 overlay,0,0.0,0,8,8,8.0,True,True,True
grid_scan_paper,Grid Scan Paper,Tile_r046_c028,E7_sam3_overlay_vlm,SAM3 overlay,1,0.1111,1,10,9,9.0,False,True,False
grid_scan_paper,Grid Scan Paper,Tile_r046_c029,E7_sam3_overlay_vlm,SAM3 overlay,0,0.0,0,5,5,5.0,True,True,True
grid_scan_paper,Grid Scan Paper,Tile_r046_c030,E7_sam3_overlay_vlm,SAM3 overlay,0,0.0,0,3,3,3.0,True,True,True
grid_scan_paper,Grid Scan Paper,Tile_r046_c032,E7_sam3_overlay_vlm,SAM3 overlay,0,0.0,0,4,4,4.0,True,True,True
grid_scan_paper,Grid Scan Paper,Tile_r046_c034,E7_sam3_overlay_vlm,SAM3 overlay,0,0.0,0,2,2,2.0,True,True,True
grid_scan_paper,Grid Scan Paper,Tile_r046_c036,E7_sam3_overlay_vlm,SAM3 overlay,4,1.0,4,8,4,4.0,False,False,False
grid_scan_paper,Grid Scan Paper,Tile_r046_c038,E7_sam3_overlay_vlm,SAM3 overlay,1,0.3333,1,4,3,3.0,False,True,False
grid_scan_paper,Grid Scan Paper,Tile_r046_c040,E7_sam3_overlay_vlm,SAM3 overlay,0,0.0,0,3,3,3.0,True,True,True
grid_scan_paper,Grid Scan Paper,Tile_r046_c041,E7_sam3_overlay_vlm,SAM3 overlay,0,0.0,0,6,6,6.0,True,True,True
grid_scan_paper,Grid Scan Paper,Tile_r046_c042,E7_sam3_overlay_vlm,SAM3 overlay,1,1.0,-1,0,1,1.0,False,True,False
grid_scan_paper,Grid Scan Paper,Tile_r046_c043,E7_sam3_overlay_vlm,SAM3 overlay,7,0.875,7,15,8,8.0,False,False,False
grid_scan_paper,Grid Scan Paper,Tile_r046_c045,E7_sam3_overlay_vlm,SAM3 overlay,0,0.0,0,3,3,3.0,True,True,True
grid_scan_paper,Grid Scan Paper,Tile_r046_c048,E7_sam3_overlay_vlm,SAM3 overlay,0,0.0,0,1,1,1.0,True,True,True
validation_unc_luca,Rettenberger Uncertainty,luca_unc_high_mag_000,E1_raw_vlm,VLM,0,0.0,0,0,0,1.0,True,True,True
validation_unc_luca,Rettenberger Uncertainty,luca_unc_high_mag_001,E1_raw_vlm,VLM,8,0.4444,-8,0,8,18.0,False,False,False
validation_unc_luca,Rettenberger Uncertainty,luca_unc_high_mag_002,E1_raw_vlm,VLM,4,0.4444,-4,0,4,9.0,False,False,False
validation_unc_luca,Rettenberger Uncertainty,luca_unc_high_mag_003,E1_raw_vlm,VLM,5,0.2857,-5,0,5,17.5,False,False,False
validation_unc_luca,Rettenberger Uncertainty,luca_unc_high_mag_004,E1_raw_vlm,VLM,16,0.4507,-16,0,16,35.5,False,False,False
validation_unc_luca,Rettenberger Uncertainty,luca_unc_high_mag_005,E1_raw_vlm,VLM,7,0.5,-7,0,7,14.0,False,False,False
validation_unc_luca,Rettenberger Uncertainty,luca_unc_high_mag_006,E1_raw_vlm,VLM,5,0.5,-5,0,5,10.0,False,False,False
validation_unc_luca,Rettenberger Uncertainty,luca_unc_high_mag_007,E1_raw_vlm,VLM,4,0.5333,-4,0,4,7.5,False,False,False
validation_unc_luca,Rettenberger Uncertainty,luca_unc_high_mag_008,E1_raw_vlm,VLM,1,0.2222,-1,0,1,4.5,False,True,False
validation_unc_luca,Rettenberger Uncertainty,luca_unc_high_mag_009,E1_raw_vlm,VLM,4,0.5714,-4,0,4,7.0,False,False,False
validation_unc_luca,Rettenberger Uncertainty,luca_unc_high_mag_010,E1_raw_vlm,VLM,15,0.4839,-15,0,15,31.0,False,False,False
validation_unc_luca,Rettenberger Uncertainty,luca_unc_high_mag_011,E1_raw_vlm,VLM,8,0.5714,-8,0,8,14.0,False,False,False
validation_unc_luca,Rettenberger Uncertainty,luca_unc_high_mag_012,E1_raw_vlm,VLM,7,0.6364,-7,0,7,11.0,False,False,False
validation_unc_luca,Rettenberger Uncertainty,luca_unc_high_mag_013,E1_raw_vlm,VLM,10,0.625,-10,0,10,16.0,False,False,False
validation_unc_luca,Rettenberger Uncertainty,luca_unc_high_mag_014,E1_raw_vlm,VLM,6,0.5714,-6,0,6,10.5,False,False,False
validation_unc_luca,Rettenberger Uncertainty,luca_unc_high_mag_015,E1_raw_vlm,VLM,4,0.381,-4,0,4,10.5,False,False,False
validation_unc_luca,Rettenberger Uncertainty,luca_unc_high_mag_016,E1_raw_vlm,VLM,7,0.6087,-7,0,7,11.5,False,False,False
validation_unc_luca,Rettenberger Uncertainty,luca_unc_high_mag_017,E1_raw_vlm,VLM,2,0.5,-2,0,2,4.0,False,False,False
validation_unc_luca,Rettenberger Uncertainty,luca_unc_high_mag_018,E1_raw_vlm,VLM,6,0.375,-6,0,6,16.0,False,False,False
validation_unc_luca,Rettenberger Uncertainty,luca_unc_high_mag_019,E1_raw_vlm,VLM,47,0.5434,-47,0,47,86.5,False,False,False
validation_unc_luca,Rettenberger Uncertainty,luca_unc_high_mag_020,E1_raw_vlm,VLM,4,0.5,-4,0,4,8.0,False,False,False
validation_unc_luca,Rettenberger Uncertainty,luca_unc_high_mag_021,E1_raw_vlm,VLM,6,0.5455,-6,0,6,11.0,False,False,False
validation_unc_luca,Rettenberger Uncertainty,luca_unc_high_mag_022,E1_raw_vlm,VLM,8,0.5926,-8,0,8,13.5,False,False,False
validation_unc_luca,Rettenberger Uncertainty,luca_unc_high_mag_023,E1_raw_vlm,VLM,8,0.4848,-8,0,8,16.5,False,False,False
validation_unc_luca,Rettenberger Uncertainty,luca_unc_high_mag_024,E1_raw_vlm,VLM,4,0.5714,-4,0,4,7.0,False,False,False
validation_unc_luca,Rettenberger Uncertainty,luca_unc_high_mag_025,E1_raw_vlm,VLM,2,0.3636,-2,0,2,5.5,False,False,False
validation_unc_luca,Rettenberger Uncertainty,luca_unc_high_mag_026,E1_raw_vlm,VLM,6,0.5714,-6,0,6,10.5,False,False,False
validation_unc_luca,Rettenberger Uncertainty,luca_unc_high_mag_027,E1_raw_vlm,VLM,8,0.4571,-8,0,8,17.5,False,False,False
validation_unc_luca,Rettenberger Uncertainty,luca_unc_high_mag_028,E1_raw_vlm,VLM,7,0.4242,-7,0,7,16.5,False,False,False
validation_unc_luca,Rettenberger Uncertainty,luca_unc_high_mag_029,E1_raw_vlm,VLM,1,0.4,-1,0,1,2.5,False,True,False
validation_unc_luca,Rettenberger Uncertainty,luca_unc_high_mag_030,E1_raw_vlm,VLM,24,0.5783,-24,0,24,41.5,False,False,False
validation_unc_luca,Rettenberger Uncertainty,luca_unc_high_mag_031,E1_raw_vlm,VLM,2,0.3333,-2,0,2,6.0,False,False,False
validation_unc_luca,Rettenberger Uncertainty,luca_unc_high_mag_032,E1_raw_vlm,VLM,8,0.6154,-8,0,8,13.0,False,False,False
validation_unc_luca,Rettenberger Uncertainty,luca_unc_high_mag_033,E1_raw_vlm,VLM,6,0.5,-6,0,6,12.0,False,False,False
validation_unc_luca,Rettenberger Uncertainty,luca_unc_high_mag_034,E1_raw_vlm,VLM,4,0.5714,-4,0,4,7.0,False,False,False
validation_unc_luca,Rettenberger Uncertainty,luca_unc_high_mag_035,E1_raw_vlm,VLM,4,0.4,-4,0,4,10.0,False,False,False
validation_unc_luca,Rettenberger Uncertainty,luca_unc_high_mag_036,E1_raw_vlm,VLM,4,0.6154,-4,0,4,6.5,False,False,False
validation_unc_luca,Rettenberger Uncertainty,luca_unc_high_mag_037,E1_raw_vlm,VLM,12,0.4528,-12,0,12,26.5,False,False,False
validation_unc_luca,Rettenberger Uncertainty,luca_unc_high_mag_038,E1_raw_vlm,VLM,3,0.4615,-3,0,3,6.5,False,False,False
validation_unc_luca,Rettenberger Uncertainty,luca_unc_high_mag_039,E1_raw_vlm,VLM,18,0.5625,-18,0,18,32.0,False,False,False
validation_unc_luca,Rettenberger Uncertainty,luca_unc_low_mag_000,E1_raw_vlm,VLM,5,0.303,-5,0,5,16.5,False,False,False
validation_unc_luca,Rettenberger Uncertainty,luca_unc_low_mag_001,E1_raw_vlm,VLM,15,0.5556,-15,0,15,27.0,False,False,False
validation_unc_luca,Rettenberger Uncertainty,luca_unc_low_mag_002,E1_raw_vlm,VLM,21,0.5526,-21,0,21,38.0,False,False,False
validation_unc_luca,Rettenberger Uncertainty,luca_unc_low_mag_003,E1_raw_vlm,VLM,10,0.625,-10,0,10,16.0,False,False,False
validation_unc_luca,Rettenberger Uncertainty,luca_unc_low_mag_004,E1_raw_vlm,VLM,4,0.5,-4,0,4,8.0,False,False,False
validation_unc_luca,Rettenberger Uncertainty,luca_unc_low_mag_005,E1_raw_vlm,VLM,3,0.1224,-3,0,3,24.5,False,False,False
validation_unc_luca,Rettenberger Uncertainty,luca_unc_low_mag_006,E1_raw_vlm,VLM,6,0.0769,-6,0,6,78.0,False,False,True
validation_unc_luca,Rettenberger Uncertainty,luca_unc_low_mag_007,E1_raw_vlm,VLM,20,0.367,-20,0,20,54.5,False,False,False
validation_unc_luca,Rettenberger Uncertainty,luca_unc_low_mag_008,E1_raw_vlm,VLM,35,0.4895,-35,0,35,71.5,False,False,False
validation_unc_luca,Rettenberger Uncertainty,luca_unc_low_mag_009,E1_raw_vlm,VLM,83,0.3924,-83,0,83,211.5,False,False,False
validation_unc_luca,Rettenberger Uncertainty,luca_unc_low_mag_010,E1_raw_vlm,VLM,31,0.6667,-31,0,31,46.5,False,False,False
validation_unc_luca,Rettenberger Uncertainty,luca_unc_low_mag_011,E1_raw_vlm,VLM,1,0.5,-1,0,1,2.0,False,True,False
validation_unc_luca,Rettenberger Uncertainty,luca_unc_low_mag_012,E1_raw_vlm,VLM,2,0.1333,-2,0,2,15.0,False,False,False
validation_unc_luca,Rettenberger Uncertainty,luca_unc_low_mag_013,E1_raw_vlm,VLM,2,0.5714,-2,0,2,3.5,False,False,False
validation_unc_luca,Rettenberger Uncertainty,luca_unc_low_mag_014,E1_raw_vlm,VLM,3,0.4,-3,0,3,7.5,False,False,False
validation_unc_luca,Rettenberger Uncertainty,luca_unc_low_mag_015,E1_raw_vlm,VLM,3,0.5455,-3,0,3,5.5,False,False,False
validation_unc_luca,Rettenberger Uncertainty,luca_unc_low_mag_016,E1_raw_vlm,VLM,3,0.3529,-3,0,3,8.5,False,False,False
validation_unc_luca,Rettenberger Uncertainty,luca_unc_low_mag_017,E1_raw_vlm,VLM,1,0.3333,-1,0,1,3.0,False,True,False
validation_unc_luca,Rettenberger Uncertainty,luca_unc_low_mag_018,E1_raw_vlm,VLM,1,0.6667,-1,0,1,1.5,False,True,False
validation_unc_luca,Rettenberger Uncertainty,luca_unc_low_mag_019,E1_raw_vlm,VLM,2,0.6667,-2,0,2,3.0,False,False,False
validation_unc_luca,Rettenberger Uncertainty,luca_unc_low_mag_020,E1_raw_vlm,VLM,2,0.5,-2,0,2,4.0,False,False,False
validation_unc_luca,Rettenberger Uncertainty,luca_unc_low_mag_021,E1_raw_vlm,VLM,23,0.6216,-23,0,23,37.0,False,False,False
validation_unc_luca,Rettenberger Uncertainty,luca_unc_low_mag_022,E1_raw_vlm,VLM,5,0.5556,-5,0,5,9.0,False,False,False
validation_unc_luca,Rettenberger Uncertainty,luca_unc_low_mag_023,E1_raw_vlm,VLM,11,0.5238,-11,0,11,21.0,False,False,False
validation_unc_luca,Rettenberger Uncertainty,luca_unc_low_mag_024,E1_raw_vlm,VLM,18,0.6429,-18,0,18,28.0,False,False,False
validation_unc_luca,Rettenberger Uncertainty,luca_unc_low_mag_025,E1_raw_vlm,VLM,11,0.6111,-11,0,11,18.0,False,False,False
validation_unc_luca,Rettenberger Uncertainty,luca_unc_low_mag_026,E1_raw_vlm,VLM,9,0.6207,-9,0,9,14.5,False,False,False
validation_unc_luca,Rettenberger Uncertainty,luca_unc_low_mag_027,E1_raw_vlm,VLM,48,0.5217,-48,0,48,92.0,False,False,False
validation_unc_luca,Rettenberger Uncertainty,luca_unc_low_mag_028,E1_raw_vlm,VLM,25,0.4587,-25,0,25,54.5,False,False,False
validation_unc_luca,Rettenberger Uncertainty,luca_unc_low_mag_029,E1_raw_vlm,VLM,32,0.4776,-32,0,32,67.0,False,False,False
validation_unc_luca,Rettenberger Uncertainty,luca_unc_low_mag_030,E1_raw_vlm,VLM,51,0.5862,-51,0,51,87.0,False,False,False
validation_unc_luca,Rettenberger Uncertainty,luca_unc_low_mag_031,E1_raw_vlm,VLM,25,0.6329,-25,0,25,39.5,False,False,False
validation_unc_luca,Rettenberger Uncertainty,luca_unc_low_mag_032,E1_raw_vlm,VLM,49,0.6203,-49,0,49,79.0,False,False,False
validation_unc_luca,Rettenberger Uncertainty,luca_unc_low_mag_033,E1_raw_vlm,VLM,45,0.6164,-45,0,45,73.0,False,False,False
validation_unc_luca,Rettenberger Uncertainty,luca_unc_low_mag_034,E1_raw_vlm,VLM,49,0.6447,-49,0,49,76.0,False,False,False
validation_unc_luca,Rettenberger Uncertainty,luca_unc_low_mag_035,E1_raw_vlm,VLM,33,0.528,-33,0,33,62.5,False,False,False
validation_unc_luca,Rettenberger Uncertainty,luca_unc_low_mag_036,E1_raw_vlm,VLM,44,0.5677,-44,0,44,77.5,False,False,False
validation_unc_luca,Rettenberger Uncertainty,luca_unc_low_mag_037,E1_raw_vlm,VLM,50,0.5848,-50,0,50,85.5,False,False,False
validation_unc_luca,Rettenberger Uncertainty,luca_unc_low_mag_038,E1_raw_vlm,VLM,24,0.5783,-24,0,24,41.5,False,False,False
validation_unc_luca,Rettenberger Uncertainty,luca_unc_low_mag_039,E1_raw_vlm,VLM,26,0.5977,-26,0,26,43.5,False,False,False
validation_unc_luca,Rettenberger Uncertainty,luca_unc_low_mag_040,E1_raw_vlm,VLM,27,0.4615,-27,0,27,58.5,False,False,False
validation_unc_luca,Rettenberger Uncertainty,luca_unc_low_mag_041,E1_raw_vlm,VLM,38,0.5984,-38,0,38,63.5,False,False,False
validation_unc_luca,Rettenberger Uncertainty,luca_unc_low_mag_042,E1_raw_vlm,VLM,31,0.5487,-31,0,31,56.5,False,False,False
validation_unc_luca,Rettenberger Uncertainty,luca_unc_low_mag_043,E1_raw_vlm,VLM,27,0.4615,-27,0,27,58.5,False,False,False
validation_unc_luca,Rettenberger Uncertainty,luca_unc_low_mag_044,E1_raw_vlm,VLM,50,0.4274,-50,0,50,117.0,False,False,False
validation_unc_luca,Rettenberger Uncertainty,luca_unc_low_mag_045,E1_raw_vlm,VLM,10,0.3846,-10,0,10,26.0,False,False,False
validation_unc_luca,Rettenberger Uncertainty,luca_unc_low_mag_046,E1_raw_vlm,VLM,41,0.5694,-41,0,41,72.0,False,False,False
validation_unc_luca,Rettenberger Uncertainty,luca_unc_low_mag_047,E1_raw_vlm,VLM,40,0.404,-40,0,40,99.0,False,False,False
validation_unc_luca,Rettenberger Uncertainty,luca_unc_low_mag_048,E1_raw_vlm,VLM,11,0.25,-11,0,11,44.0,False,False,False
validation_unc_luca,Rettenberger Uncertainty,luca_unc_low_mag_049,E1_raw_vlm,VLM,22,0.449,-22,0,22,49.0,False,False,False
validation_unc_luca,Rettenberger Uncertainty,luca_unc_low_mag_050,E1_raw_vlm,VLM,11,0.2444,-11,0,11,45.0,False,False,False
validation_unc_luca,Rettenberger Uncertainty,luca_unc_high_mag_000,E2_sam2_deterministic,SAM2 mask,30,30.0,32,32,0,1.0,False,False,False
validation_unc_luca,Rettenberger Uncertainty,luca_unc_high_mag_001,E2_sam2_deterministic,SAM2 mask,0,0.0,2,10,8,18.0,True,True,True
validation_unc_luca,Rettenberger Uncertainty,luca_unc_high_mag_002,E2_sam2_deterministic,SAM2 mask,2,0.2222,12,16,4,9.0,False,False,False
validation_unc_luca,Rettenberger Uncertainty,luca_unc_high_mag_003,E2_sam2_deterministic,SAM2 mask,0,0.0,4,9,5,17.5,True,True,True
validation_unc_luca,Rettenberger Uncertainty,luca_unc_high_mag_004,E2_sam2_deterministic,SAM2 mask,11,0.3099,-11,5,16,35.5,False,False,False
validation_unc_luca,Rettenberger Uncertainty,luca_unc_high_mag_005,E2_sam2_deterministic,SAM2 mask,0,0.0,2,9,7,14.0,True,True,True
validation_unc_luca,Rettenberger Uncertainty,luca_unc_high_mag_006,E2_sam2_deterministic,SAM2 mask,4,0.4,-4,1,5,10.0,False,False,False
validation_unc_luca,Rettenberger Uncertainty,luca_unc_high_mag_007,E2_sam2_deterministic,SAM2 mask,0,0.0,0,4,4,7.5,True,True,True
validation_unc_luca,Rettenberger Uncertainty,luca_unc_high_mag_008,E2_sam2_deterministic,SAM2 mask,8,1.7778,15,16,1,4.5,False,False,False
validation_unc_luca,Rettenberger Uncertainty,luca_unc_high_mag_009,E2_sam2_deterministic,SAM2 mask,0,0.0,2,6,4,7.0,True,True,True
validation_unc_luca,Rettenberger Uncertainty,luca_unc_high_mag_010,E2_sam2_deterministic,SAM2 mask,6,0.1935,-6,9,15,31.0,False,False,False
validation_unc_luca,Rettenberger Uncertainty,luca_unc_high_mag_011,E2_sam2_deterministic,SAM2 mask,7,0.5,-7,1,8,14.0,False,False,False
validation_unc_luca,Rettenberger Uncertainty,luca_unc_high_mag_012,E2_sam2_deterministic,SAM2 mask,1,0.0909,-1,6,7,11.0,False,True,True
validation_unc_luca,Rettenberger Uncertainty,luca_unc_high_mag_013,E2_sam2_deterministic,SAM2 mask,2,0.125,-2,8,10,16.0,False,False,False
validation_unc_luca,Rettenberger Uncertainty,luca_unc_high_mag_014,E2_sam2_deterministic,SAM2 mask,0,0.0,6,12,6,10.5,True,True,True
validation_unc_luca,Rettenberger Uncertainty,luca_unc_high_mag_015,E2_sam2_deterministic,SAM2 mask,0,0.0,1,5,4,10.5,True,True,True
validation_unc_luca,Rettenberger Uncertainty,luca_unc_high_mag_016,E2_sam2_deterministic,SAM2 mask,0,0.0,1,8,7,11.5,True,True,True
validation_unc_luca,Rettenberger Uncertainty,luca_unc_high_mag_017,E2_sam2_deterministic,SAM2 mask,3,0.75,7,9,2,4.0,False,False,False
validation_unc_luca,Rettenberger Uncertainty,luca_unc_high_mag_018,E2_sam2_deterministic,SAM2 mask,0,0.0,5,11,6,16.0,True,True,True
validation_unc_luca,Rettenberger Uncertainty,luca_unc_high_mag_019,E2_sam2_deterministic,SAM2 mask,39,0.4509,-39,8,47,86.5,False,False,False
validation_unc_luca,Rettenberger Uncertainty,luca_unc_high_mag_020,E2_sam2_deterministic,SAM2 mask,0,0.0,0,4,4,8.0,True,True,True
validation_unc_luca,Rettenberger Uncertainty,luca_unc_high_mag_021,E2_sam2_deterministic,SAM2 mask,0,0.0,6,12,6,11.0,True,True,True
validation_unc_luca,Rettenberger Uncertainty,luca_unc_high_mag_022,E2_sam2_deterministic,SAM2 mask,0,0.0,6,14,8,13.5,True,True,True
validation_unc_luca,Rettenberger Uncertainty,luca_unc_high_mag_023,E2_sam2_deterministic,SAM2 mask,0,0.0,10,18,8,16.5,True,True,True
validation_unc_luca,Rettenberger Uncertainty,luca_unc_high_mag_024,E2_sam2_deterministic,SAM2 mask,9,1.2857,15,19,4,7.0,False,False,False
validation_unc_luca,Rettenberger Uncertainty,luca_unc_high_mag_025,E2_sam2_deterministic,SAM2 mask,0,0.0,1,3,2,5.5,True,True,True
validation_unc_luca,Rettenberger Uncertainty,luca_unc_high_mag_026,E2_sam2_deterministic,SAM2 mask,5,0.4762,-5,1,6,10.5,False,False,False
validation_unc_luca,Rettenberger Uncertainty,luca_unc_high_mag_027,E2_sam2_deterministic,SAM2 mask,0,0.0,1,9,8,17.5,True,True,True
validation_unc_luca,Rettenberger Uncertainty,luca_unc_high_mag_028,E2_sam2_deterministic,SAM2 mask,4,0.2424,-4,3,7,16.5,False,False,False
validation_unc_luca,Rettenberger Uncertainty,luca_unc_high_mag_029,E2_sam2_deterministic,SAM2 mask,3,1.2,6,7,1,2.5,False,False,False
validation_unc_luca,Rettenberger Uncertainty,luca_unc_high_mag_030,E2_sam2_deterministic,SAM2 mask,22,0.5301,-22,2,24,41.5,False,False,False
validation_unc_luca,Rettenberger Uncertainty,luca_unc_high_mag_031,E2_sam2_deterministic,SAM2 mask,2,0.3333,10,12,2,6.0,False,False,False
validation_unc_luca,Rettenberger Uncertainty,luca_unc_high_mag_032,E2_sam2_deterministic,SAM2 mask,7,0.5385,-7,1,8,13.0,False,False,False
validation_unc_luca,Rettenberger Uncertainty,luca_unc_high_mag_033,E2_sam2_deterministic,SAM2 mask,0,0.0,4,10,6,12.0,True,True,True
validation_unc_luca,Rettenberger Uncertainty,luca_unc_high_mag_034,E2_sam2_deterministic,SAM2 mask,26,3.7143,32,36,4,7.0,False,False,False
validation_unc_luca,Rettenberger Uncertainty,luca_unc_high_mag_035,E2_sam2_deterministic,SAM2 mask,2,0.2,14,18,4,10.0,False,False,False
validation_unc_luca,Rettenberger Uncertainty,luca_unc_high_mag_036,E2_sam2_deterministic,SAM2 mask,2,0.3077,7,11,4,6.5,False,False,False
validation_unc_luca,Rettenberger Uncertainty,luca_unc_high_mag_037,E2_sam2_deterministic,SAM2 mask,4,0.1509,-4,8,12,26.5,False,False,False
validation_unc_luca,Rettenberger Uncertainty,luca_unc_high_mag_038,E2_sam2_deterministic,SAM2 mask,0,0.0,7,10,3,6.5,True,True,True
validation_unc_luca,Rettenberger Uncertainty,luca_unc_high_mag_039,E2_sam2_deterministic,SAM2 mask,10,0.3125,-10,8,18,32.0,False,False,False
validation_unc_luca,Rettenberger Uncertainty,luca_unc_low_mag_000,E2_sam2_deterministic,SAM2 mask,0,0.0,1,6,5,16.5,True,True,True
validation_unc_luca,Rettenberger Uncertainty,luca_unc_low_mag_001,E2_sam2_deterministic,SAM2 mask,12,0.4444,-12,3,15,27.0,False,False,False
validation_unc_luca,Rettenberger Uncertainty,luca_unc_low_mag_002,E2_sam2_deterministic,SAM2 mask,9,0.2368,-9,12,21,38.0,False,False,False
validation_unc_luca,Rettenberger Uncertainty,luca_unc_low_mag_003,E2_sam2_deterministic,SAM2 mask,9,0.5625,-9,1,10,16.0,False,False,False
validation_unc_luca,Rettenberger Uncertainty,luca_unc_low_mag_004,E2_sam2_deterministic,SAM2 mask,0,0.0,1,5,4,8.0,True,True,True
validation_unc_luca,Rettenberger Uncertainty,luca_unc_low_mag_005,E2_sam2_deterministic,SAM2 mask,1,0.0408,-1,2,3,24.5,False,True,True
validation_unc_luca,Rettenberger Uncertainty,luca_unc_low_mag_006,E2_sam2_deterministic,SAM2 mask,3,0.0385,-3,3,6,78.0,False,False,True
validation_unc_luca,Rettenberger Uncertainty,luca_unc_low_mag_007,E2_sam2_deterministic,SAM2 mask,14,0.2569,-14,6,20,54.5,False,False,False
validation_unc_luca,Rettenberger Uncertainty,luca_unc_low_mag_008,E2_sam2_deterministic,SAM2 mask,25,0.3497,-25,10,35,71.5,False,False,False
validation_unc_luca,Rettenberger Uncertainty,luca_unc_low_mag_009,E2_sam2_deterministic,SAM2 mask,79,0.3735,-79,4,83,211.5,False,False,False
validation_unc_luca,Rettenberger Uncertainty,luca_unc_low_mag_010,E2_sam2_deterministic,SAM2 mask,23,0.4946,-23,8,31,46.5,False,False,False
validation_unc_luca,Rettenberger Uncertainty,luca_unc_low_mag_011,E2_sam2_deterministic,SAM2 mask,0,0.0,0,1,1,2.0,True,True,True
validation_unc_luca,Rettenberger Uncertainty,luca_unc_low_mag_012,E2_sam2_deterministic,SAM2 mask,0,0.0,18,20,2,15.0,True,True,True
validation_unc_luca,Rettenberger Uncertainty,luca_unc_low_mag_013,E2_sam2_deterministic,SAM2 mask,0,0.0,0,2,2,3.5,True,True,True
validation_unc_luca,Rettenberger Uncertainty,luca_unc_low_mag_014,E2_sam2_deterministic,SAM2 mask,1,0.1333,10,13,3,7.5,False,True,False
validation_unc_luca,Rettenberger Uncertainty,luca_unc_low_mag_015,E2_sam2_deterministic,SAM2 mask,2,0.3636,-2,1,3,5.5,False,False,False
validation_unc_luca,Rettenberger Uncertainty,luca_unc_low_mag_016,E2_sam2_deterministic,SAM2 mask,6,0.7059,17,20,3,8.5,False,False,False
validation_unc_luca,Rettenberger Uncertainty,luca_unc_low_mag_017,E2_sam2_deterministic,SAM2 mask,14,4.6667,18,19,1,3.0,False,False,False
validation_unc_luca,Rettenberger Uncertainty,luca_unc_low_mag_018,E2_sam2_deterministic,SAM2 mask,4,2.6667,5,6,1,1.5,False,False,False
validation_unc_luca,Rettenberger Uncertainty,luca_unc_low_mag_019,E2_sam2_deterministic,SAM2 mask,2,0.6667,4,6,2,3.0,False,False,False
validation_unc_luca,Rettenberger Uncertainty,luca_unc_low_mag_020,E2_sam2_deterministic,SAM2 mask,35,8.75,39,41,2,4.0,False,False,False
validation_unc_luca,Rettenberger Uncertainty,luca_unc_low_mag_021,E2_sam2_deterministic,SAM2 mask,0,0.0,23,46,23,37.0,True,True,True
validation_unc_luca,Rettenberger Uncertainty,luca_unc_low_mag_022,E2_sam2_deterministic,SAM2 mask,21,2.3333,29,34,5,9.0,False,False,False
validation_unc_luca,Rettenberger Uncertainty,luca_unc_low_mag_023,E2_sam2_deterministic,SAM2 mask,4,0.1905,-4,7,11,21.0,False,False,False
validation_unc_luca,Rettenberger Uncertainty,luca_unc_low_mag_024,E2_sam2_deterministic,SAM2 mask,0,0.0,11,29,18,28.0,True,True,True
validation_unc_luca,Rettenberger Uncertainty,luca_unc_low_mag_025,E2_sam2_deterministic,SAM2 mask,0,0.0,11,22,11,18.0,True,True,True
validation_unc_luca,Rettenberger Uncertainty,luca_unc_low_mag_026,E2_sam2_deterministic,SAM2 mask,16,1.1034,27,36,9,14.5,False,False,False
validation_unc_luca,Rettenberger Uncertainty,luca_unc_low_mag_027,E2_sam2_deterministic,SAM2 mask,4,0.0435,-4,44,48,92.0,False,False,True
validation_unc_luca,Rettenberger Uncertainty,luca_unc_low_mag_028,E2_sam2_deterministic,SAM2 mask,0,0.0,7,32,25,54.5,True,True,True
validation_unc_luca,Rettenberger Uncertainty,luca_unc_low_mag_029,E2_sam2_deterministic,SAM2 mask,13,0.194,-13,19,32,67.0,False,False,False
validation_unc_luca,Rettenberger Uncertainty,luca_unc_low_mag_030,E2_sam2_deterministic,SAM2 mask,16,0.1839,-16,35,51,87.0,False,False,False
validation_unc_luca,Rettenberger Uncertainty,luca_unc_low_mag_031,E2_sam2_deterministic,SAM2 mask,0,0.0,14,39,25,39.5,True,True,True
validation_unc_luca,Rettenberger Uncertainty,luca_unc_low_mag_032,E2_sam2_deterministic,SAM2 mask,28,0.3544,-28,21,49,79.0,False,False,False
validation_unc_luca,Rettenberger Uncertainty,luca_unc_low_mag_033,E2_sam2_deterministic,SAM2 mask,13,0.1781,-13,32,45,73.0,False,False,False
validation_unc_luca,Rettenberger Uncertainty,luca_unc_low_mag_034,E2_sam2_deterministic,SAM2 mask,40,0.5263,-40,9,49,76.0,False,False,False
validation_unc_luca,Rettenberger Uncertainty,luca_unc_low_mag_035,E2_sam2_deterministic,SAM2 mask,13,0.208,-13,20,33,62.5,False,False,False
validation_unc_luca,Rettenberger Uncertainty,luca_unc_low_mag_036,E2_sam2_deterministic,SAM2 mask,36,0.4645,-36,8,44,77.5,False,False,False
validation_unc_luca,Rettenberger Uncertainty,luca_unc_low_mag_037,E2_sam2_deterministic,SAM2 mask,40,0.4678,-40,10,50,85.5,False,False,False
validation_unc_luca,Rettenberger Uncertainty,luca_unc_low_mag_038,E2_sam2_deterministic,SAM2 mask,2,0.0482,-2,22,24,41.5,False,False,True
validation_unc_luca,Rettenberger Uncertainty,luca_unc_low_mag_039,E2_sam2_deterministic,SAM2 mask,9,0.2069,-9,17,26,43.5,False,False,False
validation_unc_luca,Rettenberger Uncertainty,luca_unc_low_mag_040,E2_sam2_deterministic,SAM2 mask,21,0.359,-21,6,27,58.5,False,False,False
validation_unc_luca,Rettenberger Uncertainty,luca_unc_low_mag_041,E2_sam2_deterministic,SAM2 mask,15,0.2362,-15,23,38,63.5,False,False,False
validation_unc_luca,Rettenberger Uncertainty,luca_unc_low_mag_042,E2_sam2_deterministic,SAM2 mask,4,0.0708,-4,27,31,56.5,False,False,True
validation_unc_luca,Rettenberger Uncertainty,luca_unc_low_mag_043,E2_sam2_deterministic,SAM2 mask,22,0.3761,-22,5,27,58.5,False,False,False
validation_unc_luca,Rettenberger Uncertainty,luca_unc_low_mag_044,E2_sam2_deterministic,SAM2 mask,29,0.2479,-29,21,50,117.0,False,False,False
validation_unc_luca,Rettenberger Uncertainty,luca_unc_low_mag_045,E2_sam2_deterministic,SAM2 mask,3,0.1154,-3,7,10,26.0,False,False,False
validation_unc_luca,Rettenberger Uncertainty,luca_unc_low_mag_046,E2_sam2_deterministic,SAM2 mask,33,0.4583,-33,8,41,72.0,False,False,False
validation_unc_luca,Rettenberger Uncertainty,luca_unc_low_mag_047,E2_sam2_deterministic,SAM2 mask,22,0.2222,-22,18,40,99.0,False,False,False
validation_unc_luca,Rettenberger Uncertainty,luca_unc_low_mag_048,E2_sam2_deterministic,SAM2 mask,0,0.0,10,21,11,44.0,True,True,True
validation_unc_luca,Rettenberger Uncertainty,luca_unc_low_mag_049,E2_sam2_deterministic,SAM2 mask,0,0.0,6,28,22,49.0,True,True,True
validation_unc_luca,Rettenberger Uncertainty,luca_unc_low_mag_050,E2_sam2_deterministic,SAM2 mask,0,0.0,30,41,11,45.0,True,True,True
validation_unc_luca,Rettenberger Uncertainty,luca_unc_high_mag_000,E3_imggen_deterministic,ImgGen mask,2,2.0,4,4,0,1.0,False,False,False
validation_unc_luca,Rettenberger Uncertainty,luca_unc_high_mag_001,E3_imggen_deterministic,ImgGen mask,0,0.0,10,18,8,18.0,True,True,True
validation_unc_luca,Rettenberger Uncertainty,luca_unc_high_mag_002,E3_imggen_deterministic,ImgGen mask,1,0.1111,11,15,4,9.0,False,True,False
validation_unc_luca,Rettenberger Uncertainty,luca_unc_high_mag_003,E3_imggen_deterministic,ImgGen mask,0,0.0,4,9,5,17.5,True,True,True
validation_unc_luca,Rettenberger Uncertainty,luca_unc_high_mag_004,E3_imggen_deterministic,ImgGen mask,0,0.0,0,16,16,35.5,True,True,True
validation_unc_luca,Rettenberger Uncertainty,luca_unc_high_mag_005,E3_imggen_deterministic,ImgGen mask,0,0.0,1,8,7,14.0,True,True,True
validation_unc_luca,Rettenberger Uncertainty,luca_unc_high_mag_006,E3_imggen_deterministic,ImgGen mask,1,0.1,-1,4,5,10.0,False,True,True
validation_unc_luca,Rettenberger Uncertainty,luca_unc_high_mag_007,E3_imggen_deterministic,ImgGen mask,3,0.4,10,14,4,7.5,False,False,False
validation_unc_luca,Rettenberger Uncertainty,luca_unc_high_mag_008,E3_imggen_deterministic,ImgGen mask,1,0.2222,8,9,1,4.5,False,True,False
validation_unc_luca,Rettenberger Uncertainty,luca_unc_high_mag_009,E3_imggen_deterministic,ImgGen mask,0,0.0,1,5,4,7.0,True,True,True
validation_unc_luca,Rettenberger Uncertainty,luca_unc_high_mag_010,E3_imggen_deterministic,ImgGen mask,4,0.129,-4,11,15,31.0,False,False,False
validation_unc_luca,Rettenberger Uncertainty,luca_unc_high_mag_011,E3_imggen_deterministic,ImgGen mask,97,6.9286,109,117,8,14.0,False,False,False
validation_unc_luca,Rettenberger Uncertainty,luca_unc_high_mag_012,E3_imggen_deterministic,ImgGen mask,0,0.0,7,14,7,11.0,True,True,True
validation_unc_luca,Rettenberger Uncertainty,luca_unc_high_mag_013,E3_imggen_deterministic,ImgGen mask,0,0.0,6,16,10,16.0,True,True,True
validation_unc_luca,Rettenberger Uncertainty,luca_unc_high_mag_014,E3_imggen_deterministic,ImgGen mask,2,0.1905,-2,4,6,10.5,False,False,False
validation_unc_luca,Rettenberger Uncertainty,luca_unc_high_mag_015,E3_imggen_deterministic,ImgGen mask,0,0.0,9,13,4,10.5,True,True,True
validation_unc_luca,Rettenberger Uncertainty,luca_unc_high_mag_016,E3_imggen_deterministic,ImgGen mask,0,0.0,3,10,7,11.5,True,True,True
validation_unc_luca,Rettenberger Uncertainty,luca_unc_high_mag_017,E3_imggen_deterministic,ImgGen mask,0,0.0,1,3,2,4.0,True,True,True
validation_unc_luca,Rettenberger Uncertainty,luca_unc_high_mag_018,E3_imggen_deterministic,ImgGen mask,3,0.1875,-3,3,6,16.0,False,False,False
validation_unc_luca,Rettenberger Uncertainty,luca_unc_high_mag_019,E3_imggen_deterministic,ImgGen mask,38,0.4393,-38,9,47,86.5,False,False,False
validation_unc_luca,Rettenberger Uncertainty,luca_unc_high_mag_020,E3_imggen_deterministic,ImgGen mask,0,0.0,5,9,4,8.0,True,True,True
validation_unc_luca,Rettenberger Uncertainty,luca_unc_high_mag_021,E3_imggen_deterministic,ImgGen mask,15,1.3636,25,31,6,11.0,False,False,False
validation_unc_luca,Rettenberger Uncertainty,luca_unc_high_mag_022,E3_imggen_deterministic,ImgGen mask,6,0.4444,-6,2,8,13.5,False,False,False
validation_unc_luca,Rettenberger Uncertainty,luca_unc_high_mag_023,E3_imggen_deterministic,ImgGen mask,0,0.0,14,22,8,16.5,True,True,True
validation_unc_luca,Rettenberger Uncertainty,luca_unc_high_mag_024,E3_imggen_deterministic,ImgGen mask,31,4.4286,37,41,4,7.0,False,False,False
validation_unc_luca,Rettenberger Uncertainty,luca_unc_high_mag_025,E3_imggen_deterministic,ImgGen mask,0,0.0,5,7,2,5.5,True,True,True
validation_unc_luca,Rettenberger Uncertainty,luca_unc_high_mag_026,E3_imggen_deterministic,ImgGen mask,0,0.0,3,9,6,10.5,True,True,True
validation_unc_luca,Rettenberger Uncertainty,luca_unc_high_mag_027,E3_imggen_deterministic,ImgGen mask,31,1.7714,50,58,8,17.5,False,False,False
validation_unc_luca,Rettenberger Uncertainty,luca_unc_high_mag_028,E3_imggen_deterministic,ImgGen mask,5,0.303,-5,2,7,16.5,False,False,False
validation_unc_luca,Rettenberger Uncertainty,luca_unc_high_mag_029,E3_imggen_deterministic,ImgGen mask,3,1.2,6,7,1,2.5,False,False,False
validation_unc_luca,Rettenberger Uncertainty,luca_unc_high_mag_030,E3_imggen_deterministic,ImgGen mask,19,0.4578,-19,5,24,41.5,False,False,False
validation_unc_luca,Rettenberger Uncertainty,luca_unc_high_mag_031,E3_imggen_deterministic,ImgGen mask,10,1.6667,18,20,2,6.0,False,False,False
validation_unc_luca,Rettenberger Uncertainty,luca_unc_high_mag_032,E3_imggen_deterministic,ImgGen mask,4,0.3077,-4,4,8,13.0,False,False,False
validation_unc_luca,Rettenberger Uncertainty,luca_unc_high_mag_033,E3_imggen_deterministic,ImgGen mask,0,0.0,3,9,6,12.0,True,True,True
validation_unc_luca,Rettenberger Uncertainty,luca_unc_high_mag_034,E3_imggen_deterministic,ImgGen mask,61,8.7143,67,71,4,7.0,False,False,False
validation_unc_luca,Rettenberger Uncertainty,luca_unc_high_mag_035,E3_imggen_deterministic,ImgGen mask,0,0.0,11,15,4,10.0,True,True,True
validation_unc_luca,Rettenberger Uncertainty,luca_unc_high_mag_036,E3_imggen_deterministic,ImgGen mask,4,0.6154,9,13,4,6.5,False,False,False
validation_unc_luca,Rettenberger Uncertainty,luca_unc_high_mag_037,E3_imggen_deterministic,ImgGen mask,9,0.3396,-9,3,12,26.5,False,False,False
validation_unc_luca,Rettenberger Uncertainty,luca_unc_high_mag_038,E3_imggen_deterministic,ImgGen mask,0,0.0,4,7,3,6.5,True,True,True
validation_unc_luca,Rettenberger Uncertainty,luca_unc_high_mag_039,E3_imggen_deterministic,ImgGen mask,10,0.3125,-10,8,18,32.0,False,False,False
validation_unc_luca,Rettenberger Uncertainty,luca_unc_low_mag_000,E3_imggen_deterministic,ImgGen mask,7,0.4242,30,35,5,16.5,False,False,False
validation_unc_luca,Rettenberger Uncertainty,luca_unc_low_mag_001,E3_imggen_deterministic,ImgGen mask,1,0.037,25,40,15,27.0,False,True,True
validation_unc_luca,Rettenberger Uncertainty,luca_unc_low_mag_002,E3_imggen_deterministic,ImgGen mask,0,0.0,1,22,21,38.0,True,True,True
validation_unc_luca,Rettenberger Uncertainty,luca_unc_low_mag_003,E3_imggen_deterministic,ImgGen mask,5,0.3125,-5,5,10,16.0,False,False,False
validation_unc_luca,Rettenberger Uncertainty,luca_unc_low_mag_004,E3_imggen_deterministic,ImgGen mask,11,1.375,19,23,4,8.0,False,False,False
validation_unc_luca,Rettenberger Uncertainty,luca_unc_low_mag_005,E3_imggen_deterministic,ImgGen mask,2,0.0816,-2,1,3,24.5,False,False,True
validation_unc_luca,Rettenberger Uncertainty,luca_unc_low_mag_006,E3_imggen_deterministic,ImgGen mask,1,0.0128,-1,5,6,78.0,False,True,True
validation_unc_luca,Rettenberger Uncertainty,luca_unc_low_mag_007,E3_imggen_deterministic,ImgGen mask,17,0.3119,-17,3,20,54.5,False,False,False
validation_unc_luca,Rettenberger Uncertainty,luca_unc_low_mag_008,E3_imggen_deterministic,ImgGen mask,25,0.3497,-25,10,35,71.5,False,False,False
validation_unc_luca,Rettenberger Uncertainty,luca_unc_low_mag_009,E3_imggen_deterministic,ImgGen mask,82,0.3877,-82,1,83,211.5,False,False,False
validation_unc_luca,Rettenberger Uncertainty,luca_unc_low_mag_010,E3_imggen_deterministic,ImgGen mask,0,0.0,7,38,31,46.5,True,True,True
validation_unc_luca,Rettenberger Uncertainty,luca_unc_low_mag_011,E3_imggen_deterministic,ImgGen mask,0,0.0,1,2,1,2.0,True,True,True
validation_unc_luca,Rettenberger Uncertainty,luca_unc_low_mag_012,E3_imggen_deterministic,ImgGen mask,10,0.6667,36,38,2,15.0,False,False,False
validation_unc_luca,Rettenberger Uncertainty,luca_unc_low_mag_013,E3_imggen_deterministic,ImgGen mask,1,0.2857,-1,1,2,3.5,False,True,False
validation_unc_luca,Rettenberger Uncertainty,luca_unc_low_mag_014,E3_imggen_deterministic,ImgGen mask,3,0.4,12,15,3,7.5,False,False,False
validation_unc_luca,Rettenberger Uncertainty,luca_unc_low_mag_015,E3_imggen_deterministic,ImgGen mask,6,1.0909,11,14,3,5.5,False,False,False
validation_unc_luca,Rettenberger Uncertainty,luca_unc_low_mag_016,E3_imggen_deterministic,ImgGen mask,0,0.0,8,11,3,8.5,True,True,True
validation_unc_luca,Rettenberger Uncertainty,luca_unc_low_mag_017,E3_imggen_deterministic,ImgGen mask,10,3.3333,14,15,1,3.0,False,False,False
validation_unc_luca,Rettenberger Uncertainty,luca_unc_low_mag_018,E3_imggen_deterministic,ImgGen mask,6,4.0,7,8,1,1.5,False,False,False
validation_unc_luca,Rettenberger Uncertainty,luca_unc_low_mag_019,E3_imggen_deterministic,ImgGen mask,4,1.3333,6,8,2,3.0,False,False,False
validation_unc_luca,Rettenberger Uncertainty,luca_unc_low_mag_020,E3_imggen_deterministic,ImgGen mask,336,84.0,340,342,2,4.0,False,False,False
validation_unc_luca,Rettenberger Uncertainty,luca_unc_low_mag_021,E3_imggen_deterministic,ImgGen mask,65,1.7568,93,116,23,37.0,False,False,False
validation_unc_luca,Rettenberger Uncertainty,luca_unc_low_mag_022,E3_imggen_deterministic,ImgGen mask,433,48.1111,441,446,5,9.0,False,False,False
validation_unc_luca,Rettenberger Uncertainty,luca_unc_low_mag_023,E3_imggen_deterministic,ImgGen mask,0,0.0,5,16,11,21.0,True,True,True
validation_unc_luca,Rettenberger Uncertainty,luca_unc_low_mag_024,E3_imggen_deterministic,ImgGen mask,107,3.8214,127,145,18,28.0,False,False,False
validation_unc_luca,Rettenberger Uncertainty,luca_unc_low_mag_025,E3_imggen_deterministic,ImgGen mask,0,0.0,11,22,11,18.0,True,True,True
validation_unc_luca,Rettenberger Uncertainty,luca_unc_low_mag_026,E3_imggen_deterministic,ImgGen mask,41,2.8276,52,61,9,14.5,False,False,False
validation_unc_luca,Rettenberger Uncertainty,luca_unc_low_mag_027,E3_imggen_deterministic,ImgGen mask,0,0.0,9,57,48,92.0,True,True,True
validation_unc_luca,Rettenberger Uncertainty,luca_unc_low_mag_028,E3_imggen_deterministic,ImgGen mask,0,0.0,26,51,25,54.5,True,True,True
validation_unc_luca,Rettenberger Uncertainty,luca_unc_low_mag_029,E3_imggen_deterministic,ImgGen mask,0,0.0,18,50,32,67.0,True,True,True
validation_unc_luca,Rettenberger Uncertainty,luca_unc_low_mag_030,E3_imggen_deterministic,ImgGen mask,0,0.0,27,78,51,87.0,True,True,True
validation_unc_luca,Rettenberger Uncertainty,luca_unc_low_mag_031,E3_imggen_deterministic,ImgGen mask,23,0.5823,52,77,25,39.5,False,False,False
validation_unc_luca,Rettenberger Uncertainty,luca_unc_low_mag_032,E3_imggen_deterministic,ImgGen mask,12,0.1519,-12,37,49,79.0,False,False,False
validation_unc_luca,Rettenberger Uncertainty,luca_unc_low_mag_033,E3_imggen_deterministic,ImgGen mask,16,0.2192,-16,29,45,73.0,False,False,False
validation_unc_luca,Rettenberger Uncertainty,luca_unc_low_mag_034,E3_imggen_deterministic,ImgGen mask,42,0.5526,-42,7,49,76.0,False,False,False
validation_unc_luca,Rettenberger Uncertainty,luca_unc_low_mag_035,E3_imggen_deterministic,ImgGen mask,237,3.792,296,329,33,62.5,False,False,False
validation_unc_luca,Rettenberger Uncertainty,luca_unc_low_mag_036,E3_imggen_deterministic,ImgGen mask,0,0.0,22,66,44,77.5,True,True,True
validation_unc_luca,Rettenberger Uncertainty,luca_unc_low_mag_037,E3_imggen_deterministic,ImgGen mask,0,0.0,6,56,50,85.5,True,True,True
validation_unc_luca,Rettenberger Uncertainty,luca_unc_low_mag_038,E3_imggen_deterministic,ImgGen mask,134,3.2289,169,193,24,41.5,False,False,False
validation_unc_luca,Rettenberger Uncertainty,luca_unc_low_mag_039,E3_imggen_deterministic,ImgGen mask,5,0.1149,-5,21,26,43.5,False,False,False
validation_unc_luca,Rettenberger Uncertainty,luca_unc_low_mag_040,E3_imggen_deterministic,ImgGen mask,19,0.3248,-19,8,27,58.5,False,False,False
validation_unc_luca,Rettenberger Uncertainty,luca_unc_low_mag_041,E3_imggen_deterministic,ImgGen mask,0,0.0,32,70,38,63.5,True,True,True
validation_unc_luca,Rettenberger Uncertainty,luca_unc_low_mag_042,E3_imggen_deterministic,ImgGen mask,0,0.0,7,38,31,56.5,True,True,True
validation_unc_luca,Rettenberger Uncertainty,luca_unc_low_mag_043,E3_imggen_deterministic,ImgGen mask,8,0.1368,-8,19,27,58.5,False,False,False
validation_unc_luca,Rettenberger Uncertainty,luca_unc_low_mag_044,E3_imggen_deterministic,ImgGen mask,0,0.0,4,54,50,117.0,True,True,True
validation_unc_luca,Rettenberger Uncertainty,luca_unc_low_mag_045,E3_imggen_deterministic,ImgGen mask,2,0.0769,34,44,10,26.0,False,False,True
validation_unc_luca,Rettenberger Uncertainty,luca_unc_low_mag_046,E3_imggen_deterministic,ImgGen mask,35,0.4861,-35,6,41,72.0,False,False,False
validation_unc_luca,Rettenberger Uncertainty,luca_unc_low_mag_047,E3_imggen_deterministic,ImgGen mask,0,0.0,86,126,40,99.0,True,True,True
validation_unc_luca,Rettenberger Uncertainty,luca_unc_low_mag_048,E3_imggen_deterministic,ImgGen mask,0,0.0,37,48,11,44.0,True,True,True
validation_unc_luca,Rettenberger Uncertainty,luca_unc_low_mag_049,E3_imggen_deterministic,ImgGen mask,0,0.0,25,47,22,49.0,True,True,True
validation_unc_luca,Rettenberger Uncertainty,luca_unc_low_mag_050,E3_imggen_deterministic,ImgGen mask,0,0.0,60,71,11,45.0,True,True,True
validation_unc_luca,Rettenberger Uncertainty,luca_unc_high_mag_000,E4_sam2_overlay_vlm,SAM2 overlay,2,2.0,4,4,0,1.0,False,False,False
validation_unc_luca,Rettenberger Uncertainty,luca_unc_high_mag_001,E4_sam2_overlay_vlm,SAM2 overlay,0,0.0,4,12,8,18.0,True,True,True
validation_unc_luca,Rettenberger Uncertainty,luca_unc_high_mag_002,E4_sam2_overlay_vlm,SAM2 overlay,2,0.2222,12,16,4,9.0,False,False,False
validation_unc_luca,Rettenberger Uncertainty,luca_unc_high_mag_003,E4_sam2_overlay_vlm,SAM2 overlay,0,0.0,2,7,5,17.5,True,True,True
validation_unc_luca,Rettenberger Uncertainty,luca_unc_high_mag_004,E4_sam2_overlay_vlm,SAM2 overlay,12,0.338,-12,4,16,35.5,False,False,False
validation_unc_luca,Rettenberger Uncertainty,luca_unc_high_mag_005,E4_sam2_overlay_vlm,SAM2 overlay,0,0.0,2,9,7,14.0,True,True,True
validation_unc_luca,Rettenberger Uncertainty,luca_unc_high_mag_006,E4_sam2_overlay_vlm,SAM2 overlay,0,0.0,3,8,5,10.0,True,True,True
validation_unc_luca,Rettenberger Uncertainty,luca_unc_high_mag_007,E4_sam2_overlay_vlm,SAM2 overlay,0,0.0,0,4,4,7.5,True,True,True
validation_unc_luca,Rettenberger Uncertainty,luca_unc_high_mag_008,E4_sam2_overlay_vlm,SAM2 overlay,2,0.4444,9,10,1,4.5,False,False,False
validation_unc_luca,Rettenberger Uncertainty,luca_unc_high_mag_009,E4_sam2_overlay_vlm,SAM2 overlay,0,0.0,1,5,4,7.0,True,True,True
validation_unc_luca,Rettenberger Uncertainty,luca_unc_high_mag_010,E4_sam2_overlay_vlm,SAM2 overlay,5,0.1613,-5,10,15,31.0,False,False,False
validation_unc_luca,Rettenberger Uncertainty,luca_unc_high_mag_011,E4_sam2_overlay_vlm,SAM2 overlay,36,2.5714,48,56,8,14.0,False,False,False
validation_unc_luca,Rettenberger Uncertainty,luca_unc_high_mag_012,E4_sam2_overlay_vlm,SAM2 overlay,1,0.0909,-1,6,7,11.0,False,True,True
validation_unc_luca,Rettenberger Uncertainty,luca_unc_high_mag_013,E4_sam2_overlay_vlm,SAM2 overlay,2,0.125,-2,8,10,16.0,False,False,False
validation_unc_luca,Rettenberger Uncertainty,luca_unc_high_mag_014,E4_sam2_overlay_vlm,SAM2 overlay,0,0.0,0,6,6,10.5,True,True,True
validation_unc_luca,Rettenberger Uncertainty,luca_unc_high_mag_015,E4_sam2_overlay_vlm,SAM2 overlay,0,0.0,1,5,4,10.5,True,True,True
validation_unc_luca,Rettenberger Uncertainty,luca_unc_high_mag_016,E4_sam2_overlay_vlm,SAM2 overlay,0,0.0,1,8,7,11.5,True,True,True
validation_unc_luca,Rettenberger Uncertainty,luca_unc_high_mag_017,E4_sam2_overlay_vlm,SAM2 overlay,0,0.0,4,6,2,4.0,True,True,True
validation_unc_luca,Rettenberger Uncertainty,luca_unc_high_mag_018,E4_sam2_overlay_vlm,SAM2 overlay,4,0.25,-4,2,6,16.0,False,False,False
validation_unc_luca,Rettenberger Uncertainty,luca_unc_high_mag_019,E4_sam2_overlay_vlm,SAM2 overlay,39,0.4509,-39,8,47,86.5,False,False,False
validation_unc_luca,Rettenberger Uncertainty,luca_unc_high_mag_020,E4_sam2_overlay_vlm,SAM2 overlay,0,0.0,0,4,4,8.0,True,True,True
validation_unc_luca,Rettenberger Uncertainty,luca_unc_high_mag_021,E4_sam2_overlay_vlm,SAM2 overlay,0,0.0,7,13,6,11.0,True,True,True
validation_unc_luca,Rettenberger Uncertainty,luca_unc_high_mag_022,E4_sam2_overlay_vlm,SAM2 overlay,4,0.2963,-4,4,8,13.5,False,False,False
validation_unc_luca,Rettenberger Uncertainty,luca_unc_high_mag_023,E4_sam2_overlay_vlm,SAM2 overlay,0,0.0,10,18,8,16.5,True,True,True
validation_unc_luca,Rettenberger Uncertainty,luca_unc_high_mag_024,E4_sam2_overlay_vlm,SAM2 overlay,8,1.1429,14,18,4,7.0,False,False,False
validation_unc_luca,Rettenberger Uncertainty,luca_unc_high_mag_025,E4_sam2_overlay_vlm,SAM2 overlay,0,0.0,1,3,2,5.5,True,True,True
validation_unc_luca,Rettenberger Uncertainty,luca_unc_high_mag_026,E4_sam2_overlay_vlm,SAM2 overlay,5,0.4762,-5,1,6,10.5,False,False,False
validation_unc_luca,Rettenberger Uncertainty,luca_unc_high_mag_027,E4_sam2_overlay_vlm,SAM2 overlay,0,0.0,1,9,8,17.5,True,True,True
validation_unc_luca,Rettenberger Uncertainty,luca_unc_high_mag_028,E4_sam2_overlay_vlm,SAM2 overlay,3,0.1818,-3,4,7,16.5,False,False,False
validation_unc_luca,Rettenberger Uncertainty,luca_unc_high_mag_029,E4_sam2_overlay_vlm,SAM2 overlay,3,1.2,6,7,1,2.5,False,False,False
validation_unc_luca,Rettenberger Uncertainty,luca_unc_high_mag_030,E4_sam2_overlay_vlm,SAM2 overlay,18,0.4337,-18,6,24,41.5,False,False,False
validation_unc_luca,Rettenberger Uncertainty,luca_unc_high_mag_031,E4_sam2_overlay_vlm,SAM2 overlay,1,0.1667,9,11,2,6.0,False,True,False
validation_unc_luca,Rettenberger Uncertainty,luca_unc_high_mag_032,E4_sam2_overlay_vlm,SAM2 overlay,3,0.2308,-3,5,8,13.0,False,False,False
validation_unc_luca,Rettenberger Uncertainty,luca_unc_high_mag_033,E4_sam2_overlay_vlm,SAM2 overlay,0,0.0,6,12,6,12.0,True,True,True
validation_unc_luca,Rettenberger Uncertainty,luca_unc_high_mag_034,E4_sam2_overlay_vlm,SAM2 overlay,17,2.4286,23,27,4,7.0,False,False,False
validation_unc_luca,Rettenberger Uncertainty,luca_unc_high_mag_035,E4_sam2_overlay_vlm,SAM2 overlay,0,0.0,10,14,4,10.0,True,True,True
validation_unc_luca,Rettenberger Uncertainty,luca_unc_high_mag_036,E4_sam2_overlay_vlm,SAM2 overlay,1,0.1538,6,10,4,6.5,False,True,False
validation_unc_luca,Rettenberger Uncertainty,luca_unc_high_mag_037,E4_sam2_overlay_vlm,SAM2 overlay,9,0.3396,-9,3,12,26.5,False,False,False
validation_unc_luca,Rettenberger Uncertainty,luca_unc_high_mag_038,E4_sam2_overlay_vlm,SAM2 overlay,0,0.0,2,5,3,6.5,True,True,True
validation_unc_luca,Rettenberger Uncertainty,luca_unc_high_mag_039,E4_sam2_overlay_vlm,SAM2 overlay,12,0.375,-12,6,18,32.0,False,False,False
validation_unc_luca,Rettenberger Uncertainty,luca_unc_low_mag_000,E4_sam2_overlay_vlm,SAM2 overlay,0,0.0,1,6,5,16.5,True,True,True
validation_unc_luca,Rettenberger Uncertainty,luca_unc_low_mag_001,E4_sam2_overlay_vlm,SAM2 overlay,5,0.1852,-5,10,15,27.0,False,False,False
validation_unc_luca,Rettenberger Uncertainty,luca_unc_low_mag_002,E4_sam2_overlay_vlm,SAM2 overlay,10,0.2632,-10,11,21,38.0,False,False,False
validation_unc_luca,Rettenberger Uncertainty,luca_unc_low_mag_003,E4_sam2_overlay_vlm,SAM2 overlay,6,0.375,-6,4,10,16.0,False,False,False
validation_unc_luca,Rettenberger Uncertainty,luca_unc_low_mag_004,E4_sam2_overlay_vlm,SAM2 overlay,0,0.0,1,5,4,8.0,True,True,True
validation_unc_luca,Rettenberger Uncertainty,luca_unc_low_mag_005,E4_sam2_overlay_vlm,SAM2 overlay,0,0.0,0,3,3,24.5,True,True,True
validation_unc_luca,Rettenberger Uncertainty,luca_unc_low_mag_006,E4_sam2_overlay_vlm,SAM2 overlay,0,0.0,1,7,6,78.0,True,True,True
validation_unc_luca,Rettenberger Uncertainty,luca_unc_low_mag_007,E4_sam2_overlay_vlm,SAM2 overlay,15,0.2752,-15,5,20,54.5,False,False,False
validation_unc_luca,Rettenberger Uncertainty,luca_unc_low_mag_008,E4_sam2_overlay_vlm,SAM2 overlay,27,0.3776,-27,8,35,71.5,False,False,False
validation_unc_luca,Rettenberger Uncertainty,luca_unc_low_mag_009,E4_sam2_overlay_vlm,SAM2 overlay,77,0.3641,-77,6,83,211.5,False,False,False
validation_unc_luca,Rettenberger Uncertainty,luca_unc_low_mag_010,E4_sam2_overlay_vlm,SAM2 overlay,25,0.5376,-25,6,31,46.5,False,False,False
validation_unc_luca,Rettenberger Uncertainty,luca_unc_low_mag_011,E4_sam2_overlay_vlm,SAM2 overlay,0,0.0,2,3,1,2.0,True,True,True
validation_unc_luca,Rettenberger Uncertainty,luca_unc_low_mag_012,E4_sam2_overlay_vlm,SAM2 overlay,0,0.0,19,21,2,15.0,True,True,True
validation_unc_luca,Rettenberger Uncertainty,luca_unc_low_mag_013,E4_sam2_overlay_vlm,SAM2 overlay,0,0.0,2,4,2,3.5,True,True,True
validation_unc_luca,Rettenberger Uncertainty,luca_unc_low_mag_014,E4_sam2_overlay_vlm,SAM2 overlay,7,0.9333,16,19,3,7.5,False,False,False
validation_unc_luca,Rettenberger Uncertainty,luca_unc_low_mag_015,E4_sam2_overlay_vlm,SAM2 overlay,0,0.0,4,7,3,5.5,True,True,True
validation_unc_luca,Rettenberger Uncertainty,luca_unc_low_mag_016,E4_sam2_overlay_vlm,SAM2 overlay,0,0.0,10,13,3,8.5,True,True,True
validation_unc_luca,Rettenberger Uncertainty,luca_unc_low_mag_017,E4_sam2_overlay_vlm,SAM2 overlay,8,2.6667,12,13,1,3.0,False,False,False
validation_unc_luca,Rettenberger Uncertainty,luca_unc_low_mag_018,E4_sam2_overlay_vlm,SAM2 overlay,8,5.3333,9,10,1,1.5,False,False,False
validation_unc_luca,Rettenberger Uncertainty,luca_unc_low_mag_019,E4_sam2_overlay_vlm,SAM2 overlay,3,1.0,5,7,2,3.0,False,False,False
validation_unc_luca,Rettenberger Uncertainty,luca_unc_low_mag_020,E4_sam2_overlay_vlm,SAM2 overlay,33,8.25,37,39,2,4.0,False,False,False
validation_unc_luca,Rettenberger Uncertainty,luca_unc_low_mag_021,E4_sam2_overlay_vlm,SAM2 overlay,0,0.0,22,45,23,37.0,True,True,True
validation_unc_luca,Rettenberger Uncertainty,luca_unc_low_mag_022,E4_sam2_overlay_vlm,SAM2 overlay,21,2.3333,29,34,5,9.0,False,False,False
validation_unc_luca,Rettenberger Uncertainty,luca_unc_low_mag_023,E4_sam2_overlay_vlm,SAM2 overlay,7,0.3333,-7,4,11,21.0,False,False,False
validation_unc_luca,Rettenberger Uncertainty,luca_unc_low_mag_024,E4_sam2_overlay_vlm,SAM2 overlay,0,0.0,10,28,18,28.0,True,True,True
validation_unc_luca,Rettenberger Uncertainty,luca_unc_low_mag_025,E4_sam2_overlay_vlm,SAM2 overlay,0,0.0,13,24,11,18.0,True,True,True
validation_unc_luca,Rettenberger Uncertainty,luca_unc_low_mag_026,E4_sam2_overlay_vlm,SAM2 overlay,26,1.7931,37,46,9,14.5,False,False,False
validation_unc_luca,Rettenberger Uncertainty,luca_unc_low_mag_027,E4_sam2_overlay_vlm,SAM2 overlay,5,0.0543,-5,43,48,92.0,False,False,True
validation_unc_luca,Rettenberger Uncertainty,luca_unc_low_mag_028,E4_sam2_overlay_vlm,SAM2 overlay,0,0.0,14,39,25,54.5,True,True,True
validation_unc_luca,Rettenberger Uncertainty,luca_unc_low_mag_029,E4_sam2_overlay_vlm,SAM2 overlay,13,0.194,-13,19,32,67.0,False,False,False
validation_unc_luca,Rettenberger Uncertainty,luca_unc_low_mag_030,E4_sam2_overlay_vlm,SAM2 overlay,14,0.1609,-14,37,51,87.0,False,False,False
validation_unc_luca,Rettenberger Uncertainty,luca_unc_low_mag_031,E4_sam2_overlay_vlm,SAM2 overlay,0,0.0,14,39,25,39.5,True,True,True
validation_unc_luca,Rettenberger Uncertainty,luca_unc_low_mag_032,E4_sam2_overlay_vlm,SAM2 overlay,24,0.3038,-24,25,49,79.0,False,False,False
validation_unc_luca,Rettenberger Uncertainty,luca_unc_low_mag_033,E4_sam2_overlay_vlm,SAM2 overlay,13,0.1781,-13,32,45,73.0,False,False,False
validation_unc_luca,Rettenberger Uncertainty,luca_unc_low_mag_034,E4_sam2_overlay_vlm,SAM2 overlay,43,0.5658,-43,6,49,76.0,False,False,False
validation_unc_luca,Rettenberger Uncertainty,luca_unc_low_mag_035,E4_sam2_overlay_vlm,SAM2 overlay,9,0.144,-9,24,33,62.5,False,False,False
validation_unc_luca,Rettenberger Uncertainty,luca_unc_low_mag_036,E4_sam2_overlay_vlm,SAM2 overlay,26,0.3355,-26,18,44,77.5,False,False,False
validation_unc_luca,Rettenberger Uncertainty,luca_unc_low_mag_037,E4_sam2_overlay_vlm,SAM2 overlay,8,0.0936,-8,42,50,85.5,False,False,True
validation_unc_luca,Rettenberger Uncertainty,luca_unc_low_mag_038,E4_sam2_overlay_vlm,SAM2 overlay,1,0.0241,-1,23,24,41.5,False,True,True
validation_unc_luca,Rettenberger Uncertainty,luca_unc_low_mag_039,E4_sam2_overlay_vlm,SAM2 overlay,9,0.2069,-9,17,26,43.5,False,False,False
validation_unc_luca,Rettenberger Uncertainty,luca_unc_low_mag_040,E4_sam2_overlay_vlm,SAM2 overlay,22,0.3761,-22,5,27,58.5,False,False,False
validation_unc_luca,Rettenberger Uncertainty,luca_unc_low_mag_041,E4_sam2_overlay_vlm,SAM2 overlay,11,0.1732,-11,27,38,63.5,False,False,False
validation_unc_luca,Rettenberger Uncertainty,luca_unc_low_mag_042,E4_sam2_overlay_vlm,SAM2 overlay,8,0.1416,-8,23,31,56.5,False,False,False
validation_unc_luca,Rettenberger Uncertainty,luca_unc_low_mag_043,E4_sam2_overlay_vlm,SAM2 overlay,21,0.359,-21,6,27,58.5,False,False,False
validation_unc_luca,Rettenberger Uncertainty,luca_unc_low_mag_044,E4_sam2_overlay_vlm,SAM2 overlay,31,0.265,-31,19,50,117.0,False,False,False
validation_unc_luca,Rettenberger Uncertainty,luca_unc_low_mag_045,E4_sam2_overlay_vlm,SAM2 overlay,5,0.1923,-5,5,10,26.0,False,False,False
validation_unc_luca,Rettenberger Uncertainty,luca_unc_low_mag_046,E4_sam2_overlay_vlm,SAM2 overlay,29,0.4028,-29,12,41,72.0,False,False,False
validation_unc_luca,Rettenberger Uncertainty,luca_unc_low_mag_047,E4_sam2_overlay_vlm,SAM2 overlay,21,0.2121,-21,19,40,99.0,False,False,False
validation_unc_luca,Rettenberger Uncertainty,luca_unc_low_mag_048,E4_sam2_overlay_vlm,SAM2 overlay,0,0.0,7,18,11,44.0,True,True,True
validation_unc_luca,Rettenberger Uncertainty,luca_unc_low_mag_049,E4_sam2_overlay_vlm,SAM2 overlay,0,0.0,6,28,22,49.0,True,True,True
validation_unc_luca,Rettenberger Uncertainty,luca_unc_low_mag_050,E4_sam2_overlay_vlm,SAM2 overlay,0,0.0,33,44,11,45.0,True,True,True
validation_unc_luca,Rettenberger Uncertainty,luca_unc_high_mag_000,E5_imggen_overlay_vlm,ImgGen overlay,2,2.0,4,4,0,1.0,False,False,False
validation_unc_luca,Rettenberger Uncertainty,luca_unc_high_mag_001,E5_imggen_overlay_vlm,ImgGen overlay,0,0.0,9,17,8,18.0,True,True,True
validation_unc_luca,Rettenberger Uncertainty,luca_unc_high_mag_002,E5_imggen_overlay_vlm,ImgGen overlay,26,2.8889,36,40,4,9.0,False,False,False
validation_unc_luca,Rettenberger Uncertainty,luca_unc_high_mag_003,E5_imggen_overlay_vlm,ImgGen overlay,0,0.0,3,8,5,17.5,True,True,True
validation_unc_luca,Rettenberger Uncertainty,luca_unc_high_mag_004,E5_imggen_overlay_vlm,ImgGen overlay,0,0.0,0,16,16,35.5,True,True,True
validation_unc_luca,Rettenberger Uncertainty,luca_unc_high_mag_005,E5_imggen_overlay_vlm,ImgGen overlay,0,0.0,3,10,7,14.0,True,True,True
validation_unc_luca,Rettenberger Uncertainty,luca_unc_high_mag_006,E5_imggen_overlay_vlm,ImgGen overlay,0,0.0,7,12,5,10.0,True,True,True
validation_unc_luca,Rettenberger Uncertainty,luca_unc_high_mag_007,E5_imggen_overlay_vlm,ImgGen overlay,3,0.4,10,14,4,7.5,False,False,False
validation_unc_luca,Rettenberger Uncertainty,luca_unc_high_mag_008,E5_imggen_overlay_vlm,ImgGen overlay,4,0.8889,11,12,1,4.5,False,False,False
validation_unc_luca,Rettenberger Uncertainty,luca_unc_high_mag_009,E5_imggen_overlay_vlm,ImgGen overlay,0,0.0,1,5,4,7.0,True,True,True
validation_unc_luca,Rettenberger Uncertainty,luca_unc_high_mag_010,E5_imggen_overlay_vlm,ImgGen overlay,4,0.129,-4,11,15,31.0,False,False,False
validation_unc_luca,Rettenberger Uncertainty,luca_unc_high_mag_011,E5_imggen_overlay_vlm,ImgGen overlay,97,6.9286,109,117,8,14.0,False,False,False
validation_unc_luca,Rettenberger Uncertainty,luca_unc_high_mag_012,E5_imggen_overlay_vlm,ImgGen overlay,0,0.0,7,14,7,11.0,True,True,True
validation_unc_luca,Rettenberger Uncertainty,luca_unc_high_mag_013,E5_imggen_overlay_vlm,ImgGen overlay,0,0.0,10,20,10,16.0,True,True,True
validation_unc_luca,Rettenberger Uncertainty,luca_unc_high_mag_014,E5_imggen_overlay_vlm,ImgGen overlay,0,0.0,1,7,6,10.5,True,True,True
validation_unc_luca,Rettenberger Uncertainty,luca_unc_high_mag_015,E5_imggen_overlay_vlm,ImgGen overlay,0,0.0,11,15,4,10.5,True,True,True
validation_unc_luca,Rettenberger Uncertainty,luca_unc_high_mag_016,E5_imggen_overlay_vlm,ImgGen overlay,0,0.0,5,12,7,11.5,True,True,True
validation_unc_luca,Rettenberger Uncertainty,luca_unc_high_mag_017,E5_imggen_overlay_vlm,ImgGen overlay,0,0.0,1,3,2,4.0,True,True,True
validation_unc_luca,Rettenberger Uncertainty,luca_unc_high_mag_018,E5_imggen_overlay_vlm,ImgGen overlay,2,0.125,-2,4,6,16.0,False,False,False
validation_unc_luca,Rettenberger Uncertainty,luca_unc_high_mag_019,E5_imggen_overlay_vlm,ImgGen overlay,38,0.4393,-38,9,47,86.5,False,False,False
validation_unc_luca,Rettenberger Uncertainty,luca_unc_high_mag_020,E5_imggen_overlay_vlm,ImgGen overlay,0,0.0,5,9,4,8.0,True,True,True
validation_unc_luca,Rettenberger Uncertainty,luca_unc_high_mag_021,E5_imggen_overlay_vlm,ImgGen overlay,9,0.8182,19,25,6,11.0,False,False,False
validation_unc_luca,Rettenberger Uncertainty,luca_unc_high_mag_022,E5_imggen_overlay_vlm,ImgGen overlay,5,0.3704,-5,3,8,13.5,False,False,False
validation_unc_luca,Rettenberger Uncertainty,luca_unc_high_mag_023,E5_imggen_overlay_vlm,ImgGen overlay,0,0.0,14,22,8,16.5,True,True,True
validation_unc_luca,Rettenberger Uncertainty,luca_unc_high_mag_024,E5_imggen_overlay_vlm,ImgGen overlay,37,5.2857,43,47,4,7.0,False,False,False
validation_unc_luca,Rettenberger Uncertainty,luca_unc_high_mag_025,E5_imggen_overlay_vlm,ImgGen overlay,0,0.0,6,8,2,5.5,True,True,True
validation_unc_luca,Rettenberger Uncertainty,luca_unc_high_mag_026,E5_imggen_overlay_vlm,ImgGen overlay,0,0.0,3,9,6,10.5,True,True,True
validation_unc_luca,Rettenberger Uncertainty,luca_unc_high_mag_027,E5_imggen_overlay_vlm,ImgGen overlay,50,2.8571,69,77,8,17.5,False,False,False
validation_unc_luca,Rettenberger Uncertainty,luca_unc_high_mag_028,E5_imggen_overlay_vlm,ImgGen overlay,4,0.2424,-4,3,7,16.5,False,False,False
validation_unc_luca,Rettenberger Uncertainty,luca_unc_high_mag_029,E5_imggen_overlay_vlm,ImgGen overlay,4,1.6,7,8,1,2.5,False,False,False
validation_unc_luca,Rettenberger Uncertainty,luca_unc_high_mag_030,E5_imggen_overlay_vlm,ImgGen overlay,19,0.4578,-19,5,24,41.5,False,False,False
validation_unc_luca,Rettenberger Uncertainty,luca_unc_high_mag_031,E5_imggen_overlay_vlm,ImgGen overlay,10,1.6667,18,20,2,6.0,False,False,False
validation_unc_luca,Rettenberger Uncertainty,luca_unc_high_mag_032,E5_imggen_overlay_vlm,ImgGen overlay,3,0.2308,-3,5,8,13.0,False,False,False
validation_unc_luca,Rettenberger Uncertainty,luca_unc_high_mag_033,E5_imggen_overlay_vlm,ImgGen overlay,9,0.75,21,27,6,12.0,False,False,False
validation_unc_luca,Rettenberger Uncertainty,luca_unc_high_mag_034,E5_imggen_overlay_vlm,ImgGen overlay,61,8.7143,67,71,4,7.0,False,False,False
validation_unc_luca,Rettenberger Uncertainty,luca_unc_high_mag_035,E5_imggen_overlay_vlm,ImgGen overlay,0,0.0,11,15,4,10.0,True,True,True
validation_unc_luca,Rettenberger Uncertainty,luca_unc_high_mag_036,E5_imggen_overlay_vlm,ImgGen overlay,1,0.1538,6,10,4,6.5,False,True,False
validation_unc_luca,Rettenberger Uncertainty,luca_unc_high_mag_037,E5_imggen_overlay_vlm,ImgGen overlay,6,0.2264,-6,6,12,26.5,False,False,False
validation_unc_luca,Rettenberger Uncertainty,luca_unc_high_mag_038,E5_imggen_overlay_vlm,ImgGen overlay,0,0.0,5,8,3,6.5,True,True,True
validation_unc_luca,Rettenberger Uncertainty,luca_unc_high_mag_039,E5_imggen_overlay_vlm,ImgGen overlay,10,0.3125,-10,8,18,32.0,False,False,False
validation_unc_luca,Rettenberger Uncertainty,luca_unc_low_mag_000,E5_imggen_overlay_vlm,ImgGen overlay,7,0.4242,30,35,5,16.5,False,False,False
validation_unc_luca,Rettenberger Uncertainty,luca_unc_low_mag_001,E5_imggen_overlay_vlm,ImgGen overlay,4,0.1481,28,43,15,27.0,False,False,False
validation_unc_luca,Rettenberger Uncertainty,luca_unc_low_mag_002,E5_imggen_overlay_vlm,ImgGen overlay,0,0.0,0,21,21,38.0,True,True,True
validation_unc_luca,Rettenberger Uncertainty,luca_unc_low_mag_003,E5_imggen_overlay_vlm,ImgGen overlay,6,0.375,-6,4,10,16.0,False,False,False
validation_unc_luca,Rettenberger Uncertainty,luca_unc_low_mag_004,E5_imggen_overlay_vlm,ImgGen overlay,3,0.375,11,15,4,8.0,False,False,False
validation_unc_luca,Rettenberger Uncertainty,luca_unc_low_mag_005,E5_imggen_overlay_vlm,ImgGen overlay,2,0.0816,-2,1,3,24.5,False,False,True
validation_unc_luca,Rettenberger Uncertainty,luca_unc_low_mag_006,E5_imggen_overlay_vlm,ImgGen overlay,1,0.0128,-1,5,6,78.0,False,True,True
validation_unc_luca,Rettenberger Uncertainty,luca_unc_low_mag_007,E5_imggen_overlay_vlm,ImgGen overlay,17,0.3119,-17,3,20,54.5,False,False,False
validation_unc_luca,Rettenberger Uncertainty,luca_unc_low_mag_008,E5_imggen_overlay_vlm,ImgGen overlay,25,0.3497,-25,10,35,71.5,False,False,False
validation_unc_luca,Rettenberger Uncertainty,luca_unc_low_mag_009,E5_imggen_overlay_vlm,ImgGen overlay,82,0.3877,-82,1,83,211.5,False,False,False
validation_unc_luca,Rettenberger Uncertainty,luca_unc_low_mag_010,E5_imggen_overlay_vlm,ImgGen overlay,13,0.2796,-13,18,31,46.5,False,False,False
validation_unc_luca,Rettenberger Uncertainty,luca_unc_low_mag_011,E5_imggen_overlay_vlm,ImgGen overlay,0,0.0,1,2,1,2.0,True,True,True
validation_unc_luca,Rettenberger Uncertainty,luca_unc_low_mag_012,E5_imggen_overlay_vlm,ImgGen overlay,33,2.2,59,61,2,15.0,False,False,False
validation_unc_luca,Rettenberger Uncertainty,luca_unc_low_mag_013,E5_imggen_overlay_vlm,ImgGen overlay,0,0.0,0,2,2,3.5,True,True,True
validation_unc_luca,Rettenberger Uncertainty,luca_unc_low_mag_014,E5_imggen_overlay_vlm,ImgGen overlay,4,0.5333,13,16,3,7.5,False,False,False
validation_unc_luca,Rettenberger Uncertainty,luca_unc_low_mag_015,E5_imggen_overlay_vlm,ImgGen overlay,7,1.2727,12,15,3,5.5,False,False,False
validation_unc_luca,Rettenberger Uncertainty,luca_unc_low_mag_016,E5_imggen_overlay_vlm,ImgGen overlay,0,0.0,10,13,3,8.5,True,True,True
validation_unc_luca,Rettenberger Uncertainty,luca_unc_low_mag_017,E5_imggen_overlay_vlm,ImgGen overlay,12,4.0,16,17,1,3.0,False,False,False
validation_unc_luca,Rettenberger Uncertainty,luca_unc_low_mag_018,E5_imggen_overlay_vlm,ImgGen overlay,9,6.0,10,11,1,1.5,False,False,False
validation_unc_luca,Rettenberger Uncertainty,luca_unc_low_mag_019,E5_imggen_overlay_vlm,ImgGen overlay,2,0.6667,4,6,2,3.0,False,False,False
validation_unc_luca,Rettenberger Uncertainty,luca_unc_low_mag_020,E5_imggen_overlay_vlm,ImgGen overlay,199,49.75,203,205,2,4.0,False,False,False
validation_unc_luca,Rettenberger Uncertainty,luca_unc_low_mag_021,E5_imggen_overlay_vlm,ImgGen overlay,66,1.7838,94,117,23,37.0,False,False,False
validation_unc_luca,Rettenberger Uncertainty,luca_unc_low_mag_022,E5_imggen_overlay_vlm,ImgGen overlay,246,27.3333,254,259,5,9.0,False,False,False
validation_unc_luca,Rettenberger Uncertainty,luca_unc_low_mag_023,E5_imggen_overlay_vlm,ImgGen overlay,0,0.0,6,17,11,21.0,True,True,True
validation_unc_luca,Rettenberger Uncertainty,luca_unc_low_mag_024,E5_imggen_overlay_vlm,ImgGen overlay,116,4.1429,136,154,18,28.0,False,False,False
validation_unc_luca,Rettenberger Uncertainty,luca_unc_low_mag_025,E5_imggen_overlay_vlm,ImgGen overlay,2,0.1111,16,27,11,18.0,False,False,False
validation_unc_luca,Rettenberger Uncertainty,luca_unc_low_mag_026,E5_imggen_overlay_vlm,ImgGen overlay,54,3.7241,65,74,9,14.5,False,False,False
validation_unc_luca,Rettenberger Uncertainty,luca_unc_low_mag_027,E5_imggen_overlay_vlm,ImgGen overlay,0,0.0,15,63,48,92.0,True,True,True
validation_unc_luca,Rettenberger Uncertainty,luca_unc_low_mag_028,E5_imggen_overlay_vlm,ImgGen overlay,0,0.0,38,63,25,54.5,True,True,True
validation_unc_luca,Rettenberger Uncertainty,luca_unc_low_mag_029,E5_imggen_overlay_vlm,ImgGen overlay,0,0.0,23,55,32,67.0,True,True,True
validation_unc_luca,Rettenberger Uncertainty,luca_unc_low_mag_030,E5_imggen_overlay_vlm,ImgGen overlay,0,0.0,46,97,51,87.0,True,True,True
validation_unc_luca,Rettenberger Uncertainty,luca_unc_low_mag_031,E5_imggen_overlay_vlm,ImgGen overlay,46,1.1646,75,100,25,39.5,False,False,False
validation_unc_luca,Rettenberger Uncertainty,luca_unc_low_mag_032,E5_imggen_overlay_vlm,ImgGen overlay,9,0.1139,-9,40,49,79.0,False,False,False
validation_unc_luca,Rettenberger Uncertainty,luca_unc_low_mag_033,E5_imggen_overlay_vlm,ImgGen overlay,11,0.1507,-11,34,45,73.0,False,False,False
validation_unc_luca,Rettenberger Uncertainty,luca_unc_low_mag_034,E5_imggen_overlay_vlm,ImgGen overlay,42,0.5526,-42,7,49,76.0,False,False,False
validation_unc_luca,Rettenberger Uncertainty,luca_unc_low_mag_035,E5_imggen_overlay_vlm,ImgGen overlay,210,3.36,269,302,33,62.5,False,False,False
validation_unc_luca,Rettenberger Uncertainty,luca_unc_low_mag_036,E5_imggen_overlay_vlm,ImgGen overlay,0,0.0,12,56,44,77.5,True,True,True
validation_unc_luca,Rettenberger Uncertainty,luca_unc_low_mag_037,E5_imggen_overlay_vlm,ImgGen overlay,0,0.0,8,58,50,85.5,True,True,True
validation_unc_luca,Rettenberger Uncertainty,luca_unc_low_mag_038,E5_imggen_overlay_vlm,ImgGen overlay,94,2.2651,129,153,24,41.5,False,False,False
validation_unc_luca,Rettenberger Uncertainty,luca_unc_low_mag_039,E5_imggen_overlay_vlm,ImgGen overlay,2,0.046,-2,24,26,43.5,False,False,True
validation_unc_luca,Rettenberger Uncertainty,luca_unc_low_mag_040,E5_imggen_overlay_vlm,ImgGen overlay,19,0.3248,-19,8,27,58.5,False,False,False
validation_unc_luca,Rettenberger Uncertainty,luca_unc_low_mag_041,E5_imggen_overlay_vlm,ImgGen overlay,0,0.0,29,67,38,63.5,True,True,True
validation_unc_luca,Rettenberger Uncertainty,luca_unc_low_mag_042,E5_imggen_overlay_vlm,ImgGen overlay,0,0.0,13,44,31,56.5,True,True,True
validation_unc_luca,Rettenberger Uncertainty,luca_unc_low_mag_043,E5_imggen_overlay_vlm,ImgGen overlay,8,0.1368,-8,19,27,58.5,False,False,False
validation_unc_luca,Rettenberger Uncertainty,luca_unc_low_mag_044,E5_imggen_overlay_vlm,ImgGen overlay,0,0.0,16,66,50,117.0,True,True,True
validation_unc_luca,Rettenberger Uncertainty,luca_unc_low_mag_045,E5_imggen_overlay_vlm,ImgGen overlay,7,0.2692,39,49,10,26.0,False,False,False
validation_unc_luca,Rettenberger Uncertainty,luca_unc_low_mag_046,E5_imggen_overlay_vlm,ImgGen overlay,35,0.4861,-35,6,41,72.0,False,False,False
validation_unc_luca,Rettenberger Uncertainty,luca_unc_low_mag_047,E5_imggen_overlay_vlm,ImgGen overlay,2,0.0202,120,160,40,99.0,False,False,True
validation_unc_luca,Rettenberger Uncertainty,luca_unc_low_mag_048,E5_imggen_overlay_vlm,ImgGen overlay,0,0.0,43,54,11,44.0,True,True,True
validation_unc_luca,Rettenberger Uncertainty,luca_unc_low_mag_049,E5_imggen_overlay_vlm,ImgGen overlay,0,0.0,28,50,22,49.0,True,True,True
validation_unc_luca,Rettenberger Uncertainty,luca_unc_low_mag_050,E5_imggen_overlay_vlm,ImgGen overlay,4,0.0889,72,83,11,45.0,False,False,True
validation_unc_luca,Rettenberger Uncertainty,luca_unc_high_mag_000,E6_sam3_deterministic,SAM3 mask,0,0.0,0,0,0,1.0,True,True,True
validation_unc_luca,Rettenberger Uncertainty,luca_unc_high_mag_001,E6_sam3_deterministic,SAM3 mask,0,0.0,5,13,8,18.0,True,True,True
validation_unc_luca,Rettenberger Uncertainty,luca_unc_high_mag_002,E6_sam3_deterministic,SAM3 mask,0,0.0,5,9,4,9.0,True,True,True
validation_unc_luca,Rettenberger Uncertainty,luca_unc_high_mag_003,E6_sam3_deterministic,SAM3 mask,5,0.2857,-5,0,5,17.5,False,False,False
validation_unc_luca,Rettenberger Uncertainty,luca_unc_high_mag_004,E6_sam3_deterministic,SAM3 mask,16,0.4507,-16,0,16,35.5,False,False,False
validation_unc_luca,Rettenberger Uncertainty,luca_unc_high_mag_005,E6_sam3_deterministic,SAM3 mask,7,0.5,-7,0,7,14.0,False,False,False
validation_unc_luca,Rettenberger Uncertainty,luca_unc_high_mag_006,E6_sam3_deterministic,SAM3 mask,5,0.5,-5,0,5,10.0,False,False,False
validation_unc_luca,Rettenberger Uncertainty,luca_unc_high_mag_007,E6_sam3_deterministic,SAM3 mask,4,0.5333,-4,0,4,7.5,False,False,False
validation_unc_luca,Rettenberger Uncertainty,luca_unc_high_mag_008,E6_sam3_deterministic,SAM3 mask,1,0.2222,-1,0,1,4.5,False,True,False
validation_unc_luca,Rettenberger Uncertainty,luca_unc_high_mag_009,E6_sam3_deterministic,SAM3 mask,3,0.4286,-3,1,4,7.0,False,False,False
validation_unc_luca,Rettenberger Uncertainty,luca_unc_high_mag_010,E6_sam3_deterministic,SAM3 mask,7,0.2258,-7,8,15,31.0,False,False,False
validation_unc_luca,Rettenberger Uncertainty,luca_unc_high_mag_011,E6_sam3_deterministic,SAM3 mask,24,1.7143,36,44,8,14.0,False,False,False
validation_unc_luca,Rettenberger Uncertainty,luca_unc_high_mag_012,E6_sam3_deterministic,SAM3 mask,0,0.0,3,10,7,11.0,True,True,True
validation_unc_luca,Rettenberger Uncertainty,luca_unc_high_mag_013,E6_sam3_deterministic,SAM3 mask,0,0.0,10,20,10,16.0,True,True,True
validation_unc_luca,Rettenberger Uncertainty,luca_unc_high_mag_014,E6_sam3_deterministic,SAM3 mask,4,0.381,-4,2,6,10.5,False,False,False
validation_unc_luca,Rettenberger Uncertainty,luca_unc_high_mag_015,E6_sam3_deterministic,SAM3 mask,4,0.381,-4,0,4,10.5,False,False,False
validation_unc_luca,Rettenberger Uncertainty,luca_unc_high_mag_016,E6_sam3_deterministic,SAM3 mask,3,0.2609,12,19,7,11.5,False,False,False
validation_unc_luca,Rettenberger Uncertainty,luca_unc_high_mag_017,E6_sam3_deterministic,SAM3 mask,1,0.25,-1,1,2,4.0,False,True,False
validation_unc_luca,Rettenberger Uncertainty,luca_unc_high_mag_018,E6_sam3_deterministic,SAM3 mask,6,0.375,-6,0,6,16.0,False,False,False
validation_unc_luca,Rettenberger Uncertainty,luca_unc_high_mag_019,E6_sam3_deterministic,SAM3 mask,38,0.4393,-38,9,47,86.5,False,False,False
validation_unc_luca,Rettenberger Uncertainty,luca_unc_high_mag_020,E6_sam3_deterministic,SAM3 mask,4,0.5,-4,0,4,8.0,False,False,False
validation_unc_luca,Rettenberger Uncertainty,luca_unc_high_mag_021,E6_sam3_deterministic,SAM3 mask,5,0.4545,15,21,6,11.0,False,False,False
validation_unc_luca,Rettenberger Uncertainty,luca_unc_high_mag_022,E6_sam3_deterministic,SAM3 mask,8,0.5926,-8,0,8,13.5,False,False,False
validation_unc_luca,Rettenberger Uncertainty,luca_unc_high_mag_023,E6_sam3_deterministic,SAM3 mask,0,0.0,12,20,8,16.5,True,True,True
validation_unc_luca,Rettenberger Uncertainty,luca_unc_high_mag_024,E6_sam3_deterministic,SAM3 mask,2,0.2857,8,12,4,7.0,False,False,False
validation_unc_luca,Rettenberger Uncertainty,luca_unc_high_mag_025,E6_sam3_deterministic,SAM3 mask,2,0.3636,-2,0,2,5.5,False,False,False
validation_unc_luca,Rettenberger Uncertainty,luca_unc_high_mag_026,E6_sam3_deterministic,SAM3 mask,6,0.5714,-6,0,6,10.5,False,False,False
validation_unc_luca,Rettenberger Uncertainty,luca_unc_high_mag_027,E6_sam3_deterministic,SAM3 mask,8,0.4571,-8,0,8,17.5,False,False,False
validation_unc_luca,Rettenberger Uncertainty,luca_unc_high_mag_028,E6_sam3_deterministic,SAM3 mask,7,0.4242,-7,0,7,16.5,False,False,False
validation_unc_luca,Rettenberger Uncertainty,luca_unc_high_mag_029,E6_sam3_deterministic,SAM3 mask,1,0.4,-1,0,1,2.5,False,True,False
validation_unc_luca,Rettenberger Uncertainty,luca_unc_high_mag_030,E6_sam3_deterministic,SAM3 mask,22,0.5301,-22,2,24,41.5,False,False,False
validation_unc_luca,Rettenberger Uncertainty,luca_unc_high_mag_031,E6_sam3_deterministic,SAM3 mask,11,1.8333,19,21,2,6.0,False,False,False
validation_unc_luca,Rettenberger Uncertainty,luca_unc_high_mag_032,E6_sam3_deterministic,SAM3 mask,6,0.4615,-6,2,8,13.0,False,False,False
validation_unc_luca,Rettenberger Uncertainty,luca_unc_high_mag_033,E6_sam3_deterministic,SAM3 mask,4,0.3333,-4,2,6,12.0,False,False,False
validation_unc_luca,Rettenberger Uncertainty,luca_unc_high_mag_034,E6_sam3_deterministic,SAM3 mask,4,0.5714,-4,0,4,7.0,False,False,False
validation_unc_luca,Rettenberger Uncertainty,luca_unc_high_mag_035,E6_sam3_deterministic,SAM3 mask,0,0.0,10,14,4,10.0,True,True,True
validation_unc_luca,Rettenberger Uncertainty,luca_unc_high_mag_036,E6_sam3_deterministic,SAM3 mask,2,0.3077,7,11,4,6.5,False,False,False
validation_unc_luca,Rettenberger Uncertainty,luca_unc_high_mag_037,E6_sam3_deterministic,SAM3 mask,10,0.3774,-10,2,12,26.5,False,False,False
validation_unc_luca,Rettenberger Uncertainty,luca_unc_high_mag_038,E6_sam3_deterministic,SAM3 mask,0,0.0,1,4,3,6.5,True,True,True
validation_unc_luca,Rettenberger Uncertainty,luca_unc_high_mag_039,E6_sam3_deterministic,SAM3 mask,15,0.4688,-15,3,18,32.0,False,False,False
validation_unc_luca,Rettenberger Uncertainty,luca_unc_low_mag_000,E6_sam3_deterministic,SAM3 mask,11,0.6667,34,39,5,16.5,False,False,False
validation_unc_luca,Rettenberger Uncertainty,luca_unc_low_mag_001,E6_sam3_deterministic,SAM3 mask,3,0.1111,-3,12,15,27.0,False,False,False
validation_unc_luca,Rettenberger Uncertainty,luca_unc_low_mag_002,E6_sam3_deterministic,SAM3 mask,18,0.4737,-18,3,21,38.0,False,False,False
validation_unc_luca,Rettenberger Uncertainty,luca_unc_low_mag_003,E6_sam3_deterministic,SAM3 mask,7,0.4375,-7,3,10,16.0,False,False,False
validation_unc_luca,Rettenberger Uncertainty,luca_unc_low_mag_004,E6_sam3_deterministic,SAM3 mask,9,1.125,17,21,4,8.0,False,False,False
validation_unc_luca,Rettenberger Uncertainty,luca_unc_low_mag_005,E6_sam3_deterministic,SAM3 mask,3,0.1224,-3,0,3,24.5,False,False,False
validation_unc_luca,Rettenberger Uncertainty,luca_unc_low_mag_006,E6_sam3_deterministic,SAM3 mask,2,0.0256,-2,4,6,78.0,False,False,True
validation_unc_luca,Rettenberger Uncertainty,luca_unc_low_mag_007,E6_sam3_deterministic,SAM3 mask,15,0.2752,-15,5,20,54.5,False,False,False
validation_unc_luca,Rettenberger Uncertainty,luca_unc_low_mag_008,E6_sam3_deterministic,SAM3 mask,30,0.4196,-30,5,35,71.5,False,False,False
validation_unc_luca,Rettenberger Uncertainty,luca_unc_low_mag_009,E6_sam3_deterministic,SAM3 mask,81,0.383,-81,2,83,211.5,False,False,False
validation_unc_luca,Rettenberger Uncertainty,luca_unc_low_mag_010,E6_sam3_deterministic,SAM3 mask,30,0.6452,-30,1,31,46.5,False,False,False
validation_unc_luca,Rettenberger Uncertainty,luca_unc_low_mag_011,E6_sam3_deterministic,SAM3 mask,0,0.0,1,2,1,2.0,True,True,True
validation_unc_luca,Rettenberger Uncertainty,luca_unc_low_mag_012,E6_sam3_deterministic,SAM3 mask,5,0.3333,31,33,2,15.0,False,False,False
validation_unc_luca,Rettenberger Uncertainty,luca_unc_low_mag_013,E6_sam3_deterministic,SAM3 mask,1,0.2857,-1,1,2,3.5,False,True,False
validation_unc_luca,Rettenberger Uncertainty,luca_unc_low_mag_014,E6_sam3_deterministic,SAM3 mask,19,2.5333,28,31,3,7.5,False,False,False
validation_unc_luca,Rettenberger Uncertainty,luca_unc_low_mag_015,E6_sam3_deterministic,SAM3 mask,12,2.1818,17,20,3,5.5,False,False,False
validation_unc_luca,Rettenberger Uncertainty,luca_unc_low_mag_016,E6_sam3_deterministic,SAM3 mask,0,0.0,9,12,3,8.5,True,True,True
validation_unc_luca,Rettenberger Uncertainty,luca_unc_low_mag_017,E6_sam3_deterministic,SAM3 mask,15,5.0,19,20,1,3.0,False,False,False
validation_unc_luca,Rettenberger Uncertainty,luca_unc_low_mag_018,E6_sam3_deterministic,SAM3 mask,5,3.3333,6,7,1,1.5,False,False,False
validation_unc_luca,Rettenberger Uncertainty,luca_unc_low_mag_019,E6_sam3_deterministic,SAM3 mask,1,0.3333,3,5,2,3.0,False,True,False
validation_unc_luca,Rettenberger Uncertainty,luca_unc_low_mag_020,E6_sam3_deterministic,SAM3 mask,19,4.75,23,25,2,4.0,False,False,False
validation_unc_luca,Rettenberger Uncertainty,luca_unc_low_mag_021,E6_sam3_deterministic,SAM3 mask,1,0.027,-1,22,23,37.0,False,True,True
validation_unc_luca,Rettenberger Uncertainty,luca_unc_low_mag_022,E6_sam3_deterministic,SAM3 mask,7,0.7778,15,20,5,9.0,False,False,False
validation_unc_luca,Rettenberger Uncertainty,luca_unc_low_mag_023,E6_sam3_deterministic,SAM3 mask,0,0.0,11,22,11,21.0,True,True,True
validation_unc_luca,Rettenberger Uncertainty,luca_unc_low_mag_024,E6_sam3_deterministic,SAM3 mask,0,0.0,15,33,18,28.0,True,True,True
validation_unc_luca,Rettenberger Uncertainty,luca_unc_low_mag_025,E6_sam3_deterministic,SAM3 mask,0,0.0,13,24,11,18.0,True,True,True
validation_unc_luca,Rettenberger Uncertainty,luca_unc_low_mag_026,E6_sam3_deterministic,SAM3 mask,22,1.5172,33,42,9,14.5,False,False,False
validation_unc_luca,Rettenberger Uncertainty,luca_unc_low_mag_027,E6_sam3_deterministic,SAM3 mask,0,0.0,2,50,48,92.0,True,True,True
validation_unc_luca,Rettenberger Uncertainty,luca_unc_low_mag_028,E6_sam3_deterministic,SAM3 mask,6,0.1101,-6,19,25,54.5,False,False,False
validation_unc_luca,Rettenberger Uncertainty,luca_unc_low_mag_029,E6_sam3_deterministic,SAM3 mask,22,0.3284,-22,10,32,67.0,False,False,False
validation_unc_luca,Rettenberger Uncertainty,luca_unc_low_mag_030,E6_sam3_deterministic,SAM3 mask,1,0.0115,-1,50,51,87.0,False,True,True
validation_unc_luca,Rettenberger Uncertainty,luca_unc_low_mag_031,E6_sam3_deterministic,SAM3 mask,13,0.3291,-13,12,25,39.5,False,False,False
validation_unc_luca,Rettenberger Uncertainty,luca_unc_low_mag_032,E6_sam3_deterministic,SAM3 mask,12,0.1519,-12,37,49,79.0,False,False,False
validation_unc_luca,Rettenberger Uncertainty,luca_unc_low_mag_033,E6_sam3_deterministic,SAM3 mask,17,0.2329,-17,28,45,73.0,False,False,False
validation_unc_luca,Rettenberger Uncertainty,luca_unc_low_mag_034,E6_sam3_deterministic,SAM3 mask,45,0.5921,-45,4,49,76.0,False,False,False
validation_unc_luca,Rettenberger Uncertainty,luca_unc_low_mag_035,E6_sam3_deterministic,SAM3 mask,0,0.0,3,36,33,62.5,True,True,True
validation_unc_luca,Rettenberger Uncertainty,luca_unc_low_mag_036,E6_sam3_deterministic,SAM3 mask,0,0.0,8,52,44,77.5,True,True,True
validation_unc_luca,Rettenberger Uncertainty,luca_unc_low_mag_037,E6_sam3_deterministic,SAM3 mask,0,0.0,2,52,50,85.5,True,True,True
validation_unc_luca,Rettenberger Uncertainty,luca_unc_low_mag_038,E6_sam3_deterministic,SAM3 mask,0,0.0,28,52,24,41.5,True,True,True
validation_unc_luca,Rettenberger Uncertainty,luca_unc_low_mag_039,E6_sam3_deterministic,SAM3 mask,0,0.0,2,28,26,43.5,True,True,True
validation_unc_luca,Rettenberger Uncertainty,luca_unc_low_mag_040,E6_sam3_deterministic,SAM3 mask,26,0.4444,-26,1,27,58.5,False,False,False
validation_unc_luca,Rettenberger Uncertainty,luca_unc_low_mag_041,E6_sam3_deterministic,SAM3 mask,0,0.0,23,61,38,63.5,True,True,True
validation_unc_luca,Rettenberger Uncertainty,luca_unc_low_mag_042,E6_sam3_deterministic,SAM3 mask,21,0.3717,-21,10,31,56.5,False,False,False
validation_unc_luca,Rettenberger Uncertainty,luca_unc_low_mag_043,E6_sam3_deterministic,SAM3 mask,20,0.3419,-20,7,27,58.5,False,False,False
validation_unc_luca,Rettenberger Uncertainty,luca_unc_low_mag_044,E6_sam3_deterministic,SAM3 mask,4,0.0342,-4,46,50,117.0,False,False,True
validation_unc_luca,Rettenberger Uncertainty,luca_unc_low_mag_045,E6_sam3_deterministic,SAM3 mask,7,0.2692,-7,3,10,26.0,False,False,False
validation_unc_luca,Rettenberger Uncertainty,luca_unc_low_mag_046,E6_sam3_deterministic,SAM3 mask,33,0.4583,-33,8,41,72.0,False,False,False
validation_unc_luca,Rettenberger Uncertainty,luca_unc_low_mag_047,E6_sam3_deterministic,SAM3 mask,5,0.0505,-5,35,40,99.0,False,False,True
validation_unc_luca,Rettenberger Uncertainty,luca_unc_low_mag_048,E6_sam3_deterministic,SAM3 mask,0,0.0,33,44,11,44.0,True,True,True
validation_unc_luca,Rettenberger Uncertainty,luca_unc_low_mag_049,E6_sam3_deterministic,SAM3 mask,0,0.0,20,42,22,49.0,True,True,True
validation_unc_luca,Rettenberger Uncertainty,luca_unc_low_mag_050,E6_sam3_deterministic,SAM3 mask,0,0.0,41,52,11,45.0,True,True,True
validation_unc_luca,Rettenberger Uncertainty,luca_unc_high_mag_000,E7_sam3_overlay_vlm,SAM3 overlay,0,0.0,0,0,0,1.0,True,True,True
validation_unc_luca,Rettenberger Uncertainty,luca_unc_high_mag_001,E7_sam3_overlay_vlm,SAM3 overlay,0,0.0,4,12,8,18.0,True,True,True
validation_unc_luca,Rettenberger Uncertainty,luca_unc_high_mag_002,E7_sam3_overlay_vlm,SAM3 overlay,0,0.0,3,7,4,9.0,True,True,True
validation_unc_luca,Rettenberger Uncertainty,luca_unc_high_mag_003,E7_sam3_overlay_vlm,SAM3 overlay,5,0.2857,-5,0,5,17.5,False,False,False
validation_unc_luca,Rettenberger Uncertainty,luca_unc_high_mag_004,E7_sam3_overlay_vlm,SAM3 overlay,16,0.4507,-16,0,16,35.5,False,False,False
validation_unc_luca,Rettenberger Uncertainty,luca_unc_high_mag_005,E7_sam3_overlay_vlm,SAM3 overlay,7,0.5,-7,0,7,14.0,False,False,False
validation_unc_luca,Rettenberger Uncertainty,luca_unc_high_mag_006,E7_sam3_overlay_vlm,SAM3 overlay,5,0.5,-5,0,5,10.0,False,False,False
validation_unc_luca,Rettenberger Uncertainty,luca_unc_high_mag_007,E7_sam3_overlay_vlm,SAM3 overlay,4,0.5333,-4,0,4,7.5,False,False,False
validation_unc_luca,Rettenberger Uncertainty,luca_unc_high_mag_008,E7_sam3_overlay_vlm,SAM3 overlay,1,0.2222,-1,0,1,4.5,False,True,False
validation_unc_luca,Rettenberger Uncertainty,luca_unc_high_mag_009,E7_sam3_overlay_vlm,SAM3 overlay,3,0.4286,-3,1,4,7.0,False,False,False
validation_unc_luca,Rettenberger Uncertainty,luca_unc_high_mag_010,E7_sam3_overlay_vlm,SAM3 overlay,6,0.1935,-6,9,15,31.0,False,False,False
validation_unc_luca,Rettenberger Uncertainty,luca_unc_high_mag_011,E7_sam3_overlay_vlm,SAM3 overlay,24,1.7143,36,44,8,14.0,False,False,False
validation_unc_luca,Rettenberger Uncertainty,luca_unc_high_mag_012,E7_sam3_overlay_vlm,SAM3 overlay,0,0.0,3,10,7,11.0,True,True,True
validation_unc_luca,Rettenberger Uncertainty,luca_unc_high_mag_013,E7_sam3_overlay_vlm,SAM3 overlay,4,0.25,16,26,10,16.0,False,False,False
validation_unc_luca,Rettenberger Uncertainty,luca_unc_high_mag_014,E7_sam3_overlay_vlm,SAM3 overlay,4,0.381,-4,2,6,10.5,False,False,False
validation_unc_luca,Rettenberger Uncertainty,luca_unc_high_mag_015,E7_sam3_overlay_vlm,SAM3 overlay,4,0.381,-4,0,4,10.5,False,False,False
validation_unc_luca,Rettenberger Uncertainty,luca_unc_high_mag_016,E7_sam3_overlay_vlm,SAM3 overlay,0,0.0,5,12,7,11.5,True,True,True
validation_unc_luca,Rettenberger Uncertainty,luca_unc_high_mag_017,E7_sam3_overlay_vlm,SAM3 overlay,1,0.25,-1,1,2,4.0,False,True,False
validation_unc_luca,Rettenberger Uncertainty,luca_unc_high_mag_018,E7_sam3_overlay_vlm,SAM3 overlay,6,0.375,-6,0,6,16.0,False,False,False
validation_unc_luca,Rettenberger Uncertainty,luca_unc_high_mag_019,E7_sam3_overlay_vlm,SAM3 overlay,37,0.4277,-37,10,47,86.5,False,False,False
validation_unc_luca,Rettenberger Uncertainty,luca_unc_high_mag_020,E7_sam3_overlay_vlm,SAM3 overlay,4,0.5,-4,0,4,8.0,False,False,False
validation_unc_luca,Rettenberger Uncertainty,luca_unc_high_mag_021,E7_sam3_overlay_vlm,SAM3 overlay,5,0.4545,15,21,6,11.0,False,False,False
validation_unc_luca,Rettenberger Uncertainty,luca_unc_high_mag_022,E7_sam3_overlay_vlm,SAM3 overlay,8,0.5926,-8,0,8,13.5,False,False,False
validation_unc_luca,Rettenberger Uncertainty,luca_unc_high_mag_023,E7_sam3_overlay_vlm,SAM3 overlay,0,0.0,11,19,8,16.5,True,True,True
validation_unc_luca,Rettenberger Uncertainty,luca_unc_high_mag_024,E7_sam3_overlay_vlm,SAM3 overlay,6,0.8571,12,16,4,7.0,False,False,False
validation_unc_luca,Rettenberger Uncertainty,luca_unc_high_mag_025,E7_sam3_overlay_vlm,SAM3 overlay,2,0.3636,-2,0,2,5.5,False,False,False
validation_unc_luca,Rettenberger Uncertainty,luca_unc_high_mag_026,E7_sam3_overlay_vlm,SAM3 overlay,6,0.5714,-6,0,6,10.5,False,False,False
validation_unc_luca,Rettenberger Uncertainty,luca_unc_high_mag_027,E7_sam3_overlay_vlm,SAM3 overlay,8,0.4571,-8,0,8,17.5,False,False,False
validation_unc_luca,Rettenberger Uncertainty,luca_unc_high_mag_028,E7_sam3_overlay_vlm,SAM3 overlay,7,0.4242,-7,0,7,16.5,False,False,False
validation_unc_luca,Rettenberger Uncertainty,luca_unc_high_mag_029,E7_sam3_overlay_vlm,SAM3 overlay,1,0.4,-1,0,1,2.5,False,True,False
validation_unc_luca,Rettenberger Uncertainty,luca_unc_high_mag_030,E7_sam3_overlay_vlm,SAM3 overlay,22,0.5301,-22,2,24,41.5,False,False,False
validation_unc_luca,Rettenberger Uncertainty,luca_unc_high_mag_031,E7_sam3_overlay_vlm,SAM3 overlay,11,1.8333,19,21,2,6.0,False,False,False
validation_unc_luca,Rettenberger Uncertainty,luca_unc_high_mag_032,E7_sam3_overlay_vlm,SAM3 overlay,6,0.4615,-6,2,8,13.0,False,False,False
validation_unc_luca,Rettenberger Uncertainty,luca_unc_high_mag_033,E7_sam3_overlay_vlm,SAM3 overlay,5,0.4167,-5,1,6,12.0,False,False,False
validation_unc_luca,Rettenberger Uncertainty,luca_unc_high_mag_034,E7_sam3_overlay_vlm,SAM3 overlay,4,0.5714,-4,0,4,7.0,False,False,False
validation_unc_luca,Rettenberger Uncertainty,luca_unc_high_mag_035,E7_sam3_overlay_vlm,SAM3 overlay,0,0.0,10,14,4,10.0,True,True,True
validation_unc_luca,Rettenberger Uncertainty,luca_unc_high_mag_036,E7_sam3_overlay_vlm,SAM3 overlay,5,0.7692,10,14,4,6.5,False,False,False
validation_unc_luca,Rettenberger Uncertainty,luca_unc_high_mag_037,E7_sam3_overlay_vlm,SAM3 overlay,10,0.3774,-10,2,12,26.5,False,False,False
validation_unc_luca,Rettenberger Uncertainty,luca_unc_high_mag_038,E7_sam3_overlay_vlm,SAM3 overlay,0,0.0,2,5,3,6.5,True,True,True
validation_unc_luca,Rettenberger Uncertainty,luca_unc_high_mag_039,E7_sam3_overlay_vlm,SAM3 overlay,9,0.2812,-9,9,18,32.0,False,False,False
validation_unc_luca,Rettenberger Uncertainty,luca_unc_low_mag_000,E7_sam3_overlay_vlm,SAM3 overlay,10,0.6061,33,38,5,16.5,False,False,False
validation_unc_luca,Rettenberger Uncertainty,luca_unc_low_mag_001,E7_sam3_overlay_vlm,SAM3 overlay,0,0.0,7,22,15,27.0,True,True,True
validation_unc_luca,Rettenberger Uncertainty,luca_unc_low_mag_002,E7_sam3_overlay_vlm,SAM3 overlay,18,0.4737,-18,3,21,38.0,False,False,False
validation_unc_luca,Rettenberger Uncertainty,luca_unc_low_mag_003,E7_sam3_overlay_vlm,SAM3 overlay,8,0.5,-8,2,10,16.0,False,False,False
validation_unc_luca,Rettenberger Uncertainty,luca_unc_low_mag_004,E7_sam3_overlay_vlm,SAM3 overlay,8,1.0,16,20,4,8.0,False,False,False
validation_unc_luca,Rettenberger Uncertainty,luca_unc_low_mag_005,E7_sam3_overlay_vlm,SAM3 overlay,3,0.1224,-3,0,3,24.5,False,False,False
validation_unc_luca,Rettenberger Uncertainty,luca_unc_low_mag_006,E7_sam3_overlay_vlm,SAM3 overlay,2,0.0256,-2,4,6,78.0,False,False,True
validation_unc_luca,Rettenberger Uncertainty,luca_unc_low_mag_007,E7_sam3_overlay_vlm,SAM3 overlay,15,0.2752,-15,5,20,54.5,False,False,False
validation_unc_luca,Rettenberger Uncertainty,luca_unc_low_mag_008,E7_sam3_overlay_vlm,SAM3 overlay,31,0.4336,-31,4,35,71.5,False,False,False
validation_unc_luca,Rettenberger Uncertainty,luca_unc_low_mag_009,E7_sam3_overlay_vlm,SAM3 overlay,81,0.383,-81,2,83,211.5,False,False,False
validation_unc_luca,Rettenberger Uncertainty,luca_unc_low_mag_010,E7_sam3_overlay_vlm,SAM3 overlay,30,0.6452,-30,1,31,46.5,False,False,False
validation_unc_luca,Rettenberger Uncertainty,luca_unc_low_mag_011,E7_sam3_overlay_vlm,SAM3 overlay,0,0.0,1,2,1,2.0,True,True,True
validation_unc_luca,Rettenberger Uncertainty,luca_unc_low_mag_012,E7_sam3_overlay_vlm,SAM3 overlay,14,0.9333,40,42,2,15.0,False,False,False
validation_unc_luca,Rettenberger Uncertainty,luca_unc_low_mag_013,E7_sam3_overlay_vlm,SAM3 overlay,0,0.0,0,2,2,3.5,True,True,True
validation_unc_luca,Rettenberger Uncertainty,luca_unc_low_mag_014,E7_sam3_overlay_vlm,SAM3 overlay,20,2.6667,29,32,3,7.5,False,False,False
validation_unc_luca,Rettenberger Uncertainty,luca_unc_low_mag_015,E7_sam3_overlay_vlm,SAM3 overlay,8,1.4545,13,16,3,5.5,False,False,False
validation_unc_luca,Rettenberger Uncertainty,luca_unc_low_mag_016,E7_sam3_overlay_vlm,SAM3 overlay,0,0.0,9,12,3,8.5,True,True,True
validation_unc_luca,Rettenberger Uncertainty,luca_unc_low_mag_017,E7_sam3_overlay_vlm,SAM3 overlay,21,7.0,25,26,1,3.0,False,False,False
validation_unc_luca,Rettenberger Uncertainty,luca_unc_low_mag_018,E7_sam3_overlay_vlm,SAM3 overlay,13,8.6667,14,15,1,1.5,False,False,False
validation_unc_luca,Rettenberger Uncertainty,luca_unc_low_mag_019,E7_sam3_overlay_vlm,SAM3 overlay,1,0.3333,3,5,2,3.0,False,True,False
validation_unc_luca,Rettenberger Uncertainty,luca_unc_low_mag_020,E7_sam3_overlay_vlm,SAM3 overlay,24,6.0,28,30,2,4.0,False,False,False
validation_unc_luca,Rettenberger Uncertainty,luca_unc_low_mag_021,E7_sam3_overlay_vlm,SAM3 overlay,1,0.027,-1,22,23,37.0,False,True,True
validation_unc_luca,Rettenberger Uncertainty,luca_unc_low_mag_022,E7_sam3_overlay_vlm,SAM3 overlay,8,0.8889,16,21,5,9.0,False,False,False
validation_unc_luca,Rettenberger Uncertainty,luca_unc_low_mag_023,E7_sam3_overlay_vlm,SAM3 overlay,0,0.0,11,22,11,21.0,True,True,True
validation_unc_luca,Rettenberger Uncertainty,luca_unc_low_mag_024,E7_sam3_overlay_vlm,SAM3 overlay,0,0.0,15,33,18,28.0,True,True,True
validation_unc_luca,Rettenberger Uncertainty,luca_unc_low_mag_025,E7_sam3_overlay_vlm,SAM3 overlay,4,0.2222,18,29,11,18.0,False,False,False
validation_unc_luca,Rettenberger Uncertainty,luca_unc_low_mag_026,E7_sam3_overlay_vlm,SAM3 overlay,40,2.7586,51,60,9,14.5,False,False,False
validation_unc_luca,Rettenberger Uncertainty,luca_unc_low_mag_027,E7_sam3_overlay_vlm,SAM3 overlay,0,0.0,15,63,48,92.0,True,True,True
validation_unc_luca,Rettenberger Uncertainty,luca_unc_low_mag_028,E7_sam3_overlay_vlm,SAM3 overlay,4,0.0734,-4,21,25,54.5,False,False,True
validation_unc_luca,Rettenberger Uncertainty,luca_unc_low_mag_029,E7_sam3_overlay_vlm,SAM3 overlay,22,0.3284,-22,10,32,67.0,False,False,False
validation_unc_luca,Rettenberger Uncertainty,luca_unc_low_mag_030,E7_sam3_overlay_vlm,SAM3 overlay,0,0.0,16,67,51,87.0,True,True,True
validation_unc_luca,Rettenberger Uncertainty,luca_unc_low_mag_031,E7_sam3_overlay_vlm,SAM3 overlay,10,0.2532,-10,15,25,39.5,False,False,False
validation_unc_luca,Rettenberger Uncertainty,luca_unc_low_mag_032,E7_sam3_overlay_vlm,SAM3 overlay,9,0.1139,-9,40,49,79.0,False,False,False
validation_unc_luca,Rettenberger Uncertainty,luca_unc_low_mag_033,E7_sam3_overlay_vlm,SAM3 overlay,13,0.1781,-13,32,45,73.0,False,False,False
validation_unc_luca,Rettenberger Uncertainty,luca_unc_low_mag_034,E7_sam3_overlay_vlm,SAM3 overlay,45,0.5921,-45,4,49,76.0,False,False,False
validation_unc_luca,Rettenberger Uncertainty,luca_unc_low_mag_035,E7_sam3_overlay_vlm,SAM3 overlay,0,0.0,3,36,33,62.5,True,True,True
validation_unc_luca,Rettenberger Uncertainty,luca_unc_low_mag_036,E7_sam3_overlay_vlm,SAM3 overlay,0,0.0,8,52,44,77.5,True,True,True
validation_unc_luca,Rettenberger Uncertainty,luca_unc_low_mag_037,E7_sam3_overlay_vlm,SAM3 overlay,0,0.0,3,53,50,85.5,True,True,True
validation_unc_luca,Rettenberger Uncertainty,luca_unc_low_mag_038,E7_sam3_overlay_vlm,SAM3 overlay,0,0.0,33,57,24,41.5,True,True,True
validation_unc_luca,Rettenberger Uncertainty,luca_unc_low_mag_039,E7_sam3_overlay_vlm,SAM3 overlay,0,0.0,8,34,26,43.5,True,True,True
validation_unc_luca,Rettenberger Uncertainty,luca_unc_low_mag_040,E7_sam3_overlay_vlm,SAM3 overlay,26,0.4444,-26,1,27,58.5,False,False,False
validation_unc_luca,Rettenberger Uncertainty,luca_unc_low_mag_041,E7_sam3_overlay_vlm,SAM3 overlay,0,0.0,16,54,38,63.5,True,True,True
validation_unc_luca,Rettenberger Uncertainty,luca_unc_low_mag_042,E7_sam3_overlay_vlm,SAM3 overlay,21,0.3717,-21,10,31,56.5,False,False,False
validation_unc_luca,Rettenberger Uncertainty,luca_unc_low_mag_043,E7_sam3_overlay_vlm,SAM3 overlay,20,0.3419,-20,7,27,58.5,False,False,False
validation_unc_luca,Rettenberger Uncertainty,luca_unc_low_mag_044,E7_sam3_overlay_vlm,SAM3 overlay,8,0.0684,-8,42,50,117.0,False,False,True
validation_unc_luca,Rettenberger Uncertainty,luca_unc_low_mag_045,E7_sam3_overlay_vlm,SAM3 overlay,7,0.2692,-7,3,10,26.0,False,False,False
validation_unc_luca,Rettenberger Uncertainty,luca_unc_low_mag_046,E7_sam3_overlay_vlm,SAM3 overlay,33,0.4583,-33,8,41,72.0,False,False,False
validation_unc_luca,Rettenberger Uncertainty,luca_unc_low_mag_047,E7_sam3_overlay_vlm,SAM3 overlay,6,0.0606,-6,34,40,99.0,False,False,True
validation_unc_luca,Rettenberger Uncertainty,luca_unc_low_mag_048,E7_sam3_overlay_vlm,SAM3 overlay,0,0.0,34,45,11,44.0,True,True,True
validation_unc_luca,Rettenberger Uncertainty,luca_unc_low_mag_049,E7_sam3_overlay_vlm,SAM3 overlay,0,0.0,22,44,22,49.0,True,True,True
validation_unc_luca,Rettenberger Uncertainty,luca_unc_low_mag_050,E7_sam3_overlay_vlm,SAM3 overlay,0,0.0,52,63,11,45.0,True,True,True
validation_andrea_grid_scan_mirror,TFS Mirror,tile_r036_c026_andrea_val,E1_raw_vlm,VLM,6,1.0,-6,0,6,6.0,False,False,False
validation_andrea_grid_scan_mirror,TFS Mirror,tile_r036_c027_andrea_val,E1_raw_vlm,VLM,1,1.0,-1,0,1,1.0,False,True,False
validation_andrea_grid_scan_mirror,TFS Mirror,tile_r036_c031_andrea_val,E1_raw_vlm,VLM,1,1.0,-1,0,1,1.0,False,True,False
validation_andrea_grid_scan_mirror,TFS Mirror,tile_r036_c040_andrea_val,E1_raw_vlm,VLM,2,1.0,-2,0,2,2.0,False,False,False
validation_andrea_grid_scan_mirror,TFS Mirror,tile_r036_c041_andrea_val,E1_raw_vlm,VLM,4,1.0,-4,0,4,4.0,False,False,False
validation_andrea_grid_scan_mirror,TFS Mirror,tile_r036_c042_andrea_val,E1_raw_vlm,VLM,1,1.0,-1,0,1,1.0,False,True,False
validation_andrea_grid_scan_mirror,TFS Mirror,tile_r036_c044_andrea_val,E1_raw_vlm,VLM,7,1.0,-7,0,7,7.0,False,False,False
validation_andrea_grid_scan_mirror,TFS Mirror,tile_r036_c047_andrea_val,E1_raw_vlm,VLM,2,1.0,-2,0,2,2.0,False,False,False
validation_andrea_grid_scan_mirror,TFS Mirror,tile_r036_c048_andrea_val,E1_raw_vlm,VLM,1,1.0,-1,0,1,1.0,False,True,False
validation_andrea_grid_scan_mirror,TFS Mirror,tile_r036_c049_andrea_val,E1_raw_vlm,VLM,5,1.0,-5,0,5,5.0,False,False,False
validation_andrea_grid_scan_mirror,TFS Mirror,tile_r037_c026_andrea_val,E1_raw_vlm,VLM,3,1.0,-3,0,3,3.0,False,False,False
validation_andrea_grid_scan_mirror,TFS Mirror,tile_r037_c028_andrea_val,E1_raw_vlm,VLM,3,1.0,-3,0,3,3.0,False,False,False
validation_andrea_grid_scan_mirror,TFS Mirror,tile_r037_c032_andrea_val,E1_raw_vlm,VLM,1,1.0,-1,0,1,1.0,False,True,False
validation_andrea_grid_scan_mirror,TFS Mirror,tile_r037_c037_andrea_val,E1_raw_vlm,VLM,7,1.0,-7,0,7,7.0,False,False,False
validation_andrea_grid_scan_mirror,TFS Mirror,tile_r037_c044_andrea_val,E1_raw_vlm,VLM,18,1.0,-18,0,18,18.0,False,False,False
validation_andrea_grid_scan_mirror,TFS Mirror,tile_r037_c046_andrea_val,E1_raw_vlm,VLM,8,1.0,-8,0,8,8.0,False,False,False
validation_andrea_grid_scan_mirror,TFS Mirror,tile_r037_c047_andrea_val,E1_raw_vlm,VLM,8,1.0,-8,0,8,8.0,False,False,False
validation_andrea_grid_scan_mirror,TFS Mirror,tile_r037_c048_andrea_val,E1_raw_vlm,VLM,6,1.0,-6,0,6,6.0,False,False,False
validation_andrea_grid_scan_mirror,TFS Mirror,tile_r037_c049_andrea_val,E1_raw_vlm,VLM,5,1.0,-5,0,5,5.0,False,False,False
validation_andrea_grid_scan_mirror,TFS Mirror,tile_r036_c026_andrea_val,E2_sam2_deterministic,SAM2 mask,3,0.5,3,9,6,6.0,False,False,False
validation_andrea_grid_scan_mirror,TFS Mirror,tile_r036_c027_andrea_val,E2_sam2_deterministic,SAM2 mask,1,1.0,1,2,1,1.0,False,True,False
validation_andrea_grid_scan_mirror,TFS Mirror,tile_r036_c031_andrea_val,E2_sam2_deterministic,SAM2 mask,1,1.0,1,2,1,1.0,False,True,False
validation_andrea_grid_scan_mirror,TFS Mirror,tile_r036_c040_andrea_val,E2_sam2_deterministic,SAM2 mask,0,0.0,0,2,2,2.0,True,True,True
validation_andrea_grid_scan_mirror,TFS Mirror,tile_r036_c041_andrea_val,E2_sam2_deterministic,SAM2 mask,2,0.5,-2,2,4,4.0,False,False,False
validation_andrea_grid_scan_mirror,TFS Mirror,tile_r036_c042_andrea_val,E2_sam2_deterministic,SAM2 mask,2,2.0,2,3,1,1.0,False,False,False
validation_andrea_grid_scan_mirror,TFS Mirror,tile_r036_c044_andrea_val,E2_sam2_deterministic,SAM2 mask,3,0.4286,-3,4,7,7.0,False,False,False
validation_andrea_grid_scan_mirror,TFS Mirror,tile_r036_c047_andrea_val,E2_sam2_deterministic,SAM2 mask,1,0.5,-1,1,2,2.0,False,True,False
validation_andrea_grid_scan_mirror,TFS Mirror,tile_r036_c048_andrea_val,E2_sam2_deterministic,SAM2 mask,1,1.0,1,2,1,1.0,False,True,False
validation_andrea_grid_scan_mirror,TFS Mirror,tile_r036_c049_andrea_val,E2_sam2_deterministic,SAM2 mask,4,0.8,-4,1,5,5.0,False,False,False
validation_andrea_grid_scan_mirror,TFS Mirror,tile_r037_c026_andrea_val,E2_sam2_deterministic,SAM2 mask,2,0.6667,-2,1,3,3.0,False,False,False
validation_andrea_grid_scan_mirror,TFS Mirror,tile_r037_c028_andrea_val,E2_sam2_deterministic,SAM2 mask,2,0.6667,-2,1,3,3.0,False,False,False
validation_andrea_grid_scan_mirror,TFS Mirror,tile_r037_c032_andrea_val,E2_sam2_deterministic,SAM2 mask,4,4.0,4,5,1,1.0,False,False,False
validation_andrea_grid_scan_mirror,TFS Mirror,tile_r037_c037_andrea_val,E2_sam2_deterministic,SAM2 mask,2,0.2857,2,9,7,7.0,False,False,False
validation_andrea_grid_scan_mirror,TFS Mirror,tile_r037_c044_andrea_val,E2_sam2_deterministic,SAM2 mask,5,0.2778,-5,13,18,18.0,False,False,False
validation_andrea_grid_scan_mirror,TFS Mirror,tile_r037_c046_andrea_val,E2_sam2_deterministic,SAM2 mask,0,0.0,0,8,8,8.0,True,True,True
validation_andrea_grid_scan_mirror,TFS Mirror,tile_r037_c047_andrea_val,E2_sam2_deterministic,SAM2 mask,2,0.25,-2,6,8,8.0,False,False,False
validation_andrea_grid_scan_mirror,TFS Mirror,tile_r037_c048_andrea_val,E2_sam2_deterministic,SAM2 mask,4,0.6667,-4,2,6,6.0,False,False,False
validation_andrea_grid_scan_mirror,TFS Mirror,tile_r037_c049_andrea_val,E2_sam2_deterministic,SAM2 mask,4,0.8,-4,1,5,5.0,False,False,False
validation_andrea_grid_scan_mirror,TFS Mirror,tile_r036_c026_andrea_val,E3_imggen_deterministic,ImgGen mask,1,0.1667,-1,5,6,6.0,False,True,False
validation_andrea_grid_scan_mirror,TFS Mirror,tile_r036_c027_andrea_val,E3_imggen_deterministic,ImgGen mask,0,0.0,0,1,1,1.0,True,True,True
validation_andrea_grid_scan_mirror,TFS Mirror,tile_r036_c031_andrea_val,E3_imggen_deterministic,ImgGen mask,1,1.0,1,2,1,1.0,False,True,False
validation_andrea_grid_scan_mirror,TFS Mirror,tile_r036_c040_andrea_val,E3_imggen_deterministic,ImgGen mask,0,0.0,0,2,2,2.0,True,True,True
validation_andrea_grid_scan_mirror,TFS Mirror,tile_r036_c041_andrea_val,E3_imggen_deterministic,ImgGen mask,2,0.5,-2,2,4,4.0,False,False,False
validation_andrea_grid_scan_mirror,TFS Mirror,tile_r036_c042_andrea_val,E3_imggen_deterministic,ImgGen mask,2,2.0,2,3,1,1.0,False,False,False
validation_andrea_grid_scan_mirror,TFS Mirror,tile_r036_c044_andrea_val,E3_imggen_deterministic,ImgGen mask,1,0.1429,-1,6,7,7.0,False,True,False
validation_andrea_grid_scan_mirror,TFS Mirror,tile_r036_c047_andrea_val,E3_imggen_deterministic,ImgGen mask,1,0.5,-1,1,2,2.0,False,True,False
validation_andrea_grid_scan_mirror,TFS Mirror,tile_r036_c048_andrea_val,E3_imggen_deterministic,ImgGen mask,0,0.0,0,1,1,1.0,True,True,True
validation_andrea_grid_scan_mirror,TFS Mirror,tile_r036_c049_andrea_val,E3_imggen_deterministic,ImgGen mask,1,0.2,1,6,5,5.0,False,True,False
validation_andrea_grid_scan_mirror,TFS Mirror,tile_r037_c026_andrea_val,E3_imggen_deterministic,ImgGen mask,0,0.0,0,3,3,3.0,True,True,True
validation_andrea_grid_scan_mirror,TFS Mirror,tile_r037_c028_andrea_val,E3_imggen_deterministic,ImgGen mask,0,0.0,0,3,3,3.0,True,True,True
validation_andrea_grid_scan_mirror,TFS Mirror,tile_r037_c032_andrea_val,E3_imggen_deterministic,ImgGen mask,1,1.0,1,2,1,1.0,False,True,False
validation_andrea_grid_scan_mirror,TFS Mirror,tile_r037_c037_andrea_val,E3_imggen_deterministic,ImgGen mask,4,0.5714,-4,3,7,7.0,False,False,False
validation_andrea_grid_scan_mirror,TFS Mirror,tile_r037_c044_andrea_val,E3_imggen_deterministic,ImgGen mask,0,0.0,0,18,18,18.0,True,True,True
validation_andrea_grid_scan_mirror,TFS Mirror,tile_r037_c046_andrea_val,E3_imggen_deterministic,ImgGen mask,4,0.5,-4,4,8,8.0,False,False,False
validation_andrea_grid_scan_mirror,TFS Mirror,tile_r037_c047_andrea_val,E3_imggen_deterministic,ImgGen mask,3,0.375,-3,5,8,8.0,False,False,False
validation_andrea_grid_scan_mirror,TFS Mirror,tile_r037_c048_andrea_val,E3_imggen_deterministic,ImgGen mask,1,0.1667,1,7,6,6.0,False,True,False
validation_andrea_grid_scan_mirror,TFS Mirror,tile_r037_c049_andrea_val,E3_imggen_deterministic,ImgGen mask,1,0.2,-1,4,5,5.0,False,True,False
validation_andrea_grid_scan_mirror,TFS Mirror,tile_r036_c026_andrea_val,E4_sam2_overlay_vlm,SAM2 overlay,2,0.3333,2,8,6,6.0,False,False,False
validation_andrea_grid_scan_mirror,TFS Mirror,tile_r036_c027_andrea_val,E4_sam2_overlay_vlm,SAM2 overlay,0,0.0,0,1,1,1.0,True,True,True
validation_andrea_grid_scan_mirror,TFS Mirror,tile_r036_c031_andrea_val,E4_sam2_overlay_vlm,SAM2 overlay,1,1.0,1,2,1,1.0,False,True,False
validation_andrea_grid_scan_mirror,TFS Mirror,tile_r036_c040_andrea_val,E4_sam2_overlay_vlm,SAM2 overlay,2,1.0,2,4,2,2.0,False,False,False
validation_andrea_grid_scan_mirror,TFS Mirror,tile_r036_c041_andrea_val,E4_sam2_overlay_vlm,SAM2 overlay,0,0.0,0,4,4,4.0,True,True,True
validation_andrea_grid_scan_mirror,TFS Mirror,tile_r036_c042_andrea_val,E4_sam2_overlay_vlm,SAM2 overlay,2,2.0,2,3,1,1.0,False,False,False
validation_andrea_grid_scan_mirror,TFS Mirror,tile_r036_c044_andrea_val,E4_sam2_overlay_vlm,SAM2 overlay,3,0.4286,-3,4,7,7.0,False,False,False
validation_andrea_grid_scan_mirror,TFS Mirror,tile_r036_c047_andrea_val,E4_sam2_overlay_vlm,SAM2 overlay,1,0.5,1,3,2,2.0,False,True,False
validation_andrea_grid_scan_mirror,TFS Mirror,tile_r036_c048_andrea_val,E4_sam2_overlay_vlm,SAM2 overlay,2,2.0,2,3,1,1.0,False,False,False
validation_andrea_grid_scan_mirror,TFS Mirror,tile_r036_c049_andrea_val,E4_sam2_overlay_vlm,SAM2 overlay,6,1.2,6,11,5,5.0,False,False,False
validation_andrea_grid_scan_mirror,TFS Mirror,tile_r037_c026_andrea_val,E4_sam2_overlay_vlm,SAM2 overlay,0,0.0,0,3,3,3.0,True,True,True
validation_andrea_grid_scan_mirror,TFS Mirror,tile_r037_c028_andrea_val,E4_sam2_overlay_vlm,SAM2 overlay,1,0.3333,-1,2,3,3.0,False,True,False
validation_andrea_grid_scan_mirror,TFS Mirror,tile_r037_c032_andrea_val,E4_sam2_overlay_vlm,SAM2 overlay,2,2.0,2,3,1,1.0,False,False,False
validation_andrea_grid_scan_mirror,TFS Mirror,tile_r037_c037_andrea_val,E4_sam2_overlay_vlm,SAM2 overlay,3,0.4286,-3,4,7,7.0,False,False,False
validation_andrea_grid_scan_mirror,TFS Mirror,tile_r037_c044_andrea_val,E4_sam2_overlay_vlm,SAM2 overlay,2,0.1111,-2,16,18,18.0,False,False,False
validation_andrea_grid_scan_mirror,TFS Mirror,tile_r037_c046_andrea_val,E4_sam2_overlay_vlm,SAM2 overlay,2,0.25,2,10,8,8.0,False,False,False
validation_andrea_grid_scan_mirror,TFS Mirror,tile_r037_c047_andrea_val,E4_sam2_overlay_vlm,SAM2 overlay,1,0.125,1,9,8,8.0,False,True,False
validation_andrea_grid_scan_mirror,TFS Mirror,tile_r037_c048_andrea_val,E4_sam2_overlay_vlm,SAM2 overlay,2,0.3333,2,8,6,6.0,False,False,False
validation_andrea_grid_scan_mirror,TFS Mirror,tile_r037_c049_andrea_val,E4_sam2_overlay_vlm,SAM2 overlay,3,0.6,3,8,5,5.0,False,False,False
validation_andrea_grid_scan_mirror,TFS Mirror,tile_r036_c026_andrea_val,E5_imggen_overlay_vlm,ImgGen overlay,1,0.1667,1,7,6,6.0,False,True,False
validation_andrea_grid_scan_mirror,TFS Mirror,tile_r036_c027_andrea_val,E5_imggen_overlay_vlm,ImgGen overlay,0,0.0,0,1,1,1.0,True,True,True
validation_andrea_grid_scan_mirror,TFS Mirror,tile_r036_c031_andrea_val,E5_imggen_overlay_vlm,ImgGen overlay,1,1.0,1,2,1,1.0,False,True,False
validation_andrea_grid_scan_mirror,TFS Mirror,tile_r036_c040_andrea_val,E5_imggen_overlay_vlm,ImgGen overlay,1,0.5,1,3,2,2.0,False,True,False
validation_andrea_grid_scan_mirror,TFS Mirror,tile_r036_c041_andrea_val,E5_imggen_overlay_vlm,ImgGen overlay,2,0.5,-2,2,4,4.0,False,False,False
validation_andrea_grid_scan_mirror,TFS Mirror,tile_r036_c042_andrea_val,E5_imggen_overlay_vlm,ImgGen overlay,9,9.0,9,10,1,1.0,False,False,False
validation_andrea_grid_scan_mirror,TFS Mirror,tile_r036_c044_andrea_val,E5_imggen_overlay_vlm,ImgGen overlay,1,0.1429,-1,6,7,7.0,False,True,False
validation_andrea_grid_scan_mirror,TFS Mirror,tile_r036_c047_andrea_val,E5_imggen_overlay_vlm,ImgGen overlay,1,0.5,-1,1,2,2.0,False,True,False
validation_andrea_grid_scan_mirror,TFS Mirror,tile_r036_c048_andrea_val,E5_imggen_overlay_vlm,ImgGen overlay,0,0.0,0,1,1,1.0,True,True,True
validation_andrea_grid_scan_mirror,TFS Mirror,tile_r036_c049_andrea_val,E5_imggen_overlay_vlm,ImgGen overlay,1,0.2,1,6,5,5.0,False,True,False
validation_andrea_grid_scan_mirror,TFS Mirror,tile_r037_c026_andrea_val,E5_imggen_overlay_vlm,ImgGen overlay,1,0.3333,-1,2,3,3.0,False,True,False
validation_andrea_grid_scan_mirror,TFS Mirror,tile_r037_c028_andrea_val,E5_imggen_overlay_vlm,ImgGen overlay,0,0.0,0,3,3,3.0,True,True,True
validation_andrea_grid_scan_mirror,TFS Mirror,tile_r037_c032_andrea_val,E5_imggen_overlay_vlm,ImgGen overlay,23,23.0,23,24,1,1.0,False,False,False
validation_andrea_grid_scan_mirror,TFS Mirror,tile_r037_c037_andrea_val,E5_imggen_overlay_vlm,ImgGen overlay,3,0.4286,-3,4,7,7.0,False,False,False
validation_andrea_grid_scan_mirror,TFS Mirror,tile_r037_c044_andrea_val,E5_imggen_overlay_vlm,ImgGen overlay,2,0.1111,2,20,18,18.0,False,False,False
validation_andrea_grid_scan_mirror,TFS Mirror,tile_r037_c046_andrea_val,E5_imggen_overlay_vlm,ImgGen overlay,5,0.625,-5,3,8,8.0,False,False,False
validation_andrea_grid_scan_mirror,TFS Mirror,tile_r037_c047_andrea_val,E5_imggen_overlay_vlm,ImgGen overlay,3,0.375,-3,5,8,8.0,False,False,False
validation_andrea_grid_scan_mirror,TFS Mirror,tile_r037_c048_andrea_val,E5_imggen_overlay_vlm,ImgGen overlay,1,0.1667,1,7,6,6.0,False,True,False
validation_andrea_grid_scan_mirror,TFS Mirror,tile_r037_c049_andrea_val,E5_imggen_overlay_vlm,ImgGen overlay,1,0.2,-1,4,5,5.0,False,True,False
validation_andrea_grid_scan_mirror,TFS Mirror,tile_r036_c026_andrea_val,E6_sam3_deterministic,SAM3 mask,1,0.1667,-1,5,6,6.0,False,True,False
validation_andrea_grid_scan_mirror,TFS Mirror,tile_r036_c027_andrea_val,E6_sam3_deterministic,SAM3 mask,1,1.0,-1,0,1,1.0,False,True,False
validation_andrea_grid_scan_mirror,TFS Mirror,tile_r036_c031_andrea_val,E6_sam3_deterministic,SAM3 mask,1,1.0,1,2,1,1.0,False,True,False
validation_andrea_grid_scan_mirror,TFS Mirror,tile_r036_c040_andrea_val,E6_sam3_deterministic,SAM3 mask,0,0.0,0,2,2,2.0,True,True,True
validation_andrea_grid_scan_mirror,TFS Mirror,tile_r036_c041_andrea_val,E6_sam3_deterministic,SAM3 mask,3,0.75,-3,1,4,4.0,False,False,False
validation_andrea_grid_scan_mirror,TFS Mirror,tile_r036_c042_andrea_val,E6_sam3_deterministic,SAM3 mask,1,1.0,-1,0,1,1.0,False,True,False
validation_andrea_grid_scan_mirror,TFS Mirror,tile_r036_c044_andrea_val,E6_sam3_deterministic,SAM3 mask,7,1.0,-7,0,7,7.0,False,False,False
validation_andrea_grid_scan_mirror,TFS Mirror,tile_r036_c047_andrea_val,E6_sam3_deterministic,SAM3 mask,2,1.0,-2,0,2,2.0,False,False,False
validation_andrea_grid_scan_mirror,TFS Mirror,tile_r036_c048_andrea_val,E6_sam3_deterministic,SAM3 mask,1,1.0,-1,0,1,1.0,False,True,False
validation_andrea_grid_scan_mirror,TFS Mirror,tile_r036_c049_andrea_val,E6_sam3_deterministic,SAM3 mask,1,0.2,1,6,5,5.0,False,True,False
validation_andrea_grid_scan_mirror,TFS Mirror,tile_r037_c026_andrea_val,E6_sam3_deterministic,SAM3 mask,2,0.6667,-2,1,3,3.0,False,False,False
validation_andrea_grid_scan_mirror,TFS Mirror,tile_r037_c028_andrea_val,E6_sam3_deterministic,SAM3 mask,3,1.0,-3,0,3,3.0,False,False,False
validation_andrea_grid_scan_mirror,TFS Mirror,tile_r037_c032_andrea_val,E6_sam3_deterministic,SAM3 mask,1,1.0,-1,0,1,1.0,False,True,False
validation_andrea_grid_scan_mirror,TFS Mirror,tile_r037_c037_andrea_val,E6_sam3_deterministic,SAM3 mask,6,0.8571,-6,1,7,7.0,False,False,False
validation_andrea_grid_scan_mirror,TFS Mirror,tile_r037_c044_andrea_val,E6_sam3_deterministic,SAM3 mask,1,0.0556,-1,17,18,18.0,False,True,True
validation_andrea_grid_scan_mirror,TFS Mirror,tile_r037_c046_andrea_val,E6_sam3_deterministic,SAM3 mask,3,0.375,-3,5,8,8.0,False,False,False
validation_andrea_grid_scan_mirror,TFS Mirror,tile_r037_c047_andrea_val,E6_sam3_deterministic,SAM3 mask,3,0.375,-3,5,8,8.0,False,False,False
validation_andrea_grid_scan_mirror,TFS Mirror,tile_r037_c048_andrea_val,E6_sam3_deterministic,SAM3 mask,4,0.6667,-4,2,6,6.0,False,False,False
validation_andrea_grid_scan_mirror,TFS Mirror,tile_r037_c049_andrea_val,E6_sam3_deterministic,SAM3 mask,1,0.2,-1,4,5,5.0,False,True,False
validation_andrea_grid_scan_mirror,TFS Mirror,tile_r036_c026_andrea_val,E7_sam3_overlay_vlm,SAM3 overlay,1,0.1667,-1,5,6,6.0,False,True,False
validation_andrea_grid_scan_mirror,TFS Mirror,tile_r036_c027_andrea_val,E7_sam3_overlay_vlm,SAM3 overlay,1,1.0,-1,0,1,1.0,False,True,False
validation_andrea_grid_scan_mirror,TFS Mirror,tile_r036_c031_andrea_val,E7_sam3_overlay_vlm,SAM3 overlay,1,1.0,1,2,1,1.0,False,True,False
validation_andrea_grid_scan_mirror,TFS Mirror,tile_r036_c040_andrea_val,E7_sam3_overlay_vlm,SAM3 overlay,0,0.0,0,2,2,2.0,True,True,True
validation_andrea_grid_scan_mirror,TFS Mirror,tile_r036_c041_andrea_val,E7_sam3_overlay_vlm,SAM3 overlay,3,0.75,-3,1,4,4.0,False,False,False
validation_andrea_grid_scan_mirror,TFS Mirror,tile_r036_c042_andrea_val,E7_sam3_overlay_vlm,SAM3 overlay,1,1.0,-1,0,1,1.0,False,True,False
validation_andrea_grid_scan_mirror,TFS Mirror,tile_r036_c044_andrea_val,E7_sam3_overlay_vlm,SAM3 overlay,7,1.0,-7,0,7,7.0,False,False,False
validation_andrea_grid_scan_mirror,TFS Mirror,tile_r036_c047_andrea_val,E7_sam3_overlay_vlm,SAM3 overlay,2,1.0,-2,0,2,2.0,False,False,False
validation_andrea_grid_scan_mirror,TFS Mirror,tile_r036_c048_andrea_val,E7_sam3_overlay_vlm,SAM3 overlay,1,1.0,-1,0,1,1.0,False,True,False
validation_andrea_grid_scan_mirror,TFS Mirror,tile_r036_c049_andrea_val,E7_sam3_overlay_vlm,SAM3 overlay,1,0.2,1,6,5,5.0,False,True,False
validation_andrea_grid_scan_mirror,TFS Mirror,tile_r037_c026_andrea_val,E7_sam3_overlay_vlm,SAM3 overlay,2,0.6667,-2,1,3,3.0,False,False,False
validation_andrea_grid_scan_mirror,TFS Mirror,tile_r037_c028_andrea_val,E7_sam3_overlay_vlm,SAM3 overlay,3,1.0,-3,0,3,3.0,False,False,False
validation_andrea_grid_scan_mirror,TFS Mirror,tile_r037_c032_andrea_val,E7_sam3_overlay_vlm,SAM3 overlay,1,1.0,-1,0,1,1.0,False,True,False
validation_andrea_grid_scan_mirror,TFS Mirror,tile_r037_c037_andrea_val,E7_sam3_overlay_vlm,SAM3 overlay,6,0.8571,-6,1,7,7.0,False,False,False
validation_andrea_grid_scan_mirror,TFS Mirror,tile_r037_c044_andrea_val,E7_sam3_overlay_vlm,SAM3 overlay,4,0.2222,-4,14,18,18.0,False,False,False
validation_andrea_grid_scan_mirror,TFS Mirror,tile_r037_c046_andrea_val,E7_sam3_overlay_vlm,SAM3 overlay,4,0.5,-4,4,8,8.0,False,False,False
validation_andrea_grid_scan_mirror,TFS Mirror,tile_r037_c047_andrea_val,E7_sam3_overlay_vlm,SAM3 overlay,3,0.375,-3,5,8,8.0,False,False,False
validation_andrea_grid_scan_mirror,TFS Mirror,tile_r037_c048_andrea_val,E7_sam3_overlay_vlm,SAM3 overlay,4,0.6667,-4,2,6,6.0,False,False,False
validation_andrea_grid_scan_mirror,TFS Mirror,tile_r037_c049_andrea_val,E7_sam3_overlay_vlm,SAM3 overlay,1,0.2,1,6,5,5.0,False,True,False
