method,sample_id,absolute_error,direction,predicted_count,gt_interval_low,gt_interval_high,original_image,mask_image,overlay_image,prediction_json,manifest_json
ImgGen mask,luca_unc_low_mag_022,588,overcount,601,5,13,/home/nielsbroekhuizen/projects/my-vscode-project/outputs/case_study_2/runs/luca_unc_low_mag_022/20260624_160642/images/original.jpg,/home/nielsbroekhuizen/projects/my-vscode-project/outputs/case_study_2/runs/luca_unc_low_mag_022/20260624_160642/images/E3_imggen_deterministic_mask.png,/home/nielsbroekhuizen/projects/my-vscode-project/outputs/case_study_2/runs/luca_unc_low_mag_022/20260624_160642/images/E3_imggen_deterministic_overlay.png,/home/nielsbroekhuizen/projects/my-vscode-project/outputs/case_study_2/runs/luca_unc_low_mag_022/20260624_160642/predictions/E3_imggen_deterministic.json,/home/nielsbroekhuizen/projects/my-vscode-project/outputs/case_study_2/runs/luca_unc_low_mag_022/20260624_160642/run_manifest.json
ImgGen overlay,luca_unc_low_mag_020,481,overcount,487,2,6,/home/nielsbroekhuizen/projects/my-vscode-project/outputs/case_study_2/runs/luca_unc_low_mag_020/20260627_141649/images/original.jpg,/home/nielsbroekhuizen/projects/my-vscode-project/outputs/case_study_2/runs/luca_unc_low_mag_020/20260627_141649/images/E5_imggen_overlay_vlm_mask.png,/home/nielsbroekhuizen/projects/my-vscode-project/outputs/case_study_2/runs/luca_unc_low_mag_020/20260627_141649/images/E5_imggen_overlay_vlm_overlay.png,/home/nielsbroekhuizen/projects/my-vscode-project/outputs/case_study_2/runs/luca_unc_low_mag_020/20260627_141649/predictions/E5_imggen_overlay_vlm.json,/home/nielsbroekhuizen/projects/my-vscode-project/outputs/case_study_2/runs/luca_unc_low_mag_020/20260627_141649/run_manifest.json
ImgGen overlay,luca_unc_low_mag_021,370,overcount,421,23,51,/home/nielsbroekhuizen/projects/my-vscode-project/outputs/case_study_2/runs/luca_unc_low_mag_021/20260627_142247/images/original.jpg,/home/nielsbroekhuizen/projects/my-vscode-project/outputs/case_study_2/runs/luca_unc_low_mag_021/20260627_142247/images/E5_imggen_overlay_vlm_mask.png,/home/nielsbroekhuizen/projects/my-vscode-project/outputs/case_study_2/runs/luca_unc_low_mag_021/20260627_142247/images/E5_imggen_overlay_vlm_overlay.png,/home/nielsbroekhuizen/projects/my-vscode-project/outputs/case_study_2/runs/luca_unc_low_mag_021/20260627_142247/predictions/E5_imggen_overlay_vlm.json,/home/nielsbroekhuizen/projects/my-vscode-project/outputs/case_study_2/runs/luca_unc_low_mag_021/20260627_142247/run_manifest.json
ImgGen mask,luca_unc_low_mag_021,278,overcount,329,23,51,/home/nielsbroekhuizen/projects/my-vscode-project/outputs/case_study_2/runs/luca_unc_low_mag_021/20260624_160545/images/original.jpg,/home/nielsbroekhuizen/projects/my-vscode-project/outputs/case_study_2/runs/luca_unc_low_mag_021/20260624_160545/images/E3_imggen_deterministic_mask.png,/home/nielsbroekhuizen/projects/my-vscode-project/outputs/case_study_2/runs/luca_unc_low_mag_021/20260624_160545/images/E3_imggen_deterministic_overlay.png,/home/nielsbroekhuizen/projects/my-vscode-project/outputs/case_study_2/runs/luca_unc_low_mag_021/20260624_160545/predictions/E3_imggen_deterministic.json,/home/nielsbroekhuizen/projects/my-vscode-project/outputs/case_study_2/runs/luca_unc_low_mag_021/20260624_160545/run_manifest.json
ImgGen overlay,luca_unc_low_mag_022,247,overcount,260,5,13,/home/nielsbroekhuizen/projects/my-vscode-project/outputs/case_study_2/runs/luca_unc_low_mag_022/20260627_142830/images/original.jpg,/home/nielsbroekhuizen/projects/my-vscode-project/outputs/case_study_2/runs/luca_unc_low_mag_022/20260627_142830/images/E5_imggen_overlay_vlm_mask.png,/home/nielsbroekhuizen/projects/my-vscode-project/outputs/case_study_2/runs/luca_unc_low_mag_022/20260627_142830/images/E5_imggen_overlay_vlm_overlay.png,/home/nielsbroekhuizen/projects/my-vscode-project/outputs/case_study_2/runs/luca_unc_low_mag_022/20260627_142830/predictions/E5_imggen_overlay_vlm.json,/home/nielsbroekhuizen/projects/my-vscode-project/outputs/case_study_2/runs/luca_unc_low_mag_022/20260627_142830/run_manifest.json
ImgGen mask,luca_unc_low_mag_038,147,overcount,206,24,59,/home/nielsbroekhuizen/projects/my-vscode-project/outputs/case_study_2/runs/luca_unc_low_mag_038/20260624_173122/images/original.jpg,/home/nielsbroekhuizen/projects/my-vscode-project/outputs/case_study_2/runs/luca_unc_low_mag_038/20260624_173122/images/E3_imggen_deterministic_mask.png,/home/nielsbroekhuizen/projects/my-vscode-project/outputs/case_study_2/runs/luca_unc_low_mag_038/20260624_173122/images/E3_imggen_deterministic_overlay.png,/home/nielsbroekhuizen/projects/my-vscode-project/outputs/case_study_2/runs/luca_unc_low_mag_038/20260624_173122/predictions/E3_imggen_deterministic.json,/home/nielsbroekhuizen/projects/my-vscode-project/outputs/case_study_2/runs/luca_unc_low_mag_038/20260624_173122/run_manifest.json
ImgGen overlay,luca_unc_high_mag_011,113,overcount,133,8,20,/home/nielsbroekhuizen/projects/my-vscode-project/outputs/case_study_2/runs/luca_unc_high_mag_011/20260624_134456/images/original.jpg,/home/nielsbroekhuizen/projects/my-vscode-project/outputs/case_study_2/runs/luca_unc_high_mag_011/20260624_134456/images/E5_imggen_overlay_vlm_mask.png,/home/nielsbroekhuizen/projects/my-vscode-project/outputs/case_study_2/runs/luca_unc_high_mag_011/20260624_134456/images/E5_imggen_overlay_vlm_overlay.png,/home/nielsbroekhuizen/projects/my-vscode-project/outputs/case_study_2/runs/luca_unc_high_mag_011/20260624_134456/predictions/E5_imggen_overlay_vlm.json,/home/nielsbroekhuizen/projects/my-vscode-project/outputs/case_study_2/runs/luca_unc_high_mag_011/20260624_134456/run_manifest.json
ImgGen mask,luca_unc_low_mag_020,111,overcount,117,2,6,/home/nielsbroekhuizen/projects/my-vscode-project/outputs/case_study_2/runs/luca_unc_low_mag_020/20260624_160448/images/original.jpg,/home/nielsbroekhuizen/projects/my-vscode-project/outputs/case_study_2/runs/luca_unc_low_mag_020/20260624_160448/images/E3_imggen_deterministic_mask.png,/home/nielsbroekhuizen/projects/my-vscode-project/outputs/case_study_2/runs/luca_unc_low_mag_020/20260624_160448/images/E3_imggen_deterministic_overlay.png,/home/nielsbroekhuizen/projects/my-vscode-project/outputs/case_study_2/runs/luca_unc_low_mag_020/20260624_160448/predictions/E3_imggen_deterministic.json,/home/nielsbroekhuizen/projects/my-vscode-project/outputs/case_study_2/runs/luca_unc_low_mag_020/20260624_160448/run_manifest.json
ImgGen mask,luca_unc_high_mag_011,111,overcount,131,8,20,/home/nielsbroekhuizen/projects/my-vscode-project/outputs/case_study_2/runs/luca_unc_high_mag_011/20260624_134456/images/original.jpg,/home/nielsbroekhuizen/projects/my-vscode-project/outputs/case_study_2/runs/luca_unc_high_mag_011/20260624_134456/images/E3_imggen_deterministic_mask.png,/home/nielsbroekhuizen/projects/my-vscode-project/outputs/case_study_2/runs/luca_unc_high_mag_011/20260624_134456/images/E3_imggen_deterministic_overlay.png,/home/nielsbroekhuizen/projects/my-vscode-project/outputs/case_study_2/runs/luca_unc_high_mag_011/20260624_134456/predictions/E3_imggen_deterministic.json,/home/nielsbroekhuizen/projects/my-vscode-project/outputs/case_study_2/runs/luca_unc_high_mag_011/20260624_134456/run_manifest.json
ImgGen mask,luca_unc_low_mag_002,99,overcount,154,21,55,/home/nielsbroekhuizen/projects/my-vscode-project/outputs/case_study_2/runs/luca_unc_low_mag_002/20260624_151008/images/original.jpg,/home/nielsbroekhuizen/projects/my-vscode-project/outputs/case_study_2/runs/luca_unc_low_mag_002/20260624_151008/images/E3_imggen_deterministic_mask.png,/home/nielsbroekhuizen/projects/my-vscode-project/outputs/case_study_2/runs/luca_unc_low_mag_002/20260624_151008/images/E3_imggen_deterministic_overlay.png,/home/nielsbroekhuizen/projects/my-vscode-project/outputs/case_study_2/runs/luca_unc_low_mag_002/20260624_151008/predictions/E3_imggen_deterministic.json,/home/nielsbroekhuizen/projects/my-vscode-project/outputs/case_study_2/runs/luca_unc_low_mag_002/20260624_151008/run_manifest.json
ImgGen overlay,luca_unc_low_mag_002,92,overcount,147,21,55,/home/nielsbroekhuizen/projects/my-vscode-project/outputs/case_study_2/runs/luca_unc_low_mag_002/20260624_151008/images/original.jpg,/home/nielsbroekhuizen/projects/my-vscode-project/outputs/case_study_2/runs/luca_unc_low_mag_002/20260624_151008/images/E5_imggen_overlay_vlm_mask.png,/home/nielsbroekhuizen/projects/my-vscode-project/outputs/case_study_2/runs/luca_unc_low_mag_002/20260624_151008/images/E5_imggen_overlay_vlm_overlay.png,/home/nielsbroekhuizen/projects/my-vscode-project/outputs/case_study_2/runs/luca_unc_low_mag_002/20260624_151008/predictions/E5_imggen_overlay_vlm.json,/home/nielsbroekhuizen/projects/my-vscode-project/outputs/case_study_2/runs/luca_unc_low_mag_002/20260624_151008/run_manifest.json
ImgGen overlay,luca_unc_low_mag_038,89,overcount,148,24,59,/home/nielsbroekhuizen/projects/my-vscode-project/outputs/case_study_2/runs/luca_unc_low_mag_038/20260624_173122/images/original.jpg,/home/nielsbroekhuizen/projects/my-vscode-project/outputs/case_study_2/runs/luca_unc_low_mag_038/20260624_173122/images/E5_imggen_overlay_vlm_mask.png,/home/nielsbroekhuizen/projects/my-vscode-project/outputs/case_study_2/runs/luca_unc_low_mag_038/20260624_173122/images/E5_imggen_overlay_vlm_overlay.png,/home/nielsbroekhuizen/projects/my-vscode-project/outputs/case_study_2/runs/luca_unc_low_mag_038/20260624_173122/predictions/E5_imggen_overlay_vlm.json,/home/nielsbroekhuizen/projects/my-vscode-project/outputs/case_study_2/runs/luca_unc_low_mag_038/20260624_173122/run_manifest.json
ImgGen mask,luca_unc_low_mag_024,87,overcount,125,18,38,/home/nielsbroekhuizen/projects/my-vscode-project/outputs/case_study_2/runs/luca_unc_low_mag_024/20260624_160823/images/original.jpg,/home/nielsbroekhuizen/projects/my-vscode-project/outputs/case_study_2/runs/luca_unc_low_mag_024/20260624_160823/images/E3_imggen_deterministic_mask.png,/home/nielsbroekhuizen/projects/my-vscode-project/outputs/case_study_2/runs/luca_unc_low_mag_024/20260624_160823/images/E3_imggen_deterministic_overlay.png,/home/nielsbroekhuizen/projects/my-vscode-project/outputs/case_study_2/runs/luca_unc_low_mag_024/20260624_160823/predictions/E3_imggen_deterministic.json,/home/nielsbroekhuizen/projects/my-vscode-project/outputs/case_study_2/runs/luca_unc_low_mag_024/20260624_160823/run_manifest.json
ImgGen overlay,luca_unc_low_mag_009,82,undercount,1,83,340,/home/nielsbroekhuizen/projects/my-vscode-project/outputs/case_study_2/runs/luca_unc_low_mag_009/20260624_153742/images/original.jpg,/home/nielsbroekhuizen/projects/my-vscode-project/outputs/case_study_2/runs/luca_unc_low_mag_009/20260624_153742/images/E5_imggen_overlay_vlm_mask.png,/home/nielsbroekhuizen/projects/my-vscode-project/outputs/case_study_2/runs/luca_unc_low_mag_009/20260624_153742/images/E5_imggen_overlay_vlm_overlay.png,/home/nielsbroekhuizen/projects/my-vscode-project/outputs/case_study_2/runs/luca_unc_low_mag_009/20260624_153742/predictions/E5_imggen_overlay_vlm.json,/home/nielsbroekhuizen/projects/my-vscode-project/outputs/case_study_2/runs/luca_unc_low_mag_009/20260624_153742/run_manifest.json
ImgGen mask,luca_unc_low_mag_009,82,undercount,1,83,340,/home/nielsbroekhuizen/projects/my-vscode-project/outputs/case_study_2/runs/luca_unc_low_mag_009/20260624_153742/images/original.jpg,/home/nielsbroekhuizen/projects/my-vscode-project/outputs/case_study_2/runs/luca_unc_low_mag_009/20260624_153742/images/E3_imggen_deterministic_mask.png,/home/nielsbroekhuizen/projects/my-vscode-project/outputs/case_study_2/runs/luca_unc_low_mag_009/20260624_153742/images/E3_imggen_deterministic_overlay.png,/home/nielsbroekhuizen/projects/my-vscode-project/outputs/case_study_2/runs/luca_unc_low_mag_009/20260624_153742/predictions/E3_imggen_deterministic.json,/home/nielsbroekhuizen/projects/my-vscode-project/outputs/case_study_2/runs/luca_unc_low_mag_009/20260624_153742/run_manifest.json
ImgGen overlay,luca_unc_high_mag_034,63,overcount,73,4,10,/home/nielsbroekhuizen/projects/my-vscode-project/outputs/case_study_2/runs/luca_unc_high_mag_034/20260627_132211/images/original.jpg,/home/nielsbroekhuizen/projects/my-vscode-project/outputs/case_study_2/runs/luca_unc_high_mag_034/20260627_132211/images/E5_imggen_overlay_vlm_mask.png,/home/nielsbroekhuizen/projects/my-vscode-project/outputs/case_study_2/runs/luca_unc_high_mag_034/20260627_132211/images/E5_imggen_overlay_vlm_overlay.png,/home/nielsbroekhuizen/projects/my-vscode-project/outputs/case_study_2/runs/luca_unc_high_mag_034/20260627_132211/predictions/E5_imggen_overlay_vlm.json,/home/nielsbroekhuizen/projects/my-vscode-project/outputs/case_study_2/runs/luca_unc_high_mag_034/20260627_132211/run_manifest.json
ImgGen mask,luca_unc_low_mag_035,62,overcount,154,33,92,/home/nielsbroekhuizen/projects/my-vscode-project/outputs/case_study_2/runs/luca_unc_low_mag_035/20260624_170752/images/original.jpg,/home/nielsbroekhuizen/projects/my-vscode-project/outputs/case_study_2/runs/luca_unc_low_mag_035/20260624_170752/images/E3_imggen_deterministic_mask.png,/home/nielsbroekhuizen/projects/my-vscode-project/outputs/case_study_2/runs/luca_unc_low_mag_035/20260624_170752/images/E3_imggen_deterministic_overlay.png,/home/nielsbroekhuizen/projects/my-vscode-project/outputs/case_study_2/runs/luca_unc_low_mag_035/20260624_170752/predictions/E3_imggen_deterministic.json,/home/nielsbroekhuizen/projects/my-vscode-project/outputs/case_study_2/runs/luca_unc_low_mag_035/20260624_170752/run_manifest.json
ImgGen mask,luca_unc_high_mag_034,61,overcount,71,4,10,/home/nielsbroekhuizen/projects/my-vscode-project/outputs/case_study_2/runs/luca_unc_high_mag_034/20260624_144524/images/original.jpg,/home/nielsbroekhuizen/projects/my-vscode-project/outputs/case_study_2/runs/luca_unc_high_mag_034/20260624_144524/images/E3_imggen_deterministic_mask.png,/home/nielsbroekhuizen/projects/my-vscode-project/outputs/case_study_2/runs/luca_unc_high_mag_034/20260624_144524/images/E3_imggen_deterministic_overlay.png,/home/nielsbroekhuizen/projects/my-vscode-project/outputs/case_study_2/runs/luca_unc_high_mag_034/20260624_144524/predictions/E3_imggen_deterministic.json,/home/nielsbroekhuizen/projects/my-vscode-project/outputs/case_study_2/runs/luca_unc_high_mag_034/20260624_144524/run_manifest.json
ImgGen overlay,luca_unc_low_mag_035,58,overcount,150,33,92,/home/nielsbroekhuizen/projects/my-vscode-project/outputs/case_study_2/runs/luca_unc_low_mag_035/20260624_170752/images/original.jpg,/home/nielsbroekhuizen/projects/my-vscode-project/outputs/case_study_2/runs/luca_unc_low_mag_035/20260624_170752/images/E5_imggen_overlay_vlm_mask.png,/home/nielsbroekhuizen/projects/my-vscode-project/outputs/case_study_2/runs/luca_unc_low_mag_035/20260624_170752/images/E5_imggen_overlay_vlm_overlay.png,/home/nielsbroekhuizen/projects/my-vscode-project/outputs/case_study_2/runs/luca_unc_low_mag_035/20260624_170752/predictions/E5_imggen_overlay_vlm.json,/home/nielsbroekhuizen/projects/my-vscode-project/outputs/case_study_2/runs/luca_unc_low_mag_035/20260624_170752/run_manifest.json
ImgGen mask,luca_unc_low_mag_047,57,overcount,215,40,158,/home/nielsbroekhuizen/projects/my-vscode-project/outputs/case_study_2/runs/luca_unc_low_mag_047/20260624_182234/images/original.jpg,/home/nielsbroekhuizen/projects/my-vscode-project/outputs/case_study_2/runs/luca_unc_low_mag_047/20260624_182234/images/E3_imggen_deterministic_mask.png,/home/nielsbroekhuizen/projects/my-vscode-project/outputs/case_study_2/runs/luca_unc_low_mag_047/20260624_182234/images/E3_imggen_deterministic_overlay.png,/home/nielsbroekhuizen/projects/my-vscode-project/outputs/case_study_2/runs/luca_unc_low_mag_047/20260624_182234/predictions/E3_imggen_deterministic.json,/home/nielsbroekhuizen/projects/my-vscode-project/outputs/case_study_2/runs/luca_unc_low_mag_047/20260624_182234/run_manifest.json
ImgGen overlay,luca_unc_low_mag_024,53,overcount,91,18,38,/home/nielsbroekhuizen/projects/my-vscode-project/outputs/case_study_2/runs/luca_unc_low_mag_024/20260627_144156/images/original.jpg,/home/nielsbroekhuizen/projects/my-vscode-project/outputs/case_study_2/runs/luca_unc_low_mag_024/20260627_144156/images/E5_imggen_overlay_vlm_mask.png,/home/nielsbroekhuizen/projects/my-vscode-project/outputs/case_study_2/runs/luca_unc_low_mag_024/20260627_144156/images/E5_imggen_overlay_vlm_overlay.png,/home/nielsbroekhuizen/projects/my-vscode-project/outputs/case_study_2/runs/luca_unc_low_mag_024/20260627_144156/predictions/E5_imggen_overlay_vlm.json,/home/nielsbroekhuizen/projects/my-vscode-project/outputs/case_study_2/runs/luca_unc_low_mag_024/20260627_144156/run_manifest.json
ImgGen overlay,luca_unc_low_mag_031,47,overcount,101,25,54,/home/nielsbroekhuizen/projects/my-vscode-project/outputs/case_study_2/runs/luca_unc_low_mag_031/20260624_164426/images/original.jpg,/home/nielsbroekhuizen/projects/my-vscode-project/outputs/case_study_2/runs/luca_unc_low_mag_031/20260624_164426/images/E5_imggen_overlay_vlm_mask.png,/home/nielsbroekhuizen/projects/my-vscode-project/outputs/case_study_2/runs/luca_unc_low_mag_031/20260624_164426/images/E5_imggen_overlay_vlm_overlay.png,/home/nielsbroekhuizen/projects/my-vscode-project/outputs/case_study_2/runs/luca_unc_low_mag_031/20260624_164426/predictions/E5_imggen_overlay_vlm.json,/home/nielsbroekhuizen/projects/my-vscode-project/outputs/case_study_2/runs/luca_unc_low_mag_031/20260624_164426/run_manifest.json
ImgGen overlay,luca_unc_low_mag_050,44,overcount,123,11,79,/home/nielsbroekhuizen/projects/my-vscode-project/outputs/case_study_2/runs/luca_unc_low_mag_050/20260624_184413/images/original.jpg,/home/nielsbroekhuizen/projects/my-vscode-project/outputs/case_study_2/runs/luca_unc_low_mag_050/20260624_184413/images/E5_imggen_overlay_vlm_mask.png,/home/nielsbroekhuizen/projects/my-vscode-project/outputs/case_study_2/runs/luca_unc_low_mag_050/20260624_184413/images/E5_imggen_overlay_vlm_overlay.png,/home/nielsbroekhuizen/projects/my-vscode-project/outputs/case_study_2/runs/luca_unc_low_mag_050/20260624_184413/predictions/E5_imggen_overlay_vlm.json,/home/nielsbroekhuizen/projects/my-vscode-project/outputs/case_study_2/runs/luca_unc_low_mag_050/20260624_184413/run_manifest.json
ImgGen overlay,luca_unc_high_mag_027,42,overcount,69,8,27,/home/nielsbroekhuizen/projects/my-vscode-project/outputs/case_study_2/runs/luca_unc_high_mag_027/20260627_130041/images/original.jpg,/home/nielsbroekhuizen/projects/my-vscode-project/outputs/case_study_2/runs/luca_unc_high_mag_027/20260627_130041/images/E5_imggen_overlay_vlm_mask.png,/home/nielsbroekhuizen/projects/my-vscode-project/outputs/case_study_2/runs/luca_unc_high_mag_027/20260627_130041/images/E5_imggen_overlay_vlm_overlay.png,/home/nielsbroekhuizen/projects/my-vscode-project/outputs/case_study_2/runs/luca_unc_high_mag_027/20260627_130041/predictions/E5_imggen_overlay_vlm.json,/home/nielsbroekhuizen/projects/my-vscode-project/outputs/case_study_2/runs/luca_unc_high_mag_027/20260627_130041/run_manifest.json
ImgGen mask,luca_unc_low_mag_034,40,undercount,9,49,103,/home/nielsbroekhuizen/projects/my-vscode-project/outputs/case_study_2/runs/luca_unc_low_mag_034/20260624_170455/images/original.jpg,/home/nielsbroekhuizen/projects/my-vscode-project/outputs/case_study_2/runs/luca_unc_low_mag_034/20260624_170455/images/E3_imggen_deterministic_mask.png,/home/nielsbroekhuizen/projects/my-vscode-project/outputs/case_study_2/runs/luca_unc_low_mag_034/20260624_170455/images/E3_imggen_deterministic_overlay.png,/home/nielsbroekhuizen/projects/my-vscode-project/outputs/case_study_2/runs/luca_unc_low_mag_034/20260624_170455/predictions/E3_imggen_deterministic.json,/home/nielsbroekhuizen/projects/my-vscode-project/outputs/case_study_2/runs/luca_unc_low_mag_034/20260624_170455/run_manifest.json
ImgGen overlay,luca_unc_low_mag_034,40,undercount,9,49,103,/home/nielsbroekhuizen/projects/my-vscode-project/outputs/case_study_2/runs/luca_unc_low_mag_034/20260624_170455/images/original.jpg,/home/nielsbroekhuizen/projects/my-vscode-project/outputs/case_study_2/runs/luca_unc_low_mag_034/20260624_170455/images/E5_imggen_overlay_vlm_mask.png,/home/nielsbroekhuizen/projects/my-vscode-project/outputs/case_study_2/runs/luca_unc_low_mag_034/20260624_170455/images/E5_imggen_overlay_vlm_overlay.png,/home/nielsbroekhuizen/projects/my-vscode-project/outputs/case_study_2/runs/luca_unc_low_mag_034/20260624_170455/predictions/E5_imggen_overlay_vlm.json,/home/nielsbroekhuizen/projects/my-vscode-project/outputs/case_study_2/runs/luca_unc_low_mag_034/20260624_170455/run_manifest.json
ImgGen mask,luca_unc_high_mag_019,39,undercount,8,47,126,/home/nielsbroekhuizen/projects/my-vscode-project/outputs/case_study_2/runs/luca_unc_high_mag_019/20260624_141508/images/original.jpg,/home/nielsbroekhuizen/projects/my-vscode-project/outputs/case_study_2/runs/luca_unc_high_mag_019/20260624_141508/images/E3_imggen_deterministic_mask.png,/home/nielsbroekhuizen/projects/my-vscode-project/outputs/case_study_2/runs/luca_unc_high_mag_019/20260624_141508/images/E3_imggen_deterministic_overlay.png,/home/nielsbroekhuizen/projects/my-vscode-project/outputs/case_study_2/runs/luca_unc_high_mag_019/20260624_141508/predictions/E3_imggen_deterministic.json,/home/nielsbroekhuizen/projects/my-vscode-project/outputs/case_study_2/runs/luca_unc_high_mag_019/20260624_141508/run_manifest.json
ImgGen overlay,luca_unc_high_mag_019,39,undercount,8,47,126,/home/nielsbroekhuizen/projects/my-vscode-project/outputs/case_study_2/runs/luca_unc_high_mag_019/20260627_122919/images/original.jpg,/home/nielsbroekhuizen/projects/my-vscode-project/outputs/case_study_2/runs/luca_unc_high_mag_019/20260627_122919/images/E5_imggen_overlay_vlm_mask.png,/home/nielsbroekhuizen/projects/my-vscode-project/outputs/case_study_2/runs/luca_unc_high_mag_019/20260627_122919/images/E5_imggen_overlay_vlm_overlay.png,/home/nielsbroekhuizen/projects/my-vscode-project/outputs/case_study_2/runs/luca_unc_high_mag_019/20260627_122919/predictions/E5_imggen_overlay_vlm.json,/home/nielsbroekhuizen/projects/my-vscode-project/outputs/case_study_2/runs/luca_unc_high_mag_019/20260627_122919/run_manifest.json
ImgGen overlay,luca_unc_low_mag_045,38,overcount,80,10,42,/home/nielsbroekhuizen/projects/my-vscode-project/outputs/case_study_2/runs/luca_unc_low_mag_045/20260624_181401/images/original.jpg,/home/nielsbroekhuizen/projects/my-vscode-project/outputs/case_study_2/runs/luca_unc_low_mag_045/20260624_181401/images/E5_imggen_overlay_vlm_mask.png,/home/nielsbroekhuizen/projects/my-vscode-project/outputs/case_study_2/runs/luca_unc_low_mag_045/20260624_181401/images/E5_imggen_overlay_vlm_overlay.png,/home/nielsbroekhuizen/projects/my-vscode-project/outputs/case_study_2/runs/luca_unc_low_mag_045/20260624_181401/predictions/E5_imggen_overlay_vlm.json,/home/nielsbroekhuizen/projects/my-vscode-project/outputs/case_study_2/runs/luca_unc_low_mag_045/20260624_181401/run_manifest.json
ImgGen mask,luca_unc_low_mag_045,38,overcount,80,10,42,/home/nielsbroekhuizen/projects/my-vscode-project/outputs/case_study_2/runs/luca_unc_low_mag_045/20260624_181401/images/original.jpg,/home/nielsbroekhuizen/projects/my-vscode-project/outputs/case_study_2/runs/luca_unc_low_mag_045/20260624_181401/images/E3_imggen_deterministic_mask.png,/home/nielsbroekhuizen/projects/my-vscode-project/outputs/case_study_2/runs/luca_unc_low_mag_045/20260624_181401/images/E3_imggen_deterministic_overlay.png,/home/nielsbroekhuizen/projects/my-vscode-project/outputs/case_study_2/runs/luca_unc_low_mag_045/20260624_181401/predictions/E3_imggen_deterministic.json,/home/nielsbroekhuizen/projects/my-vscode-project/outputs/case_study_2/runs/luca_unc_low_mag_045/20260624_181401/run_manifest.json
ImgGen overlay,luca_unc_low_mag_026,36,overcount,56,9,20,/home/nielsbroekhuizen/projects/my-vscode-project/outputs/case_study_2/runs/luca_unc_low_mag_026/20260624_161221/images/original.jpg,/home/nielsbroekhuizen/projects/my-vscode-project/outputs/case_study_2/runs/luca_unc_low_mag_026/20260624_161221/images/E5_imggen_overlay_vlm_mask.png,/home/nielsbroekhuizen/projects/my-vscode-project/outputs/case_study_2/runs/luca_unc_low_mag_026/20260624_161221/images/E5_imggen_overlay_vlm_overlay.png,/home/nielsbroekhuizen/projects/my-vscode-project/outputs/case_study_2/runs/luca_unc_low_mag_026/20260624_161221/predictions/E5_imggen_overlay_vlm.json,/home/nielsbroekhuizen/projects/my-vscode-project/outputs/case_study_2/runs/luca_unc_low_mag_026/20260624_161221/run_manifest.json
ImgGen mask,luca_unc_low_mag_031,34,overcount,88,25,54,/home/nielsbroekhuizen/projects/my-vscode-project/outputs/case_study_2/runs/luca_unc_low_mag_031/20260624_164426/images/original.jpg,/home/nielsbroekhuizen/projects/my-vscode-project/outputs/case_study_2/runs/luca_unc_low_mag_031/20260624_164426/images/E3_imggen_deterministic_mask.png,/home/nielsbroekhuizen/projects/my-vscode-project/outputs/case_study_2/runs/luca_unc_low_mag_031/20260624_164426/images/E3_imggen_deterministic_overlay.png,/home/nielsbroekhuizen/projects/my-vscode-project/outputs/case_study_2/runs/luca_unc_low_mag_031/20260624_164426/predictions/E3_imggen_deterministic.json,/home/nielsbroekhuizen/projects/my-vscode-project/outputs/case_study_2/runs/luca_unc_low_mag_031/20260624_164426/run_manifest.json
ImgGen overlay,luca_unc_low_mag_046,34,undercount,7,41,103,/home/nielsbroekhuizen/projects/my-vscode-project/outputs/case_study_2/runs/luca_unc_low_mag_046/20260624_181918/images/original.jpg,/home/nielsbroekhuizen/projects/my-vscode-project/outputs/case_study_2/runs/luca_unc_low_mag_046/20260624_181918/images/E5_imggen_overlay_vlm_mask.png,/home/nielsbroekhuizen/projects/my-vscode-project/outputs/case_study_2/runs/luca_unc_low_mag_046/20260624_181918/images/E5_imggen_overlay_vlm_overlay.png,/home/nielsbroekhuizen/projects/my-vscode-project/outputs/case_study_2/runs/luca_unc_low_mag_046/20260624_181918/predictions/E5_imggen_overlay_vlm.json,/home/nielsbroekhuizen/projects/my-vscode-project/outputs/case_study_2/runs/luca_unc_low_mag_046/20260624_181918/run_manifest.json
ImgGen mask,luca_unc_low_mag_046,34,undercount,7,41,103,/home/nielsbroekhuizen/projects/my-vscode-project/outputs/case_study_2/runs/luca_unc_low_mag_046/20260624_181918/images/original.jpg,/home/nielsbroekhuizen/projects/my-vscode-project/outputs/case_study_2/runs/luca_unc_low_mag_046/20260624_181918/images/E3_imggen_deterministic_mask.png,/home/nielsbroekhuizen/projects/my-vscode-project/outputs/case_study_2/runs/luca_unc_low_mag_046/20260624_181918/images/E3_imggen_deterministic_overlay.png,/home/nielsbroekhuizen/projects/my-vscode-project/outputs/case_study_2/runs/luca_unc_low_mag_046/20260624_181918/predictions/E3_imggen_deterministic.json,/home/nielsbroekhuizen/projects/my-vscode-project/outputs/case_study_2/runs/luca_unc_low_mag_046/20260624_181918/run_manifest.json
ImgGen overlay,luca_unc_low_mag_008,31,undercount,4,35,108,/home/nielsbroekhuizen/projects/my-vscode-project/outputs/case_study_2/runs/luca_unc_low_mag_008/20260624_153322/images/original.jpg,/home/nielsbroekhuizen/projects/my-vscode-project/outputs/case_study_2/runs/luca_unc_low_mag_008/20260624_153322/images/E5_imggen_overlay_vlm_mask.png,/home/nielsbroekhuizen/projects/my-vscode-project/outputs/case_study_2/runs/luca_unc_low_mag_008/20260624_153322/images/E5_imggen_overlay_vlm_overlay.png,/home/nielsbroekhuizen/projects/my-vscode-project/outputs/case_study_2/runs/luca_unc_low_mag_008/20260624_153322/predictions/E5_imggen_overlay_vlm.json,/home/nielsbroekhuizen/projects/my-vscode-project/outputs/case_study_2/runs/luca_unc_low_mag_008/20260624_153322/run_manifest.json
ImgGen mask,luca_unc_low_mag_010,30,undercount,1,31,62,/home/nielsbroekhuizen/projects/my-vscode-project/outputs/case_study_2/runs/luca_unc_low_mag_010/20260624_154001/images/original.jpg,/home/nielsbroekhuizen/projects/my-vscode-project/outputs/case_study_2/runs/luca_unc_low_mag_010/20260624_154001/images/E3_imggen_deterministic_mask.png,/home/nielsbroekhuizen/projects/my-vscode-project/outputs/case_study_2/runs/luca_unc_low_mag_010/20260624_154001/images/E3_imggen_deterministic_overlay.png,/home/nielsbroekhuizen/projects/my-vscode-project/outputs/case_study_2/runs/luca_unc_low_mag_010/20260624_154001/predictions/E3_imggen_deterministic.json,/home/nielsbroekhuizen/projects/my-vscode-project/outputs/case_study_2/runs/luca_unc_low_mag_010/20260624_154001/run_manifest.json
ImgGen overlay,luca_unc_high_mag_024,29,overcount,39,4,10,/home/nielsbroekhuizen/projects/my-vscode-project/outputs/case_study_2/runs/luca_unc_high_mag_024/20260627_124911/images/original.jpg,/home/nielsbroekhuizen/projects/my-vscode-project/outputs/case_study_2/runs/luca_unc_high_mag_024/20260627_124911/images/E5_imggen_overlay_vlm_mask.png,/home/nielsbroekhuizen/projects/my-vscode-project/outputs/case_study_2/runs/luca_unc_high_mag_024/20260627_124911/images/E5_imggen_overlay_vlm_overlay.png,/home/nielsbroekhuizen/projects/my-vscode-project/outputs/case_study_2/runs/luca_unc_high_mag_024/20260627_124911/predictions/E5_imggen_overlay_vlm.json,/home/nielsbroekhuizen/projects/my-vscode-project/outputs/case_study_2/runs/luca_unc_high_mag_024/20260627_124911/run_manifest.json
ImgGen mask,luca_unc_low_mag_026,29,overcount,49,9,20,/home/nielsbroekhuizen/projects/my-vscode-project/outputs/case_study_2/runs/luca_unc_low_mag_026/20260624_161221/images/original.jpg,/home/nielsbroekhuizen/projects/my-vscode-project/outputs/case_study_2/runs/luca_unc_low_mag_026/20260624_161221/images/E3_imggen_deterministic_mask.png,/home/nielsbroekhuizen/projects/my-vscode-project/outputs/case_study_2/runs/luca_unc_low_mag_026/20260624_161221/images/E3_imggen_deterministic_overlay.png,/home/nielsbroekhuizen/projects/my-vscode-project/outputs/case_study_2/runs/luca_unc_low_mag_026/20260624_161221/predictions/E3_imggen_deterministic.json,/home/nielsbroekhuizen/projects/my-vscode-project/outputs/case_study_2/runs/luca_unc_low_mag_026/20260624_161221/run_manifest.json
ImgGen overlay,luca_unc_low_mag_012,28,overcount,56,2,28,/home/nielsbroekhuizen/projects/my-vscode-project/outputs/case_study_2/runs/luca_unc_low_mag_012/20260627_133933/images/original.jpg,/home/nielsbroekhuizen/projects/my-vscode-project/outputs/case_study_2/runs/luca_unc_low_mag_012/20260627_133933/images/E5_imggen_overlay_vlm_mask.png,/home/nielsbroekhuizen/projects/my-vscode-project/outputs/case_study_2/runs/luca_unc_low_mag_012/20260627_133933/images/E5_imggen_overlay_vlm_overlay.png,/home/nielsbroekhuizen/projects/my-vscode-project/outputs/case_study_2/runs/luca_unc_low_mag_012/20260627_133933/predictions/E5_imggen_overlay_vlm.json,/home/nielsbroekhuizen/projects/my-vscode-project/outputs/case_study_2/runs/luca_unc_low_mag_012/20260627_133933/run_manifest.json
ImgGen mask,luca_unc_low_mag_008,24,undercount,11,35,108,/home/nielsbroekhuizen/projects/my-vscode-project/outputs/case_study_2/runs/luca_unc_low_mag_008/20260624_153322/images/original.jpg,/home/nielsbroekhuizen/projects/my-vscode-project/outputs/case_study_2/runs/luca_unc_low_mag_008/20260624_153322/images/E3_imggen_deterministic_mask.png,/home/nielsbroekhuizen/projects/my-vscode-project/outputs/case_study_2/runs/luca_unc_low_mag_008/20260624_153322/images/E3_imggen_deterministic_overlay.png,/home/nielsbroekhuizen/projects/my-vscode-project/outputs/case_study_2/runs/luca_unc_low_mag_008/20260624_153322/predictions/E3_imggen_deterministic.json,/home/nielsbroekhuizen/projects/my-vscode-project/outputs/case_study_2/runs/luca_unc_low_mag_008/20260624_153322/run_manifest.json
ImgGen mask,luca_unc_low_mag_050,24,overcount,103,11,79,/home/nielsbroekhuizen/projects/my-vscode-project/outputs/case_study_2/runs/luca_unc_low_mag_050/20260624_184413/images/original.jpg,/home/nielsbroekhuizen/projects/my-vscode-project/outputs/case_study_2/runs/luca_unc_low_mag_050/20260624_184413/images/E3_imggen_deterministic_mask.png,/home/nielsbroekhuizen/projects/my-vscode-project/outputs/case_study_2/runs/luca_unc_low_mag_050/20260624_184413/images/E3_imggen_deterministic_overlay.png,/home/nielsbroekhuizen/projects/my-vscode-project/outputs/case_study_2/runs/luca_unc_low_mag_050/20260624_184413/predictions/E3_imggen_deterministic.json,/home/nielsbroekhuizen/projects/my-vscode-project/outputs/case_study_2/runs/luca_unc_low_mag_050/20260624_184413/run_manifest.json
ImgGen overlay,luca_unc_low_mag_047,23,overcount,181,40,158,/home/nielsbroekhuizen/projects/my-vscode-project/outputs/case_study_2/runs/luca_unc_low_mag_047/20260624_182234/images/original.jpg,/home/nielsbroekhuizen/projects/my-vscode-project/outputs/case_study_2/runs/luca_unc_low_mag_047/20260624_182234/images/E5_imggen_overlay_vlm_mask.png,/home/nielsbroekhuizen/projects/my-vscode-project/outputs/case_study_2/runs/luca_unc_low_mag_047/20260624_182234/images/E5_imggen_overlay_vlm_overlay.png,/home/nielsbroekhuizen/projects/my-vscode-project/outputs/case_study_2/runs/luca_unc_low_mag_047/20260624_182234/predictions/E5_imggen_overlay_vlm.json,/home/nielsbroekhuizen/projects/my-vscode-project/outputs/case_study_2/runs/luca_unc_low_mag_047/20260624_182234/run_manifest.json
ImgGen mask,luca_unc_low_mag_004,23,overcount,35,4,12,/home/nielsbroekhuizen/projects/my-vscode-project/outputs/case_study_2/runs/luca_unc_low_mag_004/20260624_152118/images/original.jpg,/home/nielsbroekhuizen/projects/my-vscode-project/outputs/case_study_2/runs/luca_unc_low_mag_004/20260624_152118/images/E3_imggen_deterministic_mask.png,/home/nielsbroekhuizen/projects/my-vscode-project/outputs/case_study_2/runs/luca_unc_low_mag_004/20260624_152118/images/E3_imggen_deterministic_overlay.png,/home/nielsbroekhuizen/projects/my-vscode-project/outputs/case_study_2/runs/luca_unc_low_mag_004/20260624_152118/predictions/E3_imggen_deterministic.json,/home/nielsbroekhuizen/projects/my-vscode-project/outputs/case_study_2/runs/luca_unc_low_mag_004/20260624_152118/run_manifest.json
ImgGen overlay,luca_unc_high_mag_002,23,overcount,37,4,14,/home/nielsbroekhuizen/projects/my-vscode-project/outputs/case_study_2/runs/luca_unc_high_mag_002/20260624_131856/images/original.jpg,/home/nielsbroekhuizen/projects/my-vscode-project/outputs/case_study_2/runs/luca_unc_high_mag_002/20260624_131856/images/E5_imggen_overlay_vlm_mask.png,/home/nielsbroekhuizen/projects/my-vscode-project/outputs/case_study_2/runs/luca_unc_high_mag_002/20260624_131856/images/E5_imggen_overlay_vlm_overlay.png,/home/nielsbroekhuizen/projects/my-vscode-project/outputs/case_study_2/runs/luca_unc_high_mag_002/20260624_131856/predictions/E5_imggen_overlay_vlm.json,/home/nielsbroekhuizen/projects/my-vscode-project/outputs/case_study_2/runs/luca_unc_high_mag_002/20260624_131856/run_manifest.json
ImgGen mask,luca_unc_high_mag_027,22,overcount,49,8,27,/home/nielsbroekhuizen/projects/my-vscode-project/outputs/case_study_2/runs/luca_unc_high_mag_027/20260624_143811/images/original.jpg,/home/nielsbroekhuizen/projects/my-vscode-project/outputs/case_study_2/runs/luca_unc_high_mag_027/20260624_143811/images/E3_imggen_deterministic_mask.png,/home/nielsbroekhuizen/projects/my-vscode-project/outputs/case_study_2/runs/luca_unc_high_mag_027/20260624_143811/images/E3_imggen_deterministic_overlay.png,/home/nielsbroekhuizen/projects/my-vscode-project/outputs/case_study_2/runs/luca_unc_high_mag_027/20260624_143811/predictions/E3_imggen_deterministic.json,/home/nielsbroekhuizen/projects/my-vscode-project/outputs/case_study_2/runs/luca_unc_high_mag_027/20260624_143811/run_manifest.json
ImgGen mask,luca_unc_high_mag_024,20,overcount,30,4,10,/home/nielsbroekhuizen/projects/my-vscode-project/outputs/case_study_2/runs/luca_unc_high_mag_024/20260624_143519/images/original.jpg,/home/nielsbroekhuizen/projects/my-vscode-project/outputs/case_study_2/runs/luca_unc_high_mag_024/20260624_143519/images/E3_imggen_deterministic_mask.png,/home/nielsbroekhuizen/projects/my-vscode-project/outputs/case_study_2/runs/luca_unc_high_mag_024/20260624_143519/images/E3_imggen_deterministic_overlay.png,/home/nielsbroekhuizen/projects/my-vscode-project/outputs/case_study_2/runs/luca_unc_high_mag_024/20260624_143519/predictions/E3_imggen_deterministic.json,/home/nielsbroekhuizen/projects/my-vscode-project/outputs/case_study_2/runs/luca_unc_high_mag_024/20260624_143519/run_manifest.json
ImgGen overlay,luca_unc_high_mag_030,19,undercount,5,24,59,/home/nielsbroekhuizen/projects/my-vscode-project/outputs/case_study_2/runs/luca_unc_high_mag_030/20260627_131018/images/original.jpg,/home/nielsbroekhuizen/projects/my-vscode-project/outputs/case_study_2/runs/luca_unc_high_mag_030/20260627_131018/images/E5_imggen_overlay_vlm_mask.png,/home/nielsbroekhuizen/projects/my-vscode-project/outputs/case_study_2/runs/luca_unc_high_mag_030/20260627_131018/images/E5_imggen_overlay_vlm_overlay.png,/home/nielsbroekhuizen/projects/my-vscode-project/outputs/case_study_2/runs/luca_unc_high_mag_030/20260627_131018/predictions/E5_imggen_overlay_vlm.json,/home/nielsbroekhuizen/projects/my-vscode-project/outputs/case_study_2/runs/luca_unc_high_mag_030/20260627_131018/run_manifest.json
ImgGen mask,luca_unc_high_mag_030,18,undercount,6,24,59,/home/nielsbroekhuizen/projects/my-vscode-project/outputs/case_study_2/runs/luca_unc_high_mag_030/20260624_144111/images/original.jpg,/home/nielsbroekhuizen/projects/my-vscode-project/outputs/case_study_2/runs/luca_unc_high_mag_030/20260624_144111/images/E3_imggen_deterministic_mask.png,/home/nielsbroekhuizen/projects/my-vscode-project/outputs/case_study_2/runs/luca_unc_high_mag_030/20260624_144111/images/E3_imggen_deterministic_overlay.png,/home/nielsbroekhuizen/projects/my-vscode-project/outputs/case_study_2/runs/luca_unc_high_mag_030/20260624_144111/predictions/E3_imggen_deterministic.json,/home/nielsbroekhuizen/projects/my-vscode-project/outputs/case_study_2/runs/luca_unc_high_mag_030/20260624_144111/run_manifest.json
ImgGen overlay,luca_unc_low_mag_040,18,undercount,9,27,90,/home/nielsbroekhuizen/projects/my-vscode-project/outputs/case_study_2/runs/luca_unc_low_mag_040/20260624_174557/images/original.jpg,/home/nielsbroekhuizen/projects/my-vscode-project/outputs/case_study_2/runs/luca_unc_low_mag_040/20260624_174557/images/E5_imggen_overlay_vlm_mask.png,/home/nielsbroekhuizen/projects/my-vscode-project/outputs/case_study_2/runs/luca_unc_low_mag_040/20260624_174557/images/E5_imggen_overlay_vlm_overlay.png,/home/nielsbroekhuizen/projects/my-vscode-project/outputs/case_study_2/runs/luca_unc_low_mag_040/20260624_174557/predictions/E5_imggen_overlay_vlm.json,/home/nielsbroekhuizen/projects/my-vscode-project/outputs/case_study_2/runs/luca_unc_low_mag_040/20260624_174557/run_manifest.json
ImgGen mask,luca_unc_low_mag_040,18,undercount,9,27,90,/home/nielsbroekhuizen/projects/my-vscode-project/outputs/case_study_2/runs/luca_unc_low_mag_040/20260624_174557/images/original.jpg,/home/nielsbroekhuizen/projects/my-vscode-project/outputs/case_study_2/runs/luca_unc_low_mag_040/20260624_174557/images/E3_imggen_deterministic_mask.png,/home/nielsbroekhuizen/projects/my-vscode-project/outputs/case_study_2/runs/luca_unc_low_mag_040/20260624_174557/images/E3_imggen_deterministic_overlay.png,/home/nielsbroekhuizen/projects/my-vscode-project/outputs/case_study_2/runs/luca_unc_low_mag_040/20260624_174557/predictions/E3_imggen_deterministic.json,/home/nielsbroekhuizen/projects/my-vscode-project/outputs/case_study_2/runs/luca_unc_low_mag_040/20260624_174557/run_manifest.json
ImgGen mask,luca_unc_low_mag_032,17,undercount,32,49,109,/home/nielsbroekhuizen/projects/my-vscode-project/outputs/case_study_2/runs/luca_unc_low_mag_032/20260624_165315/images/original.jpg,/home/nielsbroekhuizen/projects/my-vscode-project/outputs/case_study_2/runs/luca_unc_low_mag_032/20260624_165315/images/E3_imggen_deterministic_mask.png,/home/nielsbroekhuizen/projects/my-vscode-project/outputs/case_study_2/runs/luca_unc_low_mag_032/20260624_165315/images/E3_imggen_deterministic_overlay.png,/home/nielsbroekhuizen/projects/my-vscode-project/outputs/case_study_2/runs/luca_unc_low_mag_032/20260624_165315/predictions/E3_imggen_deterministic.json,/home/nielsbroekhuizen/projects/my-vscode-project/outputs/case_study_2/runs/luca_unc_low_mag_032/20260624_165315/run_manifest.json
ImgGen mask,luca_unc_low_mag_027,17,undercount,31,48,136,/home/nielsbroekhuizen/projects/my-vscode-project/outputs/case_study_2/runs/luca_unc_low_mag_027/20260624_162007/images/original.jpg,/home/nielsbroekhuizen/projects/my-vscode-project/outputs/case_study_2/runs/luca_unc_low_mag_027/20260624_162007/images/E3_imggen_deterministic_mask.png,/home/nielsbroekhuizen/projects/my-vscode-project/outputs/case_study_2/runs/luca_unc_low_mag_027/20260624_162007/images/E3_imggen_deterministic_overlay.png,/home/nielsbroekhuizen/projects/my-vscode-project/outputs/case_study_2/runs/luca_unc_low_mag_027/20260624_162007/predictions/E3_imggen_deterministic.json,/home/nielsbroekhuizen/projects/my-vscode-project/outputs/case_study_2/runs/luca_unc_low_mag_027/20260624_162007/run_manifest.json
ImgGen mask,luca_unc_low_mag_007,17,undercount,3,20,89,/home/nielsbroekhuizen/projects/my-vscode-project/outputs/case_study_2/runs/luca_unc_low_mag_007/20260624_153052/images/original.jpg,/home/nielsbroekhuizen/projects/my-vscode-project/outputs/case_study_2/runs/luca_unc_low_mag_007/20260624_153052/images/E3_imggen_deterministic_mask.png,/home/nielsbroekhuizen/projects/my-vscode-project/outputs/case_study_2/runs/luca_unc_low_mag_007/20260624_153052/images/E3_imggen_deterministic_overlay.png,/home/nielsbroekhuizen/projects/my-vscode-project/outputs/case_study_2/runs/luca_unc_low_mag_007/20260624_153052/predictions/E3_imggen_deterministic.json,/home/nielsbroekhuizen/projects/my-vscode-project/outputs/case_study_2/runs/luca_unc_low_mag_007/20260624_153052/run_manifest.json
ImgGen overlay,luca_unc_low_mag_007,17,undercount,3,20,89,/home/nielsbroekhuizen/projects/my-vscode-project/outputs/case_study_2/runs/luca_unc_low_mag_007/20260624_153052/images/original.jpg,/home/nielsbroekhuizen/projects/my-vscode-project/outputs/case_study_2/runs/luca_unc_low_mag_007/20260624_153052/images/E5_imggen_overlay_vlm_mask.png,/home/nielsbroekhuizen/projects/my-vscode-project/outputs/case_study_2/runs/luca_unc_low_mag_007/20260624_153052/images/E5_imggen_overlay_vlm_overlay.png,/home/nielsbroekhuizen/projects/my-vscode-project/outputs/case_study_2/runs/luca_unc_low_mag_007/20260624_153052/predictions/E5_imggen_overlay_vlm.json,/home/nielsbroekhuizen/projects/my-vscode-project/outputs/case_study_2/runs/luca_unc_low_mag_007/20260624_153052/run_manifest.json
ImgGen overlay,luca_unc_high_mag_033,17,overcount,35,6,18,/home/nielsbroekhuizen/projects/my-vscode-project/outputs/case_study_2/runs/luca_unc_high_mag_033/20260627_131804/images/original.jpg,/home/nielsbroekhuizen/projects/my-vscode-project/outputs/case_study_2/runs/luca_unc_high_mag_033/20260627_131804/images/E5_imggen_overlay_vlm_mask.png,/home/nielsbroekhuizen/projects/my-vscode-project/outputs/case_study_2/runs/luca_unc_high_mag_033/20260627_131804/images/E5_imggen_overlay_vlm_overlay.png,/home/nielsbroekhuizen/projects/my-vscode-project/outputs/case_study_2/runs/luca_unc_high_mag_033/20260627_131804/predictions/E5_imggen_overlay_vlm.json,/home/nielsbroekhuizen/projects/my-vscode-project/outputs/case_study_2/runs/luca_unc_high_mag_033/20260627_131804/run_manifest.json
ImgGen overlay,luca_unc_low_mag_032,15,undercount,34,49,109,/home/nielsbroekhuizen/projects/my-vscode-project/outputs/case_study_2/runs/luca_unc_low_mag_032/20260624_165315/images/original.jpg,/home/nielsbroekhuizen/projects/my-vscode-project/outputs/case_study_2/runs/luca_unc_low_mag_032/20260624_165315/images/E5_imggen_overlay_vlm_mask.png,/home/nielsbroekhuizen/projects/my-vscode-project/outputs/case_study_2/runs/luca_unc_low_mag_032/20260624_165315/images/E5_imggen_overlay_vlm_overlay.png,/home/nielsbroekhuizen/projects/my-vscode-project/outputs/case_study_2/runs/luca_unc_low_mag_032/20260624_165315/predictions/E5_imggen_overlay_vlm.json,/home/nielsbroekhuizen/projects/my-vscode-project/outputs/case_study_2/runs/luca_unc_low_mag_032/20260624_165315/run_manifest.json
ImgGen overlay,luca_unc_low_mag_027,14,undercount,34,48,136,/home/nielsbroekhuizen/projects/my-vscode-project/outputs/case_study_2/runs/luca_unc_low_mag_027/20260624_162007/images/original.jpg,/home/nielsbroekhuizen/projects/my-vscode-project/outputs/case_study_2/runs/luca_unc_low_mag_027/20260624_162007/images/E5_imggen_overlay_vlm_mask.png,/home/nielsbroekhuizen/projects/my-vscode-project/outputs/case_study_2/runs/luca_unc_low_mag_027/20260624_162007/images/E5_imggen_overlay_vlm_overlay.png,/home/nielsbroekhuizen/projects/my-vscode-project/outputs/case_study_2/runs/luca_unc_low_mag_027/20260624_162007/predictions/E5_imggen_overlay_vlm.json,/home/nielsbroekhuizen/projects/my-vscode-project/outputs/case_study_2/runs/luca_unc_low_mag_027/20260624_162007/run_manifest.json
ImgGen overlay,luca_unc_low_mag_017,13,overcount,18,1,5,/home/nielsbroekhuizen/projects/my-vscode-project/outputs/case_study_2/runs/luca_unc_low_mag_017/20260627_140516/images/original.jpg,/home/nielsbroekhuizen/projects/my-vscode-project/outputs/case_study_2/runs/luca_unc_low_mag_017/20260627_140516/images/E5_imggen_overlay_vlm_mask.png,/home/nielsbroekhuizen/projects/my-vscode-project/outputs/case_study_2/runs/luca_unc_low_mag_017/20260627_140516/images/E5_imggen_overlay_vlm_overlay.png,/home/nielsbroekhuizen/projects/my-vscode-project/outputs/case_study_2/runs/luca_unc_low_mag_017/20260627_140516/predictions/E5_imggen_overlay_vlm.json,/home/nielsbroekhuizen/projects/my-vscode-project/outputs/case_study_2/runs/luca_unc_low_mag_017/20260627_140516/run_manifest.json
ImgGen mask,luca_unc_high_mag_031,12,overcount,22,2,10,/home/nielsbroekhuizen/projects/my-vscode-project/outputs/case_study_2/runs/luca_unc_high_mag_031/20260624_144218/images/original.jpg,/home/nielsbroekhuizen/projects/my-vscode-project/outputs/case_study_2/runs/luca_unc_high_mag_031/20260624_144218/images/E3_imggen_deterministic_mask.png,/home/nielsbroekhuizen/projects/my-vscode-project/outputs/case_study_2/runs/luca_unc_high_mag_031/20260624_144218/images/E3_imggen_deterministic_overlay.png,/home/nielsbroekhuizen/projects/my-vscode-project/outputs/case_study_2/runs/luca_unc_high_mag_031/20260624_144218/predictions/E3_imggen_deterministic.json,/home/nielsbroekhuizen/projects/my-vscode-project/outputs/case_study_2/runs/luca_unc_high_mag_031/20260624_144218/run_manifest.json
ImgGen mask,luca_unc_high_mag_039,10,undercount,8,18,46,/home/nielsbroekhuizen/projects/my-vscode-project/outputs/case_study_2/runs/luca_unc_high_mag_039/20260624_145901/images/original.jpg,/home/nielsbroekhuizen/projects/my-vscode-project/outputs/case_study_2/runs/luca_unc_high_mag_039/20260624_145901/images/E3_imggen_deterministic_mask.png,/home/nielsbroekhuizen/projects/my-vscode-project/outputs/case_study_2/runs/luca_unc_high_mag_039/20260624_145901/images/E3_imggen_deterministic_overlay.png,/home/nielsbroekhuizen/projects/my-vscode-project/outputs/case_study_2/runs/luca_unc_high_mag_039/20260624_145901/predictions/E3_imggen_deterministic.json,/home/nielsbroekhuizen/projects/my-vscode-project/outputs/case_study_2/runs/luca_unc_high_mag_039/20260624_145901/run_manifest.json
ImgGen overlay,luca_unc_high_mag_039,10,undercount,8,18,46,/home/nielsbroekhuizen/projects/my-vscode-project/outputs/case_study_2/runs/luca_unc_high_mag_039/20260624_145901/images/original.jpg,/home/nielsbroekhuizen/projects/my-vscode-project/outputs/case_study_2/runs/luca_unc_high_mag_039/20260624_145901/images/E5_imggen_overlay_vlm_mask.png,/home/nielsbroekhuizen/projects/my-vscode-project/outputs/case_study_2/runs/luca_unc_high_mag_039/20260624_145901/images/E5_imggen_overlay_vlm_overlay.png,/home/nielsbroekhuizen/projects/my-vscode-project/outputs/case_study_2/runs/luca_unc_high_mag_039/20260624_145901/predictions/E5_imggen_overlay_vlm.json,/home/nielsbroekhuizen/projects/my-vscode-project/outputs/case_study_2/runs/luca_unc_high_mag_039/20260624_145901/run_manifest.json
ImgGen mask,luca_unc_low_mag_017,10,overcount,15,1,5,/home/nielsbroekhuizen/projects/my-vscode-project/outputs/case_study_2/runs/luca_unc_low_mag_017/20260624_160139/images/original.jpg,/home/nielsbroekhuizen/projects/my-vscode-project/outputs/case_study_2/runs/luca_unc_low_mag_017/20260624_160139/images/E3_imggen_deterministic_mask.png,/home/nielsbroekhuizen/projects/my-vscode-project/outputs/case_study_2/runs/luca_unc_low_mag_017/20260624_160139/images/E3_imggen_deterministic_overlay.png,/home/nielsbroekhuizen/projects/my-vscode-project/outputs/case_study_2/runs/luca_unc_low_mag_017/20260624_160139/predictions/E3_imggen_deterministic.json,/home/nielsbroekhuizen/projects/my-vscode-project/outputs/case_study_2/runs/luca_unc_low_mag_017/20260624_160139/run_manifest.json
ImgGen mask,luca_unc_low_mag_029,10,undercount,22,32,102,/home/nielsbroekhuizen/projects/my-vscode-project/outputs/case_study_2/runs/luca_unc_low_mag_029/20260624_163224/images/original.jpg,/home/nielsbroekhuizen/projects/my-vscode-project/outputs/case_study_2/runs/luca_unc_low_mag_029/20260624_163224/images/E3_imggen_deterministic_mask.png,/home/nielsbroekhuizen/projects/my-vscode-project/outputs/case_study_2/runs/luca_unc_low_mag_029/20260624_163224/images/E3_imggen_deterministic_overlay.png,/home/nielsbroekhuizen/projects/my-vscode-project/outputs/case_study_2/runs/luca_unc_low_mag_029/20260624_163224/predictions/E3_imggen_deterministic.json,/home/nielsbroekhuizen/projects/my-vscode-project/outputs/case_study_2/runs/luca_unc_low_mag_029/20260624_163224/run_manifest.json
ImgGen overlay,luca_unc_low_mag_029,9,undercount,23,32,102,/home/nielsbroekhuizen/projects/my-vscode-project/outputs/case_study_2/runs/luca_unc_low_mag_029/20260624_163224/images/original.jpg,/home/nielsbroekhuizen/projects/my-vscode-project/outputs/case_study_2/runs/luca_unc_low_mag_029/20260624_163224/images/E5_imggen_overlay_vlm_mask.png,/home/nielsbroekhuizen/projects/my-vscode-project/outputs/case_study_2/runs/luca_unc_low_mag_029/20260624_163224/images/E5_imggen_overlay_vlm_overlay.png,/home/nielsbroekhuizen/projects/my-vscode-project/outputs/case_study_2/runs/luca_unc_low_mag_029/20260624_163224/predictions/E5_imggen_overlay_vlm.json,/home/nielsbroekhuizen/projects/my-vscode-project/outputs/case_study_2/runs/luca_unc_low_mag_029/20260624_163224/run_manifest.json
ImgGen overlay,luca_unc_low_mag_018,9,overcount,11,1,2,/home/nielsbroekhuizen/projects/my-vscode-project/outputs/case_study_2/runs/luca_unc_low_mag_018/20260627_140912/images/original.jpg,/home/nielsbroekhuizen/projects/my-vscode-project/outputs/case_study_2/runs/luca_unc_low_mag_018/20260627_140912/images/E5_imggen_overlay_vlm_mask.png,/home/nielsbroekhuizen/projects/my-vscode-project/outputs/case_study_2/runs/luca_unc_low_mag_018/20260627_140912/images/E5_imggen_overlay_vlm_overlay.png,/home/nielsbroekhuizen/projects/my-vscode-project/outputs/case_study_2/runs/luca_unc_low_mag_018/20260627_140912/predictions/E5_imggen_overlay_vlm.json,/home/nielsbroekhuizen/projects/my-vscode-project/outputs/case_study_2/runs/luca_unc_low_mag_018/20260627_140912/run_manifest.json
ImgGen mask,luca_unc_low_mag_015,8,overcount,16,3,8,/home/nielsbroekhuizen/projects/my-vscode-project/outputs/case_study_2/runs/luca_unc_low_mag_015/20260624_155950/images/original.jpg,/home/nielsbroekhuizen/projects/my-vscode-project/outputs/case_study_2/runs/luca_unc_low_mag_015/20260624_155950/images/E3_imggen_deterministic_mask.png,/home/nielsbroekhuizen/projects/my-vscode-project/outputs/case_study_2/runs/luca_unc_low_mag_015/20260624_155950/images/E3_imggen_deterministic_overlay.png,/home/nielsbroekhuizen/projects/my-vscode-project/outputs/case_study_2/runs/luca_unc_low_mag_015/20260624_155950/predictions/E3_imggen_deterministic.json,/home/nielsbroekhuizen/projects/my-vscode-project/outputs/case_study_2/runs/luca_unc_low_mag_015/20260624_155950/run_manifest.json
ImgGen mask,luca_unc_high_mag_021,8,overcount,24,6,16,/home/nielsbroekhuizen/projects/my-vscode-project/outputs/case_study_2/runs/luca_unc_high_mag_021/20260624_143220/images/original.jpg,/home/nielsbroekhuizen/projects/my-vscode-project/outputs/case_study_2/runs/luca_unc_high_mag_021/20260624_143220/images/E3_imggen_deterministic_mask.png,/home/nielsbroekhuizen/projects/my-vscode-project/outputs/case_study_2/runs/luca_unc_high_mag_021/20260624_143220/images/E3_imggen_deterministic_overlay.png,/home/nielsbroekhuizen/projects/my-vscode-project/outputs/case_study_2/runs/luca_unc_high_mag_021/20260624_143220/predictions/E3_imggen_deterministic.json,/home/nielsbroekhuizen/projects/my-vscode-project/outputs/case_study_2/runs/luca_unc_high_mag_021/20260624_143220/run_manifest.json
ImgGen mask,luca_unc_low_mag_033,8,undercount,37,45,101,/home/nielsbroekhuizen/projects/my-vscode-project/outputs/case_study_2/runs/luca_unc_low_mag_033/20260624_165751/images/original.jpg,/home/nielsbroekhuizen/projects/my-vscode-project/outputs/case_study_2/runs/luca_unc_low_mag_033/20260624_165751/images/E3_imggen_deterministic_mask.png,/home/nielsbroekhuizen/projects/my-vscode-project/outputs/case_study_2/runs/luca_unc_low_mag_033/20260624_165751/images/E3_imggen_deterministic_overlay.png,/home/nielsbroekhuizen/projects/my-vscode-project/outputs/case_study_2/runs/luca_unc_low_mag_033/20260624_165751/predictions/E3_imggen_deterministic.json,/home/nielsbroekhuizen/projects/my-vscode-project/outputs/case_study_2/runs/luca_unc_low_mag_033/20260624_165751/run_manifest.json
ImgGen overlay,luca_unc_low_mag_033,7,undercount,38,45,101,/home/nielsbroekhuizen/projects/my-vscode-project/outputs/case_study_2/runs/luca_unc_low_mag_033/20260624_165751/images/original.jpg,/home/nielsbroekhuizen/projects/my-vscode-project/outputs/case_study_2/runs/luca_unc_low_mag_033/20260624_165751/images/E5_imggen_overlay_vlm_mask.png,/home/nielsbroekhuizen/projects/my-vscode-project/outputs/case_study_2/runs/luca_unc_low_mag_033/20260624_165751/images/E5_imggen_overlay_vlm_overlay.png,/home/nielsbroekhuizen/projects/my-vscode-project/outputs/case_study_2/runs/luca_unc_low_mag_033/20260624_165751/predictions/E5_imggen_overlay_vlm.json,/home/nielsbroekhuizen/projects/my-vscode-project/outputs/case_study_2/runs/luca_unc_low_mag_033/20260624_165751/run_manifest.json
ImgGen overlay,luca_unc_low_mag_003,7,undercount,3,10,22,/home/nielsbroekhuizen/projects/my-vscode-project/outputs/case_study_2/runs/luca_unc_low_mag_003/20260624_151614/images/original.jpg,/home/nielsbroekhuizen/projects/my-vscode-project/outputs/case_study_2/runs/luca_unc_low_mag_003/20260624_151614/images/E5_imggen_overlay_vlm_mask.png,/home/nielsbroekhuizen/projects/my-vscode-project/outputs/case_study_2/runs/luca_unc_low_mag_003/20260624_151614/images/E5_imggen_overlay_vlm_overlay.png,/home/nielsbroekhuizen/projects/my-vscode-project/outputs/case_study_2/runs/luca_unc_low_mag_003/20260624_151614/predictions/E5_imggen_overlay_vlm.json,/home/nielsbroekhuizen/projects/my-vscode-project/outputs/case_study_2/runs/luca_unc_low_mag_003/20260624_151614/run_manifest.json
ImgGen overlay,luca_unc_low_mag_015,7,overcount,15,3,8,/home/nielsbroekhuizen/projects/my-vscode-project/outputs/case_study_2/runs/luca_unc_low_mag_015/20260627_135234/images/original.jpg,/home/nielsbroekhuizen/projects/my-vscode-project/outputs/case_study_2/runs/luca_unc_low_mag_015/20260627_135234/images/E5_imggen_overlay_vlm_mask.png,/home/nielsbroekhuizen/projects/my-vscode-project/outputs/case_study_2/runs/luca_unc_low_mag_015/20260627_135234/images/E5_imggen_overlay_vlm_overlay.png,/home/nielsbroekhuizen/projects/my-vscode-project/outputs/case_study_2/runs/luca_unc_low_mag_015/20260627_135234/predictions/E5_imggen_overlay_vlm.json,/home/nielsbroekhuizen/projects/my-vscode-project/outputs/case_study_2/runs/luca_unc_low_mag_015/20260627_135234/run_manifest.json
ImgGen mask,luca_unc_low_mag_014,6,overcount,18,3,12,/home/nielsbroekhuizen/projects/my-vscode-project/outputs/case_study_2/runs/luca_unc_low_mag_014/20260624_155849/images/original.jpg,/home/nielsbroekhuizen/projects/my-vscode-project/outputs/case_study_2/runs/luca_unc_low_mag_014/20260624_155849/images/E3_imggen_deterministic_mask.png,/home/nielsbroekhuizen/projects/my-vscode-project/outputs/case_study_2/runs/luca_unc_low_mag_014/20260624_155849/images/E3_imggen_deterministic_overlay.png,/home/nielsbroekhuizen/projects/my-vscode-project/outputs/case_study_2/runs/luca_unc_low_mag_014/20260624_155849/predictions/E3_imggen_deterministic.json,/home/nielsbroekhuizen/projects/my-vscode-project/outputs/case_study_2/runs/luca_unc_low_mag_014/20260624_155849/run_manifest.json
ImgGen overlay,luca_unc_high_mag_037,6,undercount,6,12,41,/home/nielsbroekhuizen/projects/my-vscode-project/outputs/case_study_2/runs/luca_unc_high_mag_037/20260624_145351/images/original.jpg,/home/nielsbroekhuizen/projects/my-vscode-project/outputs/case_study_2/runs/luca_unc_high_mag_037/20260624_145351/images/E5_imggen_overlay_vlm_mask.png,/home/nielsbroekhuizen/projects/my-vscode-project/outputs/case_study_2/runs/luca_unc_high_mag_037/20260624_145351/images/E5_imggen_overlay_vlm_overlay.png,/home/nielsbroekhuizen/projects/my-vscode-project/outputs/case_study_2/runs/luca_unc_high_mag_037/20260624_145351/predictions/E5_imggen_overlay_vlm.json,/home/nielsbroekhuizen/projects/my-vscode-project/outputs/case_study_2/runs/luca_unc_high_mag_037/20260624_145351/run_manifest.json
ImgGen mask,luca_unc_high_mag_010,6,undercount,9,15,47,/home/nielsbroekhuizen/projects/my-vscode-project/outputs/case_study_2/runs/luca_unc_high_mag_010/20260624_134211/images/original.jpg,/home/nielsbroekhuizen/projects/my-vscode-project/outputs/case_study_2/runs/luca_unc_high_mag_010/20260624_134211/images/E3_imggen_deterministic_mask.png,/home/nielsbroekhuizen/projects/my-vscode-project/outputs/case_study_2/runs/luca_unc_high_mag_010/20260624_134211/images/E3_imggen_deterministic_overlay.png,/home/nielsbroekhuizen/projects/my-vscode-project/outputs/case_study_2/runs/luca_unc_high_mag_010/20260624_134211/predictions/E3_imggen_deterministic.json,/home/nielsbroekhuizen/projects/my-vscode-project/outputs/case_study_2/runs/luca_unc_high_mag_010/20260624_134211/run_manifest.json
ImgGen overlay,luca_unc_high_mag_010,6,undercount,9,15,47,/home/nielsbroekhuizen/projects/my-vscode-project/outputs/case_study_2/runs/luca_unc_high_mag_010/20260624_134211/images/original.jpg,/home/nielsbroekhuizen/projects/my-vscode-project/outputs/case_study_2/runs/luca_unc_high_mag_010/20260624_134211/images/E5_imggen_overlay_vlm_mask.png,/home/nielsbroekhuizen/projects/my-vscode-project/outputs/case_study_2/runs/luca_unc_high_mag_010/20260624_134211/images/E5_imggen_overlay_vlm_overlay.png,/home/nielsbroekhuizen/projects/my-vscode-project/outputs/case_study_2/runs/luca_unc_high_mag_010/20260624_134211/predictions/E5_imggen_overlay_vlm.json,/home/nielsbroekhuizen/projects/my-vscode-project/outputs/case_study_2/runs/luca_unc_high_mag_010/20260624_134211/run_manifest.json
ImgGen mask,luca_unc_high_mag_022,6,undercount,2,8,19,/home/nielsbroekhuizen/projects/my-vscode-project/outputs/case_study_2/runs/luca_unc_high_mag_022/20260624_143321/images/original.jpg,/home/nielsbroekhuizen/projects/my-vscode-project/outputs/case_study_2/runs/luca_unc_high_mag_022/20260624_143321/images/E3_imggen_deterministic_mask.png,/home/nielsbroekhuizen/projects/my-vscode-project/outputs/case_study_2/runs/luca_unc_high_mag_022/20260624_143321/images/E3_imggen_deterministic_overlay.png,/home/nielsbroekhuizen/projects/my-vscode-project/outputs/case_study_2/runs/luca_unc_high_mag_022/20260624_143321/predictions/E3_imggen_deterministic.json,/home/nielsbroekhuizen/projects/my-vscode-project/outputs/case_study_2/runs/luca_unc_high_mag_022/20260624_143321/run_manifest.json
ImgGen mask,luca_unc_high_mag_037,6,undercount,6,12,41,/home/nielsbroekhuizen/projects/my-vscode-project/outputs/case_study_2/runs/luca_unc_high_mag_037/20260624_145351/images/original.jpg,/home/nielsbroekhuizen/projects/my-vscode-project/outputs/case_study_2/runs/luca_unc_high_mag_037/20260624_145351/images/E3_imggen_deterministic_mask.png,/home/nielsbroekhuizen/projects/my-vscode-project/outputs/case_study_2/runs/luca_unc_high_mag_037/20260624_145351/images/E3_imggen_deterministic_overlay.png,/home/nielsbroekhuizen/projects/my-vscode-project/outputs/case_study_2/runs/luca_unc_high_mag_037/20260624_145351/predictions/E3_imggen_deterministic.json,/home/nielsbroekhuizen/projects/my-vscode-project/outputs/case_study_2/runs/luca_unc_high_mag_037/20260624_145351/run_manifest.json
ImgGen mask,luca_unc_low_mag_003,6,undercount,4,10,22,/home/nielsbroekhuizen/projects/my-vscode-project/outputs/case_study_2/runs/luca_unc_low_mag_003/20260624_151614/images/original.jpg,/home/nielsbroekhuizen/projects/my-vscode-project/outputs/case_study_2/runs/luca_unc_low_mag_003/20260624_151614/images/E3_imggen_deterministic_mask.png,/home/nielsbroekhuizen/projects/my-vscode-project/outputs/case_study_2/runs/luca_unc_low_mag_003/20260624_151614/images/E3_imggen_deterministic_overlay.png,/home/nielsbroekhuizen/projects/my-vscode-project/outputs/case_study_2/runs/luca_unc_low_mag_003/20260624_151614/predictions/E3_imggen_deterministic.json,/home/nielsbroekhuizen/projects/my-vscode-project/outputs/case_study_2/runs/luca_unc_low_mag_003/20260624_151614/run_manifest.json
ImgGen overlay,luca_unc_low_mag_014,5,overcount,17,3,12,/home/nielsbroekhuizen/projects/my-vscode-project/outputs/case_study_2/runs/luca_unc_low_mag_014/20260627_134830/images/original.jpg,/home/nielsbroekhuizen/projects/my-vscode-project/outputs/case_study_2/runs/luca_unc_low_mag_014/20260627_134830/images/E5_imggen_overlay_vlm_mask.png,/home/nielsbroekhuizen/projects/my-vscode-project/outputs/case_study_2/runs/luca_unc_low_mag_014/20260627_134830/images/E5_imggen_overlay_vlm_overlay.png,/home/nielsbroekhuizen/projects/my-vscode-project/outputs/case_study_2/runs/luca_unc_low_mag_014/20260627_134830/predictions/E5_imggen_overlay_vlm.json,/home/nielsbroekhuizen/projects/my-vscode-project/outputs/case_study_2/runs/luca_unc_low_mag_014/20260627_134830/run_manifest.json
ImgGen mask,luca_unc_low_mag_016,5,overcount,19,3,14,/home/nielsbroekhuizen/projects/my-vscode-project/outputs/case_study_2/runs/luca_unc_low_mag_016/20260624_160036/images/original.jpg,/home/nielsbroekhuizen/projects/my-vscode-project/outputs/case_study_2/runs/luca_unc_low_mag_016/20260624_160036/images/E3_imggen_deterministic_mask.png,/home/nielsbroekhuizen/projects/my-vscode-project/outputs/case_study_2/runs/luca_unc_low_mag_016/20260624_160036/images/E3_imggen_deterministic_overlay.png,/home/nielsbroekhuizen/projects/my-vscode-project/outputs/case_study_2/runs/luca_unc_low_mag_016/20260624_160036/predictions/E3_imggen_deterministic.json,/home/nielsbroekhuizen/projects/my-vscode-project/outputs/case_study_2/runs/luca_unc_low_mag_016/20260624_160036/run_manifest.json
ImgGen overlay,luca_unc_high_mag_022,5,undercount,3,8,19,/home/nielsbroekhuizen/projects/my-vscode-project/outputs/case_study_2/runs/luca_unc_high_mag_022/20260627_124324/images/original.jpg,/home/nielsbroekhuizen/projects/my-vscode-project/outputs/case_study_2/runs/luca_unc_high_mag_022/20260627_124324/images/E5_imggen_overlay_vlm_mask.png,/home/nielsbroekhuizen/projects/my-vscode-project/outputs/case_study_2/runs/luca_unc_high_mag_022/20260627_124324/images/E5_imggen_overlay_vlm_overlay.png,/home/nielsbroekhuizen/projects/my-vscode-project/outputs/case_study_2/runs/luca_unc_high_mag_022/20260627_124324/predictions/E5_imggen_overlay_vlm.json,/home/nielsbroekhuizen/projects/my-vscode-project/outputs/case_study_2/runs/luca_unc_high_mag_022/20260627_124324/run_manifest.json
ImgGen mask,luca_unc_high_mag_029,5,overcount,9,1,4,/home/nielsbroekhuizen/projects/my-vscode-project/outputs/case_study_2/runs/luca_unc_high_mag_029/20260624_144010/images/original.jpg,/home/nielsbroekhuizen/projects/my-vscode-project/outputs/case_study_2/runs/luca_unc_high_mag_029/20260624_144010/images/E3_imggen_deterministic_mask.png,/home/nielsbroekhuizen/projects/my-vscode-project/outputs/case_study_2/runs/luca_unc_high_mag_029/20260624_144010/images/E3_imggen_deterministic_overlay.png,/home/nielsbroekhuizen/projects/my-vscode-project/outputs/case_study_2/runs/luca_unc_high_mag_029/20260624_144010/predictions/E3_imggen_deterministic.json,/home/nielsbroekhuizen/projects/my-vscode-project/outputs/case_study_2/runs/luca_unc_high_mag_029/20260624_144010/run_manifest.json
ImgGen overlay,luca_unc_high_mag_029,5,overcount,9,1,4,/home/nielsbroekhuizen/projects/my-vscode-project/outputs/case_study_2/runs/luca_unc_high_mag_029/20260627_130748/images/original.jpg,/home/nielsbroekhuizen/projects/my-vscode-project/outputs/case_study_2/runs/luca_unc_high_mag_029/20260627_130748/images/E5_imggen_overlay_vlm_mask.png,/home/nielsbroekhuizen/projects/my-vscode-project/outputs/case_study_2/runs/luca_unc_high_mag_029/20260627_130748/images/E5_imggen_overlay_vlm_overlay.png,/home/nielsbroekhuizen/projects/my-vscode-project/outputs/case_study_2/runs/luca_unc_high_mag_029/20260627_130748/predictions/E5_imggen_overlay_vlm.json,/home/nielsbroekhuizen/projects/my-vscode-project/outputs/case_study_2/runs/luca_unc_high_mag_029/20260627_130748/run_manifest.json
ImgGen mask,luca_unc_high_mag_032,4,undercount,4,8,18,/home/nielsbroekhuizen/projects/my-vscode-project/outputs/case_study_2/runs/luca_unc_high_mag_032/20260624_144319/images/original.jpg,/home/nielsbroekhuizen/projects/my-vscode-project/outputs/case_study_2/runs/luca_unc_high_mag_032/20260624_144319/images/E3_imggen_deterministic_mask.png,/home/nielsbroekhuizen/projects/my-vscode-project/outputs/case_study_2/runs/luca_unc_high_mag_032/20260624_144319/images/E3_imggen_deterministic_overlay.png,/home/nielsbroekhuizen/projects/my-vscode-project/outputs/case_study_2/runs/luca_unc_high_mag_032/20260624_144319/predictions/E3_imggen_deterministic.json,/home/nielsbroekhuizen/projects/my-vscode-project/outputs/case_study_2/runs/luca_unc_high_mag_032/20260624_144319/run_manifest.json
ImgGen overlay,luca_unc_high_mag_032,4,undercount,4,8,18,/home/nielsbroekhuizen/projects/my-vscode-project/outputs/case_study_2/runs/luca_unc_high_mag_032/20260627_131535/images/original.jpg,/home/nielsbroekhuizen/projects/my-vscode-project/outputs/case_study_2/runs/luca_unc_high_mag_032/20260627_131535/images/E5_imggen_overlay_vlm_mask.png,/home/nielsbroekhuizen/projects/my-vscode-project/outputs/case_study_2/runs/luca_unc_high_mag_032/20260627_131535/images/E5_imggen_overlay_vlm_overlay.png,/home/nielsbroekhuizen/projects/my-vscode-project/outputs/case_study_2/runs/luca_unc_high_mag_032/20260627_131535/predictions/E5_imggen_overlay_vlm.json,/home/nielsbroekhuizen/projects/my-vscode-project/outputs/case_study_2/runs/luca_unc_high_mag_032/20260627_131535/run_manifest.json
ImgGen mask,luca_unc_low_mag_018,4,overcount,6,1,2,/home/nielsbroekhuizen/projects/my-vscode-project/outputs/case_study_2/runs/luca_unc_low_mag_018/20260624_160242/images/original.jpg,/home/nielsbroekhuizen/projects/my-vscode-project/outputs/case_study_2/runs/luca_unc_low_mag_018/20260624_160242/images/E3_imggen_deterministic_mask.png,/home/nielsbroekhuizen/projects/my-vscode-project/outputs/case_study_2/runs/luca_unc_low_mag_018/20260624_160242/images/E3_imggen_deterministic_overlay.png,/home/nielsbroekhuizen/projects/my-vscode-project/outputs/case_study_2/runs/luca_unc_low_mag_018/20260624_160242/predictions/E3_imggen_deterministic.json,/home/nielsbroekhuizen/projects/my-vscode-project/outputs/case_study_2/runs/luca_unc_low_mag_018/20260624_160242/run_manifest.json
ImgGen mask,luca_unc_high_mag_009,3,overcount,13,4,10,/home/nielsbroekhuizen/projects/my-vscode-project/outputs/case_study_2/runs/luca_unc_high_mag_009/20260624_133937/images/original.jpg,/home/nielsbroekhuizen/projects/my-vscode-project/outputs/case_study_2/runs/luca_unc_high_mag_009/20260624_133937/images/E3_imggen_deterministic_mask.png,/home/nielsbroekhuizen/projects/my-vscode-project/outputs/case_study_2/runs/luca_unc_high_mag_009/20260624_133937/images/E3_imggen_deterministic_overlay.png,/home/nielsbroekhuizen/projects/my-vscode-project/outputs/case_study_2/runs/luca_unc_high_mag_009/20260624_133937/predictions/E3_imggen_deterministic.json,/home/nielsbroekhuizen/projects/my-vscode-project/outputs/case_study_2/runs/luca_unc_high_mag_009/20260624_133937/run_manifest.json
ImgGen mask,luca_unc_high_mag_014,3,undercount,3,6,15,/home/nielsbroekhuizen/projects/my-vscode-project/outputs/case_study_2/runs/luca_unc_high_mag_014/20260624_135814/images/original.jpg,/home/nielsbroekhuizen/projects/my-vscode-project/outputs/case_study_2/runs/luca_unc_high_mag_014/20260624_135814/images/E3_imggen_deterministic_mask.png,/home/nielsbroekhuizen/projects/my-vscode-project/outputs/case_study_2/runs/luca_unc_high_mag_014/20260624_135814/images/E3_imggen_deterministic_overlay.png,/home/nielsbroekhuizen/projects/my-vscode-project/outputs/case_study_2/runs/luca_unc_high_mag_014/20260624_135814/predictions/E3_imggen_deterministic.json,/home/nielsbroekhuizen/projects/my-vscode-project/outputs/case_study_2/runs/luca_unc_high_mag_014/20260624_135814/run_manifest.json
ImgGen overlay,luca_unc_high_mag_028,3,undercount,4,7,26,/home/nielsbroekhuizen/projects/my-vscode-project/outputs/case_study_2/runs/luca_unc_high_mag_028/20260627_130519/images/original.jpg,/home/nielsbroekhuizen/projects/my-vscode-project/outputs/case_study_2/runs/luca_unc_high_mag_028/20260627_130519/images/E5_imggen_overlay_vlm_mask.png,/home/nielsbroekhuizen/projects/my-vscode-project/outputs/case_study_2/runs/luca_unc_high_mag_028/20260627_130519/images/E5_imggen_overlay_vlm_overlay.png,/home/nielsbroekhuizen/projects/my-vscode-project/outputs/case_study_2/runs/luca_unc_high_mag_028/20260627_130519/predictions/E5_imggen_overlay_vlm.json,/home/nielsbroekhuizen/projects/my-vscode-project/outputs/case_study_2/runs/luca_unc_high_mag_028/20260627_130519/run_manifest.json
ImgGen mask,luca_unc_low_mag_012,3,overcount,31,2,28,/home/nielsbroekhuizen/projects/my-vscode-project/outputs/case_study_2/runs/luca_unc_low_mag_012/20260624_155701/images/original.jpg,/home/nielsbroekhuizen/projects/my-vscode-project/outputs/case_study_2/runs/luca_unc_low_mag_012/20260624_155701/images/E3_imggen_deterministic_mask.png,/home/nielsbroekhuizen/projects/my-vscode-project/outputs/case_study_2/runs/luca_unc_low_mag_012/20260624_155701/images/E3_imggen_deterministic_overlay.png,/home/nielsbroekhuizen/projects/my-vscode-project/outputs/case_study_2/runs/luca_unc_low_mag_012/20260624_155701/predictions/E3_imggen_deterministic.json,/home/nielsbroekhuizen/projects/my-vscode-project/outputs/case_study_2/runs/luca_unc_low_mag_012/20260624_155701/run_manifest.json
ImgGen mask,luca_unc_low_mag_000,3,overcount,31,5,28,/home/nielsbroekhuizen/projects/my-vscode-project/outputs/case_study_2/runs/luca_unc_low_mag_000/20260624_150227/images/original.jpg,/home/nielsbroekhuizen/projects/my-vscode-project/outputs/case_study_2/runs/luca_unc_low_mag_000/20260624_150227/images/E3_imggen_deterministic_mask.png,/home/nielsbroekhuizen/projects/my-vscode-project/outputs/case_study_2/runs/luca_unc_low_mag_000/20260624_150227/images/E3_imggen_deterministic_overlay.png,/home/nielsbroekhuizen/projects/my-vscode-project/outputs/case_study_2/runs/luca_unc_low_mag_000/20260624_150227/predictions/E3_imggen_deterministic.json,/home/nielsbroekhuizen/projects/my-vscode-project/outputs/case_study_2/runs/luca_unc_low_mag_000/20260624_150227/run_manifest.json
ImgGen mask,luca_unc_high_mag_028,3,undercount,4,7,26,/home/nielsbroekhuizen/projects/my-vscode-project/outputs/case_study_2/runs/luca_unc_high_mag_028/20260624_143915/images/original.jpg,/home/nielsbroekhuizen/projects/my-vscode-project/outputs/case_study_2/runs/luca_unc_high_mag_028/20260624_143915/images/E3_imggen_deterministic_mask.png,/home/nielsbroekhuizen/projects/my-vscode-project/outputs/case_study_2/runs/luca_unc_high_mag_028/20260624_143915/images/E3_imggen_deterministic_overlay.png,/home/nielsbroekhuizen/projects/my-vscode-project/outputs/case_study_2/runs/luca_unc_high_mag_028/20260624_143915/predictions/E3_imggen_deterministic.json,/home/nielsbroekhuizen/projects/my-vscode-project/outputs/case_study_2/runs/luca_unc_high_mag_028/20260624_143915/run_manifest.json
ImgGen overlay,luca_unc_high_mag_018,2,undercount,4,6,26,/home/nielsbroekhuizen/projects/my-vscode-project/outputs/case_study_2/runs/luca_unc_high_mag_018/20260624_141223/images/original.jpg,/home/nielsbroekhuizen/projects/my-vscode-project/outputs/case_study_2/runs/luca_unc_high_mag_018/20260624_141223/images/E5_imggen_overlay_vlm_mask.png,/home/nielsbroekhuizen/projects/my-vscode-project/outputs/case_study_2/runs/luca_unc_high_mag_018/20260624_141223/images/E5_imggen_overlay_vlm_overlay.png,/home/nielsbroekhuizen/projects/my-vscode-project/outputs/case_study_2/runs/luca_unc_high_mag_018/20260624_141223/predictions/E5_imggen_overlay_vlm.json,/home/nielsbroekhuizen/projects/my-vscode-project/outputs/case_study_2/runs/luca_unc_high_mag_018/20260624_141223/run_manifest.json
ImgGen mask,luca_unc_high_mag_003,2,undercount,3,5,30,/home/nielsbroekhuizen/projects/my-vscode-project/outputs/case_study_2/runs/luca_unc_high_mag_003/20260624_132334/images/original.jpg,/home/nielsbroekhuizen/projects/my-vscode-project/outputs/case_study_2/runs/luca_unc_high_mag_003/20260624_132334/images/E3_imggen_deterministic_mask.png,/home/nielsbroekhuizen/projects/my-vscode-project/outputs/case_study_2/runs/luca_unc_high_mag_003/20260624_132334/images/E3_imggen_deterministic_overlay.png,/home/nielsbroekhuizen/projects/my-vscode-project/outputs/case_study_2/runs/luca_unc_high_mag_003/20260624_132334/predictions/E3_imggen_deterministic.json,/home/nielsbroekhuizen/projects/my-vscode-project/outputs/case_study_2/runs/luca_unc_high_mag_003/20260624_132334/run_manifest.json
ImgGen mask,luca_unc_low_mag_005,2,undercount,1,3,46,/home/nielsbroekhuizen/projects/my-vscode-project/outputs/case_study_2/runs/luca_unc_low_mag_005/20260624_152538/images/original.jpg,/home/nielsbroekhuizen/projects/my-vscode-project/outputs/case_study_2/runs/luca_unc_low_mag_005/20260624_152538/images/E3_imggen_deterministic_mask.png,/home/nielsbroekhuizen/projects/my-vscode-project/outputs/case_study_2/runs/luca_unc_low_mag_005/20260624_152538/images/E3_imggen_deterministic_overlay.png,/home/nielsbroekhuizen/projects/my-vscode-project/outputs/case_study_2/runs/luca_unc_low_mag_005/20260624_152538/predictions/E3_imggen_deterministic.json,/home/nielsbroekhuizen/projects/my-vscode-project/outputs/case_study_2/runs/luca_unc_low_mag_005/20260624_152538/run_manifest.json
ImgGen mask,luca_unc_high_mag_001,2,overcount,30,8,28,/home/nielsbroekhuizen/projects/my-vscode-project/outputs/case_study_2/runs/luca_unc_high_mag_001/20260624_131429/images/original.jpg,/home/nielsbroekhuizen/projects/my-vscode-project/outputs/case_study_2/runs/luca_unc_high_mag_001/20260624_131429/images/E3_imggen_deterministic_mask.png,/home/nielsbroekhuizen/projects/my-vscode-project/outputs/case_study_2/runs/luca_unc_high_mag_001/20260624_131429/images/E3_imggen_deterministic_overlay.png,/home/nielsbroekhuizen/projects/my-vscode-project/outputs/case_study_2/runs/luca_unc_high_mag_001/20260624_131429/predictions/E3_imggen_deterministic.json,/home/nielsbroekhuizen/projects/my-vscode-project/outputs/case_study_2/runs/luca_unc_high_mag_001/20260624_131429/run_manifest.json
ImgGen overlay,luca_unc_low_mag_025,2,overcount,27,11,25,/home/nielsbroekhuizen/projects/my-vscode-project/outputs/case_study_2/runs/luca_unc_low_mag_025/20260624_160921/images/original.jpg,/home/nielsbroekhuizen/projects/my-vscode-project/outputs/case_study_2/runs/luca_unc_low_mag_025/20260624_160921/images/E5_imggen_overlay_vlm_mask.png,/home/nielsbroekhuizen/projects/my-vscode-project/outputs/case_study_2/runs/luca_unc_low_mag_025/20260624_160921/images/E5_imggen_overlay_vlm_overlay.png,/home/nielsbroekhuizen/projects/my-vscode-project/outputs/case_study_2/runs/luca_unc_low_mag_025/20260624_160921/predictions/E5_imggen_overlay_vlm.json,/home/nielsbroekhuizen/projects/my-vscode-project/outputs/case_study_2/runs/luca_unc_low_mag_025/20260624_160921/run_manifest.json
ImgGen mask,luca_unc_high_mag_018,2,undercount,4,6,26,/home/nielsbroekhuizen/projects/my-vscode-project/outputs/case_study_2/runs/luca_unc_high_mag_018/20260624_141223/images/original.jpg,/home/nielsbroekhuizen/projects/my-vscode-project/outputs/case_study_2/runs/luca_unc_high_mag_018/20260624_141223/images/E3_imggen_deterministic_mask.png,/home/nielsbroekhuizen/projects/my-vscode-project/outputs/case_study_2/runs/luca_unc_high_mag_018/20260624_141223/images/E3_imggen_deterministic_overlay.png,/home/nielsbroekhuizen/projects/my-vscode-project/outputs/case_study_2/runs/luca_unc_high_mag_018/20260624_141223/predictions/E3_imggen_deterministic.json,/home/nielsbroekhuizen/projects/my-vscode-project/outputs/case_study_2/runs/luca_unc_high_mag_018/20260624_141223/run_manifest.json
ImgGen overlay,luca_unc_high_mag_000,2,overcount,4,0,2,/home/nielsbroekhuizen/projects/my-vscode-project/outputs/case_study_2/runs/luca_unc_high_mag_000/20260625_143353/images/original.jpg,/home/nielsbroekhuizen/projects/my-vscode-project/outputs/case_study_2/runs/luca_unc_high_mag_000/20260625_143353/images/E5_imggen_overlay_vlm_mask.png,/home/nielsbroekhuizen/projects/my-vscode-project/outputs/case_study_2/runs/luca_unc_high_mag_000/20260625_143353/images/E5_imggen_overlay_vlm_overlay.png,/home/nielsbroekhuizen/projects/my-vscode-project/outputs/case_study_2/runs/luca_unc_high_mag_000/20260625_143353/predictions/E5_imggen_overlay_vlm.json,/home/nielsbroekhuizen/projects/my-vscode-project/outputs/case_study_2/runs/luca_unc_high_mag_000/20260625_143353/run_manifest.json
ImgGen overlay,luca_unc_low_mag_005,2,undercount,1,3,46,/home/nielsbroekhuizen/projects/my-vscode-project/outputs/case_study_2/runs/luca_unc_low_mag_005/20260624_152538/images/original.jpg,/home/nielsbroekhuizen/projects/my-vscode-project/outputs/case_study_2/runs/luca_unc_low_mag_005/20260624_152538/images/E5_imggen_overlay_vlm_mask.png,/home/nielsbroekhuizen/projects/my-vscode-project/outputs/case_study_2/runs/luca_unc_low_mag_005/20260624_152538/images/E5_imggen_overlay_vlm_overlay.png,/home/nielsbroekhuizen/projects/my-vscode-project/outputs/case_study_2/runs/luca_unc_low_mag_005/20260624_152538/predictions/E5_imggen_overlay_vlm.json,/home/nielsbroekhuizen/projects/my-vscode-project/outputs/case_study_2/runs/luca_unc_low_mag_005/20260624_152538/run_manifest.json
ImgGen mask,luca_unc_high_mag_007,1,overcount,12,4,11,/home/nielsbroekhuizen/projects/my-vscode-project/outputs/case_study_2/runs/luca_unc_high_mag_007/20260624_133343/images/original.jpg,/home/nielsbroekhuizen/projects/my-vscode-project/outputs/case_study_2/runs/luca_unc_high_mag_007/20260624_133343/images/E3_imggen_deterministic_mask.png,/home/nielsbroekhuizen/projects/my-vscode-project/outputs/case_study_2/runs/luca_unc_high_mag_007/20260624_133343/images/E3_imggen_deterministic_overlay.png,/home/nielsbroekhuizen/projects/my-vscode-project/outputs/case_study_2/runs/luca_unc_high_mag_007/20260624_133343/predictions/E3_imggen_deterministic.json,/home/nielsbroekhuizen/projects/my-vscode-project/outputs/case_study_2/runs/luca_unc_high_mag_007/20260624_133343/run_manifest.json
ImgGen mask,luca_unc_high_mag_000,1,overcount,3,0,2,/home/nielsbroekhuizen/projects/my-vscode-project/outputs/case_study_2/runs/luca_unc_high_mag_000/20260625_143353/images/original.jpg,/home/nielsbroekhuizen/projects/my-vscode-project/outputs/case_study_2/runs/luca_unc_high_mag_000/20260625_143353/images/E3_imggen_deterministic_mask.png,/home/nielsbroekhuizen/projects/my-vscode-project/outputs/case_study_2/runs/luca_unc_high_mag_000/20260625_143353/images/E3_imggen_deterministic_overlay.png,/home/nielsbroekhuizen/projects/my-vscode-project/outputs/case_study_2/runs/luca_unc_high_mag_000/20260625_143353/predictions/E3_imggen_deterministic.json,/home/nielsbroekhuizen/projects/my-vscode-project/outputs/case_study_2/runs/luca_unc_high_mag_000/20260625_143353/run_manifest.json
ImgGen mask,luca_unc_high_mag_006,1,undercount,4,5,15,/home/nielsbroekhuizen/projects/my-vscode-project/outputs/case_study_2/runs/luca_unc_high_mag_006/20260624_133111/images/original.jpg,/home/nielsbroekhuizen/projects/my-vscode-project/outputs/case_study_2/runs/luca_unc_high_mag_006/20260624_133111/images/E3_imggen_deterministic_mask.png,/home/nielsbroekhuizen/projects/my-vscode-project/outputs/case_study_2/runs/luca_unc_high_mag_006/20260624_133111/images/E3_imggen_deterministic_overlay.png,/home/nielsbroekhuizen/projects/my-vscode-project/outputs/case_study_2/runs/luca_unc_high_mag_006/20260624_133111/predictions/E3_imggen_deterministic.json,/home/nielsbroekhuizen/projects/my-vscode-project/outputs/case_study_2/runs/luca_unc_high_mag_006/20260624_133111/run_manifest.json
ImgGen overlay,luca_unc_high_mag_031,1,overcount,11,2,10,/home/nielsbroekhuizen/projects/my-vscode-project/outputs/case_study_2/runs/luca_unc_high_mag_031/20260627_131257/images/original.jpg,/home/nielsbroekhuizen/projects/my-vscode-project/outputs/case_study_2/runs/luca_unc_high_mag_031/20260627_131257/images/E5_imggen_overlay_vlm_mask.png,/home/nielsbroekhuizen/projects/my-vscode-project/outputs/case_study_2/runs/luca_unc_high_mag_031/20260627_131257/images/E5_imggen_overlay_vlm_overlay.png,/home/nielsbroekhuizen/projects/my-vscode-project/outputs/case_study_2/runs/luca_unc_high_mag_031/20260627_131257/predictions/E5_imggen_overlay_vlm.json,/home/nielsbroekhuizen/projects/my-vscode-project/outputs/case_study_2/runs/luca_unc_high_mag_031/20260627_131257/run_manifest.json
ImgGen overlay,luca_unc_low_mag_010,1,undercount,30,31,62,/home/nielsbroekhuizen/projects/my-vscode-project/outputs/case_study_2/runs/luca_unc_low_mag_010/20260627_132627/images/original.jpg,/home/nielsbroekhuizen/projects/my-vscode-project/outputs/case_study_2/runs/luca_unc_low_mag_010/20260627_132627/images/E5_imggen_overlay_vlm_mask.png,/home/nielsbroekhuizen/projects/my-vscode-project/outputs/case_study_2/runs/luca_unc_low_mag_010/20260627_132627/images/E5_imggen_overlay_vlm_overlay.png,/home/nielsbroekhuizen/projects/my-vscode-project/outputs/case_study_2/runs/luca_unc_low_mag_010/20260627_132627/predictions/E5_imggen_overlay_vlm.json,/home/nielsbroekhuizen/projects/my-vscode-project/outputs/case_study_2/runs/luca_unc_low_mag_010/20260627_132627/run_manifest.json
ImgGen overlay,luca_unc_low_mag_006,1,undercount,5,6,150,/home/nielsbroekhuizen/projects/my-vscode-project/outputs/case_study_2/runs/luca_unc_low_mag_006/20260624_152802/images/original.jpg,/home/nielsbroekhuizen/projects/my-vscode-project/outputs/case_study_2/runs/luca_unc_low_mag_006/20260624_152802/images/E5_imggen_overlay_vlm_mask.png,/home/nielsbroekhuizen/projects/my-vscode-project/outputs/case_study_2/runs/luca_unc_low_mag_006/20260624_152802/images/E5_imggen_overlay_vlm_overlay.png,/home/nielsbroekhuizen/projects/my-vscode-project/outputs/case_study_2/runs/luca_unc_low_mag_006/20260624_152802/predictions/E5_imggen_overlay_vlm.json,/home/nielsbroekhuizen/projects/my-vscode-project/outputs/case_study_2/runs/luca_unc_low_mag_006/20260624_152802/run_manifest.json
ImgGen mask,luca_unc_low_mag_006,1,undercount,5,6,150,/home/nielsbroekhuizen/projects/my-vscode-project/outputs/case_study_2/runs/luca_unc_low_mag_006/20260624_152802/images/original.jpg,/home/nielsbroekhuizen/projects/my-vscode-project/outputs/case_study_2/runs/luca_unc_low_mag_006/20260624_152802/images/E3_imggen_deterministic_mask.png,/home/nielsbroekhuizen/projects/my-vscode-project/outputs/case_study_2/runs/luca_unc_low_mag_006/20260624_152802/images/E3_imggen_deterministic_overlay.png,/home/nielsbroekhuizen/projects/my-vscode-project/outputs/case_study_2/runs/luca_unc_low_mag_006/20260624_152802/predictions/E3_imggen_deterministic.json,/home/nielsbroekhuizen/projects/my-vscode-project/outputs/case_study_2/runs/luca_unc_low_mag_006/20260624_152802/run_manifest.json
ImgGen mask,luca_unc_low_mag_019,1,overcount,5,2,4,/home/nielsbroekhuizen/projects/my-vscode-project/outputs/case_study_2/runs/luca_unc_low_mag_019/20260624_160345/images/original.jpg,/home/nielsbroekhuizen/projects/my-vscode-project/outputs/case_study_2/runs/luca_unc_low_mag_019/20260624_160345/images/E3_imggen_deterministic_mask.png,/home/nielsbroekhuizen/projects/my-vscode-project/outputs/case_study_2/runs/luca_unc_low_mag_019/20260624_160345/images/E3_imggen_deterministic_overlay.png,/home/nielsbroekhuizen/projects/my-vscode-project/outputs/case_study_2/runs/luca_unc_low_mag_019/20260624_160345/predictions/E3_imggen_deterministic.json,/home/nielsbroekhuizen/projects/my-vscode-project/outputs/case_study_2/runs/luca_unc_low_mag_019/20260624_160345/run_manifest.json
ImgGen mask,luca_unc_low_mag_039,1,undercount,25,26,61,/home/nielsbroekhuizen/projects/my-vscode-project/outputs/case_study_2/runs/luca_unc_low_mag_039/20260624_173951/images/original.jpg,/home/nielsbroekhuizen/projects/my-vscode-project/outputs/case_study_2/runs/luca_unc_low_mag_039/20260624_173951/images/E3_imggen_deterministic_mask.png,/home/nielsbroekhuizen/projects/my-vscode-project/outputs/case_study_2/runs/luca_unc_low_mag_039/20260624_173951/images/E3_imggen_deterministic_overlay.png,/home/nielsbroekhuizen/projects/my-vscode-project/outputs/case_study_2/runs/luca_unc_low_mag_039/20260624_173951/predictions/E3_imggen_deterministic.json,/home/nielsbroekhuizen/projects/my-vscode-project/outputs/case_study_2/runs/luca_unc_low_mag_039/20260624_173951/run_manifest.json
ImgGen overlay,luca_unc_low_mag_019,1,overcount,5,2,4,/home/nielsbroekhuizen/projects/my-vscode-project/outputs/case_study_2/runs/luca_unc_low_mag_019/20260627_141223/images/original.jpg,/home/nielsbroekhuizen/projects/my-vscode-project/outputs/case_study_2/runs/luca_unc_low_mag_019/20260627_141223/images/E5_imggen_overlay_vlm_mask.png,/home/nielsbroekhuizen/projects/my-vscode-project/outputs/case_study_2/runs/luca_unc_low_mag_019/20260627_141223/images/E5_imggen_overlay_vlm_overlay.png,/home/nielsbroekhuizen/projects/my-vscode-project/outputs/case_study_2/runs/luca_unc_low_mag_019/20260627_141223/predictions/E5_imggen_overlay_vlm.json,/home/nielsbroekhuizen/projects/my-vscode-project/outputs/case_study_2/runs/luca_unc_low_mag_019/20260627_141223/run_manifest.json
ImgGen mask,luca_unc_low_mag_013,1,undercount,1,2,5,/home/nielsbroekhuizen/projects/my-vscode-project/outputs/case_study_2/runs/luca_unc_low_mag_013/20260624_155754/images/original.jpg,/home/nielsbroekhuizen/projects/my-vscode-project/outputs/case_study_2/runs/luca_unc_low_mag_013/20260624_155754/images/E3_imggen_deterministic_mask.png,/home/nielsbroekhuizen/projects/my-vscode-project/outputs/case_study_2/runs/luca_unc_low_mag_013/20260624_155754/images/E3_imggen_deterministic_overlay.png,/home/nielsbroekhuizen/projects/my-vscode-project/outputs/case_study_2/runs/luca_unc_low_mag_013/20260624_155754/predictions/E3_imggen_deterministic.json,/home/nielsbroekhuizen/projects/my-vscode-project/outputs/case_study_2/runs/luca_unc_low_mag_013/20260624_155754/run_manifest.json
ImgGen overlay,luca_unc_high_mag_025,1,overcount,10,2,9,/home/nielsbroekhuizen/projects/my-vscode-project/outputs/case_study_2/runs/luca_unc_high_mag_025/20260627_125540/images/original.jpg,/home/nielsbroekhuizen/projects/my-vscode-project/outputs/case_study_2/runs/luca_unc_high_mag_025/20260627_125540/images/E5_imggen_overlay_vlm_mask.png,/home/nielsbroekhuizen/projects/my-vscode-project/outputs/case_study_2/runs/luca_unc_high_mag_025/20260627_125540/images/E5_imggen_overlay_vlm_overlay.png,/home/nielsbroekhuizen/projects/my-vscode-project/outputs/case_study_2/runs/luca_unc_high_mag_025/20260627_125540/predictions/E5_imggen_overlay_vlm.json,/home/nielsbroekhuizen/projects/my-vscode-project/outputs/case_study_2/runs/luca_unc_high_mag_025/20260627_125540/run_manifest.json
ImgGen overlay,luca_unc_high_mag_007,1,overcount,12,4,11,/home/nielsbroekhuizen/projects/my-vscode-project/outputs/case_study_2/runs/luca_unc_high_mag_007/20260624_133343/images/original.jpg,/home/nielsbroekhuizen/projects/my-vscode-project/outputs/case_study_2/runs/luca_unc_high_mag_007/20260624_133343/images/E5_imggen_overlay_vlm_mask.png,/home/nielsbroekhuizen/projects/my-vscode-project/outputs/case_study_2/runs/luca_unc_high_mag_007/20260624_133343/images/E5_imggen_overlay_vlm_overlay.png,/home/nielsbroekhuizen/projects/my-vscode-project/outputs/case_study_2/runs/luca_unc_high_mag_007/20260624_133343/predictions/E5_imggen_overlay_vlm.json,/home/nielsbroekhuizen/projects/my-vscode-project/outputs/case_study_2/runs/luca_unc_high_mag_007/20260624_133343/run_manifest.json
ImgGen overlay,luca_unc_high_mag_005,0,inside interval,12,7,21,/home/nielsbroekhuizen/projects/my-vscode-project/outputs/case_study_2/runs/luca_unc_high_mag_005/20260624_132846/images/original.jpg,/home/nielsbroekhuizen/projects/my-vscode-project/outputs/case_study_2/runs/luca_unc_high_mag_005/20260624_132846/images/E5_imggen_overlay_vlm_mask.png,/home/nielsbroekhuizen/projects/my-vscode-project/outputs/case_study_2/runs/luca_unc_high_mag_005/20260624_132846/images/E5_imggen_overlay_vlm_overlay.png,/home/nielsbroekhuizen/projects/my-vscode-project/outputs/case_study_2/runs/luca_unc_high_mag_005/20260624_132846/predictions/E5_imggen_overlay_vlm.json,/home/nielsbroekhuizen/projects/my-vscode-project/outputs/case_study_2/runs/luca_unc_high_mag_005/20260624_132846/run_manifest.json
ImgGen overlay,luca_unc_high_mag_008,0,inside interval,4,1,8,/home/nielsbroekhuizen/projects/my-vscode-project/outputs/case_study_2/runs/luca_unc_high_mag_008/20260624_133613/images/original.jpg,/home/nielsbroekhuizen/projects/my-vscode-project/outputs/case_study_2/runs/luca_unc_high_mag_008/20260624_133613/images/E5_imggen_overlay_vlm_mask.png,/home/nielsbroekhuizen/projects/my-vscode-project/outputs/case_study_2/runs/luca_unc_high_mag_008/20260624_133613/images/E5_imggen_overlay_vlm_overlay.png,/home/nielsbroekhuizen/projects/my-vscode-project/outputs/case_study_2/runs/luca_unc_high_mag_008/20260624_133613/predictions/E5_imggen_overlay_vlm.json,/home/nielsbroekhuizen/projects/my-vscode-project/outputs/case_study_2/runs/luca_unc_high_mag_008/20260624_133613/run_manifest.json
ImgGen mask,luca_unc_high_mag_008,0,inside interval,4,1,8,/home/nielsbroekhuizen/projects/my-vscode-project/outputs/case_study_2/runs/luca_unc_high_mag_008/20260624_133613/images/original.jpg,/home/nielsbroekhuizen/projects/my-vscode-project/outputs/case_study_2/runs/luca_unc_high_mag_008/20260624_133613/images/E3_imggen_deterministic_mask.png,/home/nielsbroekhuizen/projects/my-vscode-project/outputs/case_study_2/runs/luca_unc_high_mag_008/20260624_133613/images/E3_imggen_deterministic_overlay.png,/home/nielsbroekhuizen/projects/my-vscode-project/outputs/case_study_2/runs/luca_unc_high_mag_008/20260624_133613/predictions/E3_imggen_deterministic.json,/home/nielsbroekhuizen/projects/my-vscode-project/outputs/case_study_2/runs/luca_unc_high_mag_008/20260624_133613/run_manifest.json
ImgGen mask,luca_unc_high_mag_005,0,inside interval,11,7,21,/home/nielsbroekhuizen/projects/my-vscode-project/outputs/case_study_2/runs/luca_unc_high_mag_005/20260624_132846/images/original.jpg,/home/nielsbroekhuizen/projects/my-vscode-project/outputs/case_study_2/runs/luca_unc_high_mag_005/20260624_132846/images/E3_imggen_deterministic_mask.png,/home/nielsbroekhuizen/projects/my-vscode-project/outputs/case_study_2/runs/luca_unc_high_mag_005/20260624_132846/images/E3_imggen_deterministic_overlay.png,/home/nielsbroekhuizen/projects/my-vscode-project/outputs/case_study_2/runs/luca_unc_high_mag_005/20260624_132846/predictions/E3_imggen_deterministic.json,/home/nielsbroekhuizen/projects/my-vscode-project/outputs/case_study_2/runs/luca_unc_high_mag_005/20260624_132846/run_manifest.json
ImgGen overlay,luca_unc_high_mag_009,0,inside interval,7,4,10,/home/nielsbroekhuizen/projects/my-vscode-project/outputs/case_study_2/runs/luca_unc_high_mag_009/20260624_133937/images/original.jpg,/home/nielsbroekhuizen/projects/my-vscode-project/outputs/case_study_2/runs/luca_unc_high_mag_009/20260624_133937/images/E5_imggen_overlay_vlm_mask.png,/home/nielsbroekhuizen/projects/my-vscode-project/outputs/case_study_2/runs/luca_unc_high_mag_009/20260624_133937/images/E5_imggen_overlay_vlm_overlay.png,/home/nielsbroekhuizen/projects/my-vscode-project/outputs/case_study_2/runs/luca_unc_high_mag_009/20260624_133937/predictions/E5_imggen_overlay_vlm.json,/home/nielsbroekhuizen/projects/my-vscode-project/outputs/case_study_2/runs/luca_unc_high_mag_009/20260624_133937/run_manifest.json
ImgGen overlay,luca_unc_high_mag_026,0,inside interval,7,6,15,/home/nielsbroekhuizen/projects/my-vscode-project/outputs/case_study_2/runs/luca_unc_high_mag_026/20260627_125807/images/original.jpg,/home/nielsbroekhuizen/projects/my-vscode-project/outputs/case_study_2/runs/luca_unc_high_mag_026/20260627_125807/images/E5_imggen_overlay_vlm_mask.png,/home/nielsbroekhuizen/projects/my-vscode-project/outputs/case_study_2/runs/luca_unc_high_mag_026/20260627_125807/images/E5_imggen_overlay_vlm_overlay.png,/home/nielsbroekhuizen/projects/my-vscode-project/outputs/case_study_2/runs/luca_unc_high_mag_026/20260627_125807/predictions/E5_imggen_overlay_vlm.json,/home/nielsbroekhuizen/projects/my-vscode-project/outputs/case_study_2/runs/luca_unc_high_mag_026/20260627_125807/run_manifest.json
ImgGen mask,luca_unc_high_mag_026,0,inside interval,9,6,15,/home/nielsbroekhuizen/projects/my-vscode-project/outputs/case_study_2/runs/luca_unc_high_mag_026/20260624_143716/images/original.jpg,/home/nielsbroekhuizen/projects/my-vscode-project/outputs/case_study_2/runs/luca_unc_high_mag_026/20260624_143716/images/E3_imggen_deterministic_mask.png,/home/nielsbroekhuizen/projects/my-vscode-project/outputs/case_study_2/runs/luca_unc_high_mag_026/20260624_143716/images/E3_imggen_deterministic_overlay.png,/home/nielsbroekhuizen/projects/my-vscode-project/outputs/case_study_2/runs/luca_unc_high_mag_026/20260624_143716/predictions/E3_imggen_deterministic.json,/home/nielsbroekhuizen/projects/my-vscode-project/outputs/case_study_2/runs/luca_unc_high_mag_026/20260624_143716/run_manifest.json
ImgGen mask,luca_unc_high_mag_025,0,inside interval,7,2,9,/home/nielsbroekhuizen/projects/my-vscode-project/outputs/case_study_2/runs/luca_unc_high_mag_025/20260624_143622/images/original.jpg,/home/nielsbroekhuizen/projects/my-vscode-project/outputs/case_study_2/runs/luca_unc_high_mag_025/20260624_143622/images/E3_imggen_deterministic_mask.png,/home/nielsbroekhuizen/projects/my-vscode-project/outputs/case_study_2/runs/luca_unc_high_mag_025/20260624_143622/images/E3_imggen_deterministic_overlay.png,/home/nielsbroekhuizen/projects/my-vscode-project/outputs/case_study_2/runs/luca_unc_high_mag_025/20260624_143622/predictions/E3_imggen_deterministic.json,/home/nielsbroekhuizen/projects/my-vscode-project/outputs/case_study_2/runs/luca_unc_high_mag_025/20260624_143622/run_manifest.json
ImgGen mask,luca_unc_high_mag_023,0,inside interval,18,8,25,/home/nielsbroekhuizen/projects/my-vscode-project/outputs/case_study_2/runs/luca_unc_high_mag_023/20260624_143415/images/original.jpg,/home/nielsbroekhuizen/projects/my-vscode-project/outputs/case_study_2/runs/luca_unc_high_mag_023/20260624_143415/images/E3_imggen_deterministic_mask.png,/home/nielsbroekhuizen/projects/my-vscode-project/outputs/case_study_2/runs/luca_unc_high_mag_023/20260624_143415/images/E3_imggen_deterministic_overlay.png,/home/nielsbroekhuizen/projects/my-vscode-project/outputs/case_study_2/runs/luca_unc_high_mag_023/20260624_143415/predictions/E3_imggen_deterministic.json,/home/nielsbroekhuizen/projects/my-vscode-project/outputs/case_study_2/runs/luca_unc_high_mag_023/20260624_143415/run_manifest.json
ImgGen overlay,luca_unc_high_mag_023,0,inside interval,20,8,25,/home/nielsbroekhuizen/projects/my-vscode-project/outputs/case_study_2/runs/luca_unc_high_mag_023/20260627_124554/images/original.jpg,/home/nielsbroekhuizen/projects/my-vscode-project/outputs/case_study_2/runs/luca_unc_high_mag_023/20260627_124554/images/E5_imggen_overlay_vlm_mask.png,/home/nielsbroekhuizen/projects/my-vscode-project/outputs/case_study_2/runs/luca_unc_high_mag_023/20260627_124554/images/E5_imggen_overlay_vlm_overlay.png,/home/nielsbroekhuizen/projects/my-vscode-project/outputs/case_study_2/runs/luca_unc_high_mag_023/20260627_124554/predictions/E5_imggen_overlay_vlm.json,/home/nielsbroekhuizen/projects/my-vscode-project/outputs/case_study_2/runs/luca_unc_high_mag_023/20260627_124554/run_manifest.json
ImgGen mask,luca_unc_high_mag_020,0,inside interval,7,4,12,/home/nielsbroekhuizen/projects/my-vscode-project/outputs/case_study_2/runs/luca_unc_high_mag_020/20260624_143123/images/original.jpg,/home/nielsbroekhuizen/projects/my-vscode-project/outputs/case_study_2/runs/luca_unc_high_mag_020/20260624_143123/images/E3_imggen_deterministic_mask.png,/home/nielsbroekhuizen/projects/my-vscode-project/outputs/case_study_2/runs/luca_unc_high_mag_020/20260624_143123/images/E3_imggen_deterministic_overlay.png,/home/nielsbroekhuizen/projects/my-vscode-project/outputs/case_study_2/runs/luca_unc_high_mag_020/20260624_143123/predictions/E3_imggen_deterministic.json,/home/nielsbroekhuizen/projects/my-vscode-project/outputs/case_study_2/runs/luca_unc_high_mag_020/20260624_143123/run_manifest.json
ImgGen overlay,luca_unc_high_mag_020,0,inside interval,11,4,12,/home/nielsbroekhuizen/projects/my-vscode-project/outputs/case_study_2/runs/luca_unc_high_mag_020/20260627_123201/images/original.jpg,/home/nielsbroekhuizen/projects/my-vscode-project/outputs/case_study_2/runs/luca_unc_high_mag_020/20260627_123201/images/E5_imggen_overlay_vlm_mask.png,/home/nielsbroekhuizen/projects/my-vscode-project/outputs/case_study_2/runs/luca_unc_high_mag_020/20260627_123201/images/E5_imggen_overlay_vlm_overlay.png,/home/nielsbroekhuizen/projects/my-vscode-project/outputs/case_study_2/runs/luca_unc_high_mag_020/20260627_123201/predictions/E5_imggen_overlay_vlm.json,/home/nielsbroekhuizen/projects/my-vscode-project/outputs/case_study_2/runs/luca_unc_high_mag_020/20260627_123201/run_manifest.json
ImgGen overlay,luca_unc_high_mag_021,0,inside interval,14,6,16,/home/nielsbroekhuizen/projects/my-vscode-project/outputs/case_study_2/runs/luca_unc_high_mag_021/20260627_123817/images/original.jpg,/home/nielsbroekhuizen/projects/my-vscode-project/outputs/case_study_2/runs/luca_unc_high_mag_021/20260627_123817/images/E5_imggen_overlay_vlm_mask.png,/home/nielsbroekhuizen/projects/my-vscode-project/outputs/case_study_2/runs/luca_unc_high_mag_021/20260627_123817/images/E5_imggen_overlay_vlm_overlay.png,/home/nielsbroekhuizen/projects/my-vscode-project/outputs/case_study_2/runs/luca_unc_high_mag_021/20260627_123817/predictions/E5_imggen_overlay_vlm.json,/home/nielsbroekhuizen/projects/my-vscode-project/outputs/case_study_2/runs/luca_unc_high_mag_021/20260627_123817/run_manifest.json
ImgGen overlay,luca_unc_high_mag_014,0,inside interval,7,6,15,/home/nielsbroekhuizen/projects/my-vscode-project/outputs/case_study_2/runs/luca_unc_high_mag_014/20260624_135814/images/original.jpg,/home/nielsbroekhuizen/projects/my-vscode-project/outputs/case_study_2/runs/luca_unc_high_mag_014/20260624_135814/images/E5_imggen_overlay_vlm_mask.png,/home/nielsbroekhuizen/projects/my-vscode-project/outputs/case_study_2/runs/luca_unc_high_mag_014/20260624_135814/images/E5_imggen_overlay_vlm_overlay.png,/home/nielsbroekhuizen/projects/my-vscode-project/outputs/case_study_2/runs/luca_unc_high_mag_014/20260624_135814/predictions/E5_imggen_overlay_vlm.json,/home/nielsbroekhuizen/projects/my-vscode-project/outputs/case_study_2/runs/luca_unc_high_mag_014/20260624_135814/run_manifest.json
ImgGen overlay,luca_unc_high_mag_013,0,inside interval,13,10,22,/home/nielsbroekhuizen/projects/my-vscode-project/outputs/case_study_2/runs/luca_unc_high_mag_013/20260624_135434/images/original.jpg,/home/nielsbroekhuizen/projects/my-vscode-project/outputs/case_study_2/runs/luca_unc_high_mag_013/20260624_135434/images/E5_imggen_overlay_vlm_mask.png,/home/nielsbroekhuizen/projects/my-vscode-project/outputs/case_study_2/runs/luca_unc_high_mag_013/20260624_135434/images/E5_imggen_overlay_vlm_overlay.png,/home/nielsbroekhuizen/projects/my-vscode-project/outputs/case_study_2/runs/luca_unc_high_mag_013/20260624_135434/predictions/E5_imggen_overlay_vlm.json,/home/nielsbroekhuizen/projects/my-vscode-project/outputs/case_study_2/runs/luca_unc_high_mag_013/20260624_135434/run_manifest.json
ImgGen mask,luca_unc_high_mag_015,0,inside interval,9,4,17,/home/nielsbroekhuizen/projects/my-vscode-project/outputs/case_study_2/runs/luca_unc_high_mag_015/20260624_140202/images/original.jpg,/home/nielsbroekhuizen/projects/my-vscode-project/outputs/case_study_2/runs/luca_unc_high_mag_015/20260624_140202/images/E3_imggen_deterministic_mask.png,/home/nielsbroekhuizen/projects/my-vscode-project/outputs/case_study_2/runs/luca_unc_high_mag_015/20260624_140202/images/E3_imggen_deterministic_overlay.png,/home/nielsbroekhuizen/projects/my-vscode-project/outputs/case_study_2/runs/luca_unc_high_mag_015/20260624_140202/predictions/E3_imggen_deterministic.json,/home/nielsbroekhuizen/projects/my-vscode-project/outputs/case_study_2/runs/luca_unc_high_mag_015/20260624_140202/run_manifest.json
ImgGen overlay,luca_unc_high_mag_015,0,inside interval,9,4,17,/home/nielsbroekhuizen/projects/my-vscode-project/outputs/case_study_2/runs/luca_unc_high_mag_015/20260624_140202/images/original.jpg,/home/nielsbroekhuizen/projects/my-vscode-project/outputs/case_study_2/runs/luca_unc_high_mag_015/20260624_140202/images/E5_imggen_overlay_vlm_mask.png,/home/nielsbroekhuizen/projects/my-vscode-project/outputs/case_study_2/runs/luca_unc_high_mag_015/20260624_140202/images/E5_imggen_overlay_vlm_overlay.png,/home/nielsbroekhuizen/projects/my-vscode-project/outputs/case_study_2/runs/luca_unc_high_mag_015/20260624_140202/predictions/E5_imggen_overlay_vlm.json,/home/nielsbroekhuizen/projects/my-vscode-project/outputs/case_study_2/runs/luca_unc_high_mag_015/20260624_140202/run_manifest.json
ImgGen overlay,luca_unc_high_mag_016,0,inside interval,14,7,16,/home/nielsbroekhuizen/projects/my-vscode-project/outputs/case_study_2/runs/luca_unc_high_mag_016/20260624_140420/images/original.jpg,/home/nielsbroekhuizen/projects/my-vscode-project/outputs/case_study_2/runs/luca_unc_high_mag_016/20260624_140420/images/E5_imggen_overlay_vlm_mask.png,/home/nielsbroekhuizen/projects/my-vscode-project/outputs/case_study_2/runs/luca_unc_high_mag_016/20260624_140420/images/E5_imggen_overlay_vlm_overlay.png,/home/nielsbroekhuizen/projects/my-vscode-project/outputs/case_study_2/runs/luca_unc_high_mag_016/20260624_140420/predictions/E5_imggen_overlay_vlm.json,/home/nielsbroekhuizen/projects/my-vscode-project/outputs/case_study_2/runs/luca_unc_high_mag_016/20260624_140420/run_manifest.json
ImgGen mask,luca_unc_high_mag_016,0,inside interval,14,7,16,/home/nielsbroekhuizen/projects/my-vscode-project/outputs/case_study_2/runs/luca_unc_high_mag_016/20260624_140420/images/original.jpg,/home/nielsbroekhuizen/projects/my-vscode-project/outputs/case_study_2/runs/luca_unc_high_mag_016/20260624_140420/images/E3_imggen_deterministic_mask.png,/home/nielsbroekhuizen/projects/my-vscode-project/outputs/case_study_2/runs/luca_unc_high_mag_016/20260624_140420/images/E3_imggen_deterministic_overlay.png,/home/nielsbroekhuizen/projects/my-vscode-project/outputs/case_study_2/runs/luca_unc_high_mag_016/20260624_140420/predictions/E3_imggen_deterministic.json,/home/nielsbroekhuizen/projects/my-vscode-project/outputs/case_study_2/runs/luca_unc_high_mag_016/20260624_140420/run_manifest.json
ImgGen overlay,luca_unc_high_mag_017,0,inside interval,3,2,6,/home/nielsbroekhuizen/projects/my-vscode-project/outputs/case_study_2/runs/luca_unc_high_mag_017/20260624_140946/images/original.jpg,/home/nielsbroekhuizen/projects/my-vscode-project/outputs/case_study_2/runs/luca_unc_high_mag_017/20260624_140946/images/E5_imggen_overlay_vlm_mask.png,/home/nielsbroekhuizen/projects/my-vscode-project/outputs/case_study_2/runs/luca_unc_high_mag_017/20260624_140946/images/E5_imggen_overlay_vlm_overlay.png,/home/nielsbroekhuizen/projects/my-vscode-project/outputs/case_study_2/runs/luca_unc_high_mag_017/20260624_140946/predictions/E5_imggen_overlay_vlm.json,/home/nielsbroekhuizen/projects/my-vscode-project/outputs/case_study_2/runs/luca_unc_high_mag_017/20260624_140946/run_manifest.json
ImgGen mask,luca_unc_high_mag_017,0,inside interval,3,2,6,/home/nielsbroekhuizen/projects/my-vscode-project/outputs/case_study_2/runs/luca_unc_high_mag_017/20260624_140946/images/original.jpg,/home/nielsbroekhuizen/projects/my-vscode-project/outputs/case_study_2/runs/luca_unc_high_mag_017/20260624_140946/images/E3_imggen_deterministic_mask.png,/home/nielsbroekhuizen/projects/my-vscode-project/outputs/case_study_2/runs/luca_unc_high_mag_017/20260624_140946/images/E3_imggen_deterministic_overlay.png,/home/nielsbroekhuizen/projects/my-vscode-project/outputs/case_study_2/runs/luca_unc_high_mag_017/20260624_140946/predictions/E3_imggen_deterministic.json,/home/nielsbroekhuizen/projects/my-vscode-project/outputs/case_study_2/runs/luca_unc_high_mag_017/20260624_140946/run_manifest.json
ImgGen mask,luca_unc_high_mag_012,0,inside interval,12,7,15,/home/nielsbroekhuizen/projects/my-vscode-project/outputs/case_study_2/runs/luca_unc_high_mag_012/20260624_135142/images/original.jpg,/home/nielsbroekhuizen/projects/my-vscode-project/outputs/case_study_2/runs/luca_unc_high_mag_012/20260624_135142/images/E3_imggen_deterministic_mask.png,/home/nielsbroekhuizen/projects/my-vscode-project/outputs/case_study_2/runs/luca_unc_high_mag_012/20260624_135142/images/E3_imggen_deterministic_overlay.png,/home/nielsbroekhuizen/projects/my-vscode-project/outputs/case_study_2/runs/luca_unc_high_mag_012/20260624_135142/predictions/E3_imggen_deterministic.json,/home/nielsbroekhuizen/projects/my-vscode-project/outputs/case_study_2/runs/luca_unc_high_mag_012/20260624_135142/run_manifest.json
ImgGen overlay,luca_unc_high_mag_012,0,inside interval,14,7,15,/home/nielsbroekhuizen/projects/my-vscode-project/outputs/case_study_2/runs/luca_unc_high_mag_012/20260624_135142/images/original.jpg,/home/nielsbroekhuizen/projects/my-vscode-project/outputs/case_study_2/runs/luca_unc_high_mag_012/20260624_135142/images/E5_imggen_overlay_vlm_mask.png,/home/nielsbroekhuizen/projects/my-vscode-project/outputs/case_study_2/runs/luca_unc_high_mag_012/20260624_135142/images/E5_imggen_overlay_vlm_overlay.png,/home/nielsbroekhuizen/projects/my-vscode-project/outputs/case_study_2/runs/luca_unc_high_mag_012/20260624_135142/predictions/E5_imggen_overlay_vlm.json,/home/nielsbroekhuizen/projects/my-vscode-project/outputs/case_study_2/runs/luca_unc_high_mag_012/20260624_135142/run_manifest.json
ImgGen mask,luca_unc_high_mag_013,0,inside interval,13,10,22,/home/nielsbroekhuizen/projects/my-vscode-project/outputs/case_study_2/runs/luca_unc_high_mag_013/20260624_135434/images/original.jpg,/home/nielsbroekhuizen/projects/my-vscode-project/outputs/case_study_2/runs/luca_unc_high_mag_013/20260624_135434/images/E3_imggen_deterministic_mask.png,/home/nielsbroekhuizen/projects/my-vscode-project/outputs/case_study_2/runs/luca_unc_high_mag_013/20260624_135434/images/E3_imggen_deterministic_overlay.png,/home/nielsbroekhuizen/projects/my-vscode-project/outputs/case_study_2/runs/luca_unc_high_mag_013/20260624_135434/predictions/E3_imggen_deterministic.json,/home/nielsbroekhuizen/projects/my-vscode-project/outputs/case_study_2/runs/luca_unc_high_mag_013/20260624_135434/run_manifest.json
ImgGen overlay,luca_unc_high_mag_004,0,inside interval,21,16,55,/home/nielsbroekhuizen/projects/my-vscode-project/outputs/case_study_2/runs/luca_unc_high_mag_004/20260624_132610/images/original.jpg,/home/nielsbroekhuizen/projects/my-vscode-project/outputs/case_study_2/runs/luca_unc_high_mag_004/20260624_132610/images/E5_imggen_overlay_vlm_mask.png,/home/nielsbroekhuizen/projects/my-vscode-project/outputs/case_study_2/runs/luca_unc_high_mag_004/20260624_132610/images/E5_imggen_overlay_vlm_overlay.png,/home/nielsbroekhuizen/projects/my-vscode-project/outputs/case_study_2/runs/luca_unc_high_mag_004/20260624_132610/predictions/E5_imggen_overlay_vlm.json,/home/nielsbroekhuizen/projects/my-vscode-project/outputs/case_study_2/runs/luca_unc_high_mag_004/20260624_132610/run_manifest.json
ImgGen overlay,luca_unc_high_mag_003,0,inside interval,7,5,30,/home/nielsbroekhuizen/projects/my-vscode-project/outputs/case_study_2/runs/luca_unc_high_mag_003/20260624_132334/images/original.jpg,/home/nielsbroekhuizen/projects/my-vscode-project/outputs/case_study_2/runs/luca_unc_high_mag_003/20260624_132334/images/E5_imggen_overlay_vlm_mask.png,/home/nielsbroekhuizen/projects/my-vscode-project/outputs/case_study_2/runs/luca_unc_high_mag_003/20260624_132334/images/E5_imggen_overlay_vlm_overlay.png,/home/nielsbroekhuizen/projects/my-vscode-project/outputs/case_study_2/runs/luca_unc_high_mag_003/20260624_132334/predictions/E5_imggen_overlay_vlm.json,/home/nielsbroekhuizen/projects/my-vscode-project/outputs/case_study_2/runs/luca_unc_high_mag_003/20260624_132334/run_manifest.json
ImgGen overlay,luca_unc_high_mag_001,0,inside interval,26,8,28,/home/nielsbroekhuizen/projects/my-vscode-project/outputs/case_study_2/runs/luca_unc_high_mag_001/20260624_131429/images/original.jpg,/home/nielsbroekhuizen/projects/my-vscode-project/outputs/case_study_2/runs/luca_unc_high_mag_001/20260624_131429/images/E5_imggen_overlay_vlm_mask.png,/home/nielsbroekhuizen/projects/my-vscode-project/outputs/case_study_2/runs/luca_unc_high_mag_001/20260624_131429/images/E5_imggen_overlay_vlm_overlay.png,/home/nielsbroekhuizen/projects/my-vscode-project/outputs/case_study_2/runs/luca_unc_high_mag_001/20260624_131429/predictions/E5_imggen_overlay_vlm.json,/home/nielsbroekhuizen/projects/my-vscode-project/outputs/case_study_2/runs/luca_unc_high_mag_001/20260624_131429/run_manifest.json
ImgGen mask,luca_unc_high_mag_002,0,inside interval,10,4,14,/home/nielsbroekhuizen/projects/my-vscode-project/outputs/case_study_2/runs/luca_unc_high_mag_002/20260624_131856/images/original.jpg,/home/nielsbroekhuizen/projects/my-vscode-project/outputs/case_study_2/runs/luca_unc_high_mag_002/20260624_131856/images/E3_imggen_deterministic_mask.png,/home/nielsbroekhuizen/projects/my-vscode-project/outputs/case_study_2/runs/luca_unc_high_mag_002/20260624_131856/images/E3_imggen_deterministic_overlay.png,/home/nielsbroekhuizen/projects/my-vscode-project/outputs/case_study_2/runs/luca_unc_high_mag_002/20260624_131856/predictions/E3_imggen_deterministic.json,/home/nielsbroekhuizen/projects/my-vscode-project/outputs/case_study_2/runs/luca_unc_high_mag_002/20260624_131856/run_manifest.json
ImgGen mask,luca_unc_high_mag_004,0,inside interval,19,16,55,/home/nielsbroekhuizen/projects/my-vscode-project/outputs/case_study_2/runs/luca_unc_high_mag_004/20260624_132610/images/original.jpg,/home/nielsbroekhuizen/projects/my-vscode-project/outputs/case_study_2/runs/luca_unc_high_mag_004/20260624_132610/images/E3_imggen_deterministic_mask.png,/home/nielsbroekhuizen/projects/my-vscode-project/outputs/case_study_2/runs/luca_unc_high_mag_004/20260624_132610/images/E3_imggen_deterministic_overlay.png,/home/nielsbroekhuizen/projects/my-vscode-project/outputs/case_study_2/runs/luca_unc_high_mag_004/20260624_132610/predictions/E3_imggen_deterministic.json,/home/nielsbroekhuizen/projects/my-vscode-project/outputs/case_study_2/runs/luca_unc_high_mag_004/20260624_132610/run_manifest.json
ImgGen overlay,luca_unc_high_mag_006,0,inside interval,14,5,15,/home/nielsbroekhuizen/projects/my-vscode-project/outputs/case_study_2/runs/luca_unc_high_mag_006/20260624_133111/images/original.jpg,/home/nielsbroekhuizen/projects/my-vscode-project/outputs/case_study_2/runs/luca_unc_high_mag_006/20260624_133111/images/E5_imggen_overlay_vlm_mask.png,/home/nielsbroekhuizen/projects/my-vscode-project/outputs/case_study_2/runs/luca_unc_high_mag_006/20260624_133111/images/E5_imggen_overlay_vlm_overlay.png,/home/nielsbroekhuizen/projects/my-vscode-project/outputs/case_study_2/runs/luca_unc_high_mag_006/20260624_133111/predictions/E5_imggen_overlay_vlm.json,/home/nielsbroekhuizen/projects/my-vscode-project/outputs/case_study_2/runs/luca_unc_high_mag_006/20260624_133111/run_manifest.json
ImgGen overlay,luca_unc_high_mag_038,0,inside interval,9,3,10,/home/nielsbroekhuizen/projects/my-vscode-project/outputs/case_study_2/runs/luca_unc_high_mag_038/20260624_145616/images/original.jpg,/home/nielsbroekhuizen/projects/my-vscode-project/outputs/case_study_2/runs/luca_unc_high_mag_038/20260624_145616/images/E5_imggen_overlay_vlm_mask.png,/home/nielsbroekhuizen/projects/my-vscode-project/outputs/case_study_2/runs/luca_unc_high_mag_038/20260624_145616/images/E5_imggen_overlay_vlm_overlay.png,/home/nielsbroekhuizen/projects/my-vscode-project/outputs/case_study_2/runs/luca_unc_high_mag_038/20260624_145616/predictions/E5_imggen_overlay_vlm.json,/home/nielsbroekhuizen/projects/my-vscode-project/outputs/case_study_2/runs/luca_unc_high_mag_038/20260624_145616/run_manifest.json
ImgGen mask,luca_unc_high_mag_036,0,inside interval,8,4,9,/home/nielsbroekhuizen/projects/my-vscode-project/outputs/case_study_2/runs/luca_unc_high_mag_036/20260624_145011/images/original.jpg,/home/nielsbroekhuizen/projects/my-vscode-project/outputs/case_study_2/runs/luca_unc_high_mag_036/20260624_145011/images/E3_imggen_deterministic_mask.png,/home/nielsbroekhuizen/projects/my-vscode-project/outputs/case_study_2/runs/luca_unc_high_mag_036/20260624_145011/images/E3_imggen_deterministic_overlay.png,/home/nielsbroekhuizen/projects/my-vscode-project/outputs/case_study_2/runs/luca_unc_high_mag_036/20260624_145011/predictions/E3_imggen_deterministic.json,/home/nielsbroekhuizen/projects/my-vscode-project/outputs/case_study_2/runs/luca_unc_high_mag_036/20260624_145011/run_manifest.json
ImgGen mask,luca_unc_high_mag_038,0,inside interval,8,3,10,/home/nielsbroekhuizen/projects/my-vscode-project/outputs/case_study_2/runs/luca_unc_high_mag_038/20260624_145616/images/original.jpg,/home/nielsbroekhuizen/projects/my-vscode-project/outputs/case_study_2/runs/luca_unc_high_mag_038/20260624_145616/images/E3_imggen_deterministic_mask.png,/home/nielsbroekhuizen/projects/my-vscode-project/outputs/case_study_2/runs/luca_unc_high_mag_038/20260624_145616/images/E3_imggen_deterministic_overlay.png,/home/nielsbroekhuizen/projects/my-vscode-project/outputs/case_study_2/runs/luca_unc_high_mag_038/20260624_145616/predictions/E3_imggen_deterministic.json,/home/nielsbroekhuizen/projects/my-vscode-project/outputs/case_study_2/runs/luca_unc_high_mag_038/20260624_145616/run_manifest.json
ImgGen overlay,luca_unc_high_mag_035,0,inside interval,14,4,16,/home/nielsbroekhuizen/projects/my-vscode-project/outputs/case_study_2/runs/luca_unc_high_mag_035/20260624_144700/images/original.jpg,/home/nielsbroekhuizen/projects/my-vscode-project/outputs/case_study_2/runs/luca_unc_high_mag_035/20260624_144700/images/E5_imggen_overlay_vlm_mask.png,/home/nielsbroekhuizen/projects/my-vscode-project/outputs/case_study_2/runs/luca_unc_high_mag_035/20260624_144700/images/E5_imggen_overlay_vlm_overlay.png,/home/nielsbroekhuizen/projects/my-vscode-project/outputs/case_study_2/runs/luca_unc_high_mag_035/20260624_144700/predictions/E5_imggen_overlay_vlm.json,/home/nielsbroekhuizen/projects/my-vscode-project/outputs/case_study_2/runs/luca_unc_high_mag_035/20260624_144700/run_manifest.json
ImgGen mask,luca_unc_low_mag_001,0,inside interval,18,15,39,/home/nielsbroekhuizen/projects/my-vscode-project/outputs/case_study_2/runs/luca_unc_low_mag_001/20260624_150622/images/original.jpg,/home/nielsbroekhuizen/projects/my-vscode-project/outputs/case_study_2/runs/luca_unc_low_mag_001/20260624_150622/images/E3_imggen_deterministic_mask.png,/home/nielsbroekhuizen/projects/my-vscode-project/outputs/case_study_2/runs/luca_unc_low_mag_001/20260624_150622/images/E3_imggen_deterministic_overlay.png,/home/nielsbroekhuizen/projects/my-vscode-project/outputs/case_study_2/runs/luca_unc_low_mag_001/20260624_150622/predictions/E3_imggen_deterministic.json,/home/nielsbroekhuizen/projects/my-vscode-project/outputs/case_study_2/runs/luca_unc_low_mag_001/20260624_150622/run_manifest.json
ImgGen overlay,luca_unc_low_mag_001,0,inside interval,21,15,39,/home/nielsbroekhuizen/projects/my-vscode-project/outputs/case_study_2/runs/luca_unc_low_mag_001/20260624_150622/images/original.jpg,/home/nielsbroekhuizen/projects/my-vscode-project/outputs/case_study_2/runs/luca_unc_low_mag_001/20260624_150622/images/E5_imggen_overlay_vlm_mask.png,/home/nielsbroekhuizen/projects/my-vscode-project/outputs/case_study_2/runs/luca_unc_low_mag_001/20260624_150622/images/E5_imggen_overlay_vlm_overlay.png,/home/nielsbroekhuizen/projects/my-vscode-project/outputs/case_study_2/runs/luca_unc_low_mag_001/20260624_150622/predictions/E5_imggen_overlay_vlm.json,/home/nielsbroekhuizen/projects/my-vscode-project/outputs/case_study_2/runs/luca_unc_low_mag_001/20260624_150622/run_manifest.json
ImgGen overlay,luca_unc_high_mag_036,0,inside interval,9,4,9,/home/nielsbroekhuizen/projects/my-vscode-project/outputs/case_study_2/runs/luca_unc_high_mag_036/20260624_145011/images/original.jpg,/home/nielsbroekhuizen/projects/my-vscode-project/outputs/case_study_2/runs/luca_unc_high_mag_036/20260624_145011/images/E5_imggen_overlay_vlm_mask.png,/home/nielsbroekhuizen/projects/my-vscode-project/outputs/case_study_2/runs/luca_unc_high_mag_036/20260624_145011/images/E5_imggen_overlay_vlm_overlay.png,/home/nielsbroekhuizen/projects/my-vscode-project/outputs/case_study_2/runs/luca_unc_high_mag_036/20260624_145011/predictions/E5_imggen_overlay_vlm.json,/home/nielsbroekhuizen/projects/my-vscode-project/outputs/case_study_2/runs/luca_unc_high_mag_036/20260624_145011/run_manifest.json
ImgGen overlay,luca_unc_low_mag_016,0,inside interval,12,3,14,/home/nielsbroekhuizen/projects/my-vscode-project/outputs/case_study_2/runs/luca_unc_low_mag_016/20260627_135616/images/original.jpg,/home/nielsbroekhuizen/projects/my-vscode-project/outputs/case_study_2/runs/luca_unc_low_mag_016/20260627_135616/images/E5_imggen_overlay_vlm_mask.png,/home/nielsbroekhuizen/projects/my-vscode-project/outputs/case_study_2/runs/luca_unc_low_mag_016/20260627_135616/images/E5_imggen_overlay_vlm_overlay.png,/home/nielsbroekhuizen/projects/my-vscode-project/outputs/case_study_2/runs/luca_unc_low_mag_016/20260627_135616/predictions/E5_imggen_overlay_vlm.json,/home/nielsbroekhuizen/projects/my-vscode-project/outputs/case_study_2/runs/luca_unc_low_mag_016/20260627_135616/run_manifest.json
ImgGen overlay,luca_unc_low_mag_011,0,inside interval,2,1,3,/home/nielsbroekhuizen/projects/my-vscode-project/outputs/case_study_2/runs/luca_unc_low_mag_011/20260627_133012/images/original.jpg,/home/nielsbroekhuizen/projects/my-vscode-project/outputs/case_study_2/runs/luca_unc_low_mag_011/20260627_133012/images/E5_imggen_overlay_vlm_mask.png,/home/nielsbroekhuizen/projects/my-vscode-project/outputs/case_study_2/runs/luca_unc_low_mag_011/20260627_133012/images/E5_imggen_overlay_vlm_overlay.png,/home/nielsbroekhuizen/projects/my-vscode-project/outputs/case_study_2/runs/luca_unc_low_mag_011/20260627_133012/predictions/E5_imggen_overlay_vlm.json,/home/nielsbroekhuizen/projects/my-vscode-project/outputs/case_study_2/runs/luca_unc_low_mag_011/20260627_133012/run_manifest.json
ImgGen mask,luca_unc_low_mag_011,0,inside interval,2,1,3,/home/nielsbroekhuizen/projects/my-vscode-project/outputs/case_study_2/runs/luca_unc_low_mag_011/20260624_155559/images/original.jpg,/home/nielsbroekhuizen/projects/my-vscode-project/outputs/case_study_2/runs/luca_unc_low_mag_011/20260624_155559/images/E3_imggen_deterministic_mask.png,/home/nielsbroekhuizen/projects/my-vscode-project/outputs/case_study_2/runs/luca_unc_low_mag_011/20260624_155559/images/E3_imggen_deterministic_overlay.png,/home/nielsbroekhuizen/projects/my-vscode-project/outputs/case_study_2/runs/luca_unc_low_mag_011/20260624_155559/predictions/E3_imggen_deterministic.json,/home/nielsbroekhuizen/projects/my-vscode-project/outputs/case_study_2/runs/luca_unc_low_mag_011/20260624_155559/run_manifest.json
ImgGen overlay,luca_unc_low_mag_013,0,inside interval,2,2,5,/home/nielsbroekhuizen/projects/my-vscode-project/outputs/case_study_2/runs/luca_unc_low_mag_013/20260627_134555/images/original.jpg,/home/nielsbroekhuizen/projects/my-vscode-project/outputs/case_study_2/runs/luca_unc_low_mag_013/20260627_134555/images/E5_imggen_overlay_vlm_mask.png,/home/nielsbroekhuizen/projects/my-vscode-project/outputs/case_study_2/runs/luca_unc_low_mag_013/20260627_134555/images/E5_imggen_overlay_vlm_overlay.png,/home/nielsbroekhuizen/projects/my-vscode-project/outputs/case_study_2/runs/luca_unc_low_mag_013/20260627_134555/predictions/E5_imggen_overlay_vlm.json,/home/nielsbroekhuizen/projects/my-vscode-project/outputs/case_study_2/runs/luca_unc_low_mag_013/20260627_134555/run_manifest.json
ImgGen overlay,luca_unc_low_mag_004,0,inside interval,10,4,12,/home/nielsbroekhuizen/projects/my-vscode-project/outputs/case_study_2/runs/luca_unc_low_mag_004/20260624_152118/images/original.jpg,/home/nielsbroekhuizen/projects/my-vscode-project/outputs/case_study_2/runs/luca_unc_low_mag_004/20260624_152118/images/E5_imggen_overlay_vlm_mask.png,/home/nielsbroekhuizen/projects/my-vscode-project/outputs/case_study_2/runs/luca_unc_low_mag_004/20260624_152118/images/E5_imggen_overlay_vlm_overlay.png,/home/nielsbroekhuizen/projects/my-vscode-project/outputs/case_study_2/runs/luca_unc_low_mag_004/20260624_152118/predictions/E5_imggen_overlay_vlm.json,/home/nielsbroekhuizen/projects/my-vscode-project/outputs/case_study_2/runs/luca_unc_low_mag_004/20260624_152118/run_manifest.json
ImgGen overlay,luca_unc_low_mag_000,0,inside interval,28,5,28,/home/nielsbroekhuizen/projects/my-vscode-project/outputs/case_study_2/runs/luca_unc_low_mag_000/20260624_150227/images/original.jpg,/home/nielsbroekhuizen/projects/my-vscode-project/outputs/case_study_2/runs/luca_unc_low_mag_000/20260624_150227/images/E5_imggen_overlay_vlm_mask.png,/home/nielsbroekhuizen/projects/my-vscode-project/outputs/case_study_2/runs/luca_unc_low_mag_000/20260624_150227/images/E5_imggen_overlay_vlm_overlay.png,/home/nielsbroekhuizen/projects/my-vscode-project/outputs/case_study_2/runs/luca_unc_low_mag_000/20260624_150227/predictions/E5_imggen_overlay_vlm.json,/home/nielsbroekhuizen/projects/my-vscode-project/outputs/case_study_2/runs/luca_unc_low_mag_000/20260624_150227/run_manifest.json
ImgGen mask,luca_unc_high_mag_033,0,inside interval,9,6,18,/home/nielsbroekhuizen/projects/my-vscode-project/outputs/case_study_2/runs/luca_unc_high_mag_033/20260624_144425/images/original.jpg,/home/nielsbroekhuizen/projects/my-vscode-project/outputs/case_study_2/runs/luca_unc_high_mag_033/20260624_144425/images/E3_imggen_deterministic_mask.png,/home/nielsbroekhuizen/projects/my-vscode-project/outputs/case_study_2/runs/luca_unc_high_mag_033/20260624_144425/images/E3_imggen_deterministic_overlay.png,/home/nielsbroekhuizen/projects/my-vscode-project/outputs/case_study_2/runs/luca_unc_high_mag_033/20260624_144425/predictions/E3_imggen_deterministic.json,/home/nielsbroekhuizen/projects/my-vscode-project/outputs/case_study_2/runs/luca_unc_high_mag_033/20260624_144425/run_manifest.json
ImgGen mask,luca_unc_high_mag_035,0,inside interval,15,4,16,/home/nielsbroekhuizen/projects/my-vscode-project/outputs/case_study_2/runs/luca_unc_high_mag_035/20260624_144700/images/original.jpg,/home/nielsbroekhuizen/projects/my-vscode-project/outputs/case_study_2/runs/luca_unc_high_mag_035/20260624_144700/images/E3_imggen_deterministic_mask.png,/home/nielsbroekhuizen/projects/my-vscode-project/outputs/case_study_2/runs/luca_unc_high_mag_035/20260624_144700/images/E3_imggen_deterministic_overlay.png,/home/nielsbroekhuizen/projects/my-vscode-project/outputs/case_study_2/runs/luca_unc_high_mag_035/20260624_144700/predictions/E3_imggen_deterministic.json,/home/nielsbroekhuizen/projects/my-vscode-project/outputs/case_study_2/runs/luca_unc_high_mag_035/20260624_144700/run_manifest.json
ImgGen overlay,luca_unc_low_mag_028,0,inside interval,58,25,84,/home/nielsbroekhuizen/projects/my-vscode-project/outputs/case_study_2/runs/luca_unc_low_mag_028/20260624_162616/images/original.jpg,/home/nielsbroekhuizen/projects/my-vscode-project/outputs/case_study_2/runs/luca_unc_low_mag_028/20260624_162616/images/E5_imggen_overlay_vlm_mask.png,/home/nielsbroekhuizen/projects/my-vscode-project/outputs/case_study_2/runs/luca_unc_low_mag_028/20260624_162616/images/E5_imggen_overlay_vlm_overlay.png,/home/nielsbroekhuizen/projects/my-vscode-project/outputs/case_study_2/runs/luca_unc_low_mag_028/20260624_162616/predictions/E5_imggen_overlay_vlm.json,/home/nielsbroekhuizen/projects/my-vscode-project/outputs/case_study_2/runs/luca_unc_low_mag_028/20260624_162616/run_manifest.json
ImgGen mask,luca_unc_low_mag_028,0,inside interval,52,25,84,/home/nielsbroekhuizen/projects/my-vscode-project/outputs/case_study_2/runs/luca_unc_low_mag_028/20260624_162616/images/original.jpg,/home/nielsbroekhuizen/projects/my-vscode-project/outputs/case_study_2/runs/luca_unc_low_mag_028/20260624_162616/images/E3_imggen_deterministic_mask.png,/home/nielsbroekhuizen/projects/my-vscode-project/outputs/case_study_2/runs/luca_unc_low_mag_028/20260624_162616/images/E3_imggen_deterministic_overlay.png,/home/nielsbroekhuizen/projects/my-vscode-project/outputs/case_study_2/runs/luca_unc_low_mag_028/20260624_162616/predictions/E3_imggen_deterministic.json,/home/nielsbroekhuizen/projects/my-vscode-project/outputs/case_study_2/runs/luca_unc_low_mag_028/20260624_162616/run_manifest.json
ImgGen mask,luca_unc_low_mag_030,0,inside interval,65,51,123,/home/nielsbroekhuizen/projects/my-vscode-project/outputs/case_study_2/runs/luca_unc_low_mag_030/20260624_163538/images/original.jpg,/home/nielsbroekhuizen/projects/my-vscode-project/outputs/case_study_2/runs/luca_unc_low_mag_030/20260624_163538/images/E3_imggen_deterministic_mask.png,/home/nielsbroekhuizen/projects/my-vscode-project/outputs/case_study_2/runs/luca_unc_low_mag_030/20260624_163538/images/E3_imggen_deterministic_overlay.png,/home/nielsbroekhuizen/projects/my-vscode-project/outputs/case_study_2/runs/luca_unc_low_mag_030/20260624_163538/predictions/E3_imggen_deterministic.json,/home/nielsbroekhuizen/projects/my-vscode-project/outputs/case_study_2/runs/luca_unc_low_mag_030/20260624_163538/run_manifest.json
ImgGen overlay,luca_unc_low_mag_030,0,inside interval,74,51,123,/home/nielsbroekhuizen/projects/my-vscode-project/outputs/case_study_2/runs/luca_unc_low_mag_030/20260624_163538/images/original.jpg,/home/nielsbroekhuizen/projects/my-vscode-project/outputs/case_study_2/runs/luca_unc_low_mag_030/20260624_163538/images/E5_imggen_overlay_vlm_mask.png,/home/nielsbroekhuizen/projects/my-vscode-project/outputs/case_study_2/runs/luca_unc_low_mag_030/20260624_163538/images/E5_imggen_overlay_vlm_overlay.png,/home/nielsbroekhuizen/projects/my-vscode-project/outputs/case_study_2/runs/luca_unc_low_mag_030/20260624_163538/predictions/E5_imggen_overlay_vlm.json,/home/nielsbroekhuizen/projects/my-vscode-project/outputs/case_study_2/runs/luca_unc_low_mag_030/20260624_163538/run_manifest.json
ImgGen mask,luca_unc_low_mag_023,0,inside interval,22,11,31,/home/nielsbroekhuizen/projects/my-vscode-project/outputs/case_study_2/runs/luca_unc_low_mag_023/20260624_160738/images/original.jpg,/home/nielsbroekhuizen/projects/my-vscode-project/outputs/case_study_2/runs/luca_unc_low_mag_023/20260624_160738/images/E3_imggen_deterministic_mask.png,/home/nielsbroekhuizen/projects/my-vscode-project/outputs/case_study_2/runs/luca_unc_low_mag_023/20260624_160738/images/E3_imggen_deterministic_overlay.png,/home/nielsbroekhuizen/projects/my-vscode-project/outputs/case_study_2/runs/luca_unc_low_mag_023/20260624_160738/predictions/E3_imggen_deterministic.json,/home/nielsbroekhuizen/projects/my-vscode-project/outputs/case_study_2/runs/luca_unc_low_mag_023/20260624_160738/run_manifest.json
ImgGen overlay,luca_unc_low_mag_023,0,inside interval,12,11,31,/home/nielsbroekhuizen/projects/my-vscode-project/outputs/case_study_2/runs/luca_unc_low_mag_023/20260627_143826/images/original.jpg,/home/nielsbroekhuizen/projects/my-vscode-project/outputs/case_study_2/runs/luca_unc_low_mag_023/20260627_143826/images/E5_imggen_overlay_vlm_mask.png,/home/nielsbroekhuizen/projects/my-vscode-project/outputs/case_study_2/runs/luca_unc_low_mag_023/20260627_143826/images/E5_imggen_overlay_vlm_overlay.png,/home/nielsbroekhuizen/projects/my-vscode-project/outputs/case_study_2/runs/luca_unc_low_mag_023/20260627_143826/predictions/E5_imggen_overlay_vlm.json,/home/nielsbroekhuizen/projects/my-vscode-project/outputs/case_study_2/runs/luca_unc_low_mag_023/20260627_143826/run_manifest.json
ImgGen mask,luca_unc_low_mag_025,0,inside interval,23,11,25,/home/nielsbroekhuizen/projects/my-vscode-project/outputs/case_study_2/runs/luca_unc_low_mag_025/20260624_160921/images/original.jpg,/home/nielsbroekhuizen/projects/my-vscode-project/outputs/case_study_2/runs/luca_unc_low_mag_025/20260624_160921/images/E3_imggen_deterministic_mask.png,/home/nielsbroekhuizen/projects/my-vscode-project/outputs/case_study_2/runs/luca_unc_low_mag_025/20260624_160921/images/E3_imggen_deterministic_overlay.png,/home/nielsbroekhuizen/projects/my-vscode-project/outputs/case_study_2/runs/luca_unc_low_mag_025/20260624_160921/predictions/E3_imggen_deterministic.json,/home/nielsbroekhuizen/projects/my-vscode-project/outputs/case_study_2/runs/luca_unc_low_mag_025/20260624_160921/run_manifest.json
ImgGen overlay,luca_unc_low_mag_036,0,inside interval,50,44,111,/home/nielsbroekhuizen/projects/my-vscode-project/outputs/case_study_2/runs/luca_unc_low_mag_036/20260624_171553/images/original.jpg,/home/nielsbroekhuizen/projects/my-vscode-project/outputs/case_study_2/runs/luca_unc_low_mag_036/20260624_171553/images/E5_imggen_overlay_vlm_mask.png,/home/nielsbroekhuizen/projects/my-vscode-project/outputs/case_study_2/runs/luca_unc_low_mag_036/20260624_171553/images/E5_imggen_overlay_vlm_overlay.png,/home/nielsbroekhuizen/projects/my-vscode-project/outputs/case_study_2/runs/luca_unc_low_mag_036/20260624_171553/predictions/E5_imggen_overlay_vlm.json,/home/nielsbroekhuizen/projects/my-vscode-project/outputs/case_study_2/runs/luca_unc_low_mag_036/20260624_171553/run_manifest.json
ImgGen overlay,luca_unc_low_mag_042,0,inside interval,47,31,82,/home/nielsbroekhuizen/projects/my-vscode-project/outputs/case_study_2/runs/luca_unc_low_mag_042/20260624_175643/images/original.jpg,/home/nielsbroekhuizen/projects/my-vscode-project/outputs/case_study_2/runs/luca_unc_low_mag_042/20260624_175643/images/E5_imggen_overlay_vlm_mask.png,/home/nielsbroekhuizen/projects/my-vscode-project/outputs/case_study_2/runs/luca_unc_low_mag_042/20260624_175643/images/E5_imggen_overlay_vlm_overlay.png,/home/nielsbroekhuizen/projects/my-vscode-project/outputs/case_study_2/runs/luca_unc_low_mag_042/20260624_175643/predictions/E5_imggen_overlay_vlm.json,/home/nielsbroekhuizen/projects/my-vscode-project/outputs/case_study_2/runs/luca_unc_low_mag_042/20260624_175643/run_manifest.json
ImgGen mask,luca_unc_low_mag_042,0,inside interval,42,31,82,/home/nielsbroekhuizen/projects/my-vscode-project/outputs/case_study_2/runs/luca_unc_low_mag_042/20260624_175643/images/original.jpg,/home/nielsbroekhuizen/projects/my-vscode-project/outputs/case_study_2/runs/luca_unc_low_mag_042/20260624_175643/images/E3_imggen_deterministic_mask.png,/home/nielsbroekhuizen/projects/my-vscode-project/outputs/case_study_2/runs/luca_unc_low_mag_042/20260624_175643/images/E3_imggen_deterministic_overlay.png,/home/nielsbroekhuizen/projects/my-vscode-project/outputs/case_study_2/runs/luca_unc_low_mag_042/20260624_175643/predictions/E3_imggen_deterministic.json,/home/nielsbroekhuizen/projects/my-vscode-project/outputs/case_study_2/runs/luca_unc_low_mag_042/20260624_175643/run_manifest.json
ImgGen overlay,luca_unc_low_mag_041,0,inside interval,64,38,89,/home/nielsbroekhuizen/projects/my-vscode-project/outputs/case_study_2/runs/luca_unc_low_mag_041/20260624_174917/images/original.jpg,/home/nielsbroekhuizen/projects/my-vscode-project/outputs/case_study_2/runs/luca_unc_low_mag_041/20260624_174917/images/E5_imggen_overlay_vlm_mask.png,/home/nielsbroekhuizen/projects/my-vscode-project/outputs/case_study_2/runs/luca_unc_low_mag_041/20260624_174917/images/E5_imggen_overlay_vlm_overlay.png,/home/nielsbroekhuizen/projects/my-vscode-project/outputs/case_study_2/runs/luca_unc_low_mag_041/20260624_174917/predictions/E5_imggen_overlay_vlm.json,/home/nielsbroekhuizen/projects/my-vscode-project/outputs/case_study_2/runs/luca_unc_low_mag_041/20260624_174917/run_manifest.json
ImgGen mask,luca_unc_low_mag_041,0,inside interval,58,38,89,/home/nielsbroekhuizen/projects/my-vscode-project/outputs/case_study_2/runs/luca_unc_low_mag_041/20260624_174917/images/original.jpg,/home/nielsbroekhuizen/projects/my-vscode-project/outputs/case_study_2/runs/luca_unc_low_mag_041/20260624_174917/images/E3_imggen_deterministic_mask.png,/home/nielsbroekhuizen/projects/my-vscode-project/outputs/case_study_2/runs/luca_unc_low_mag_041/20260624_174917/images/E3_imggen_deterministic_overlay.png,/home/nielsbroekhuizen/projects/my-vscode-project/outputs/case_study_2/runs/luca_unc_low_mag_041/20260624_174917/predictions/E3_imggen_deterministic.json,/home/nielsbroekhuizen/projects/my-vscode-project/outputs/case_study_2/runs/luca_unc_low_mag_041/20260624_174917/run_manifest.json
ImgGen overlay,luca_unc_low_mag_039,0,inside interval,34,26,61,/home/nielsbroekhuizen/projects/my-vscode-project/outputs/case_study_2/runs/luca_unc_low_mag_039/20260624_173951/images/original.jpg,/home/nielsbroekhuizen/projects/my-vscode-project/outputs/case_study_2/runs/luca_unc_low_mag_039/20260624_173951/images/E5_imggen_overlay_vlm_mask.png,/home/nielsbroekhuizen/projects/my-vscode-project/outputs/case_study_2/runs/luca_unc_low_mag_039/20260624_173951/images/E5_imggen_overlay_vlm_overlay.png,/home/nielsbroekhuizen/projects/my-vscode-project/outputs/case_study_2/runs/luca_unc_low_mag_039/20260624_173951/predictions/E5_imggen_overlay_vlm.json,/home/nielsbroekhuizen/projects/my-vscode-project/outputs/case_study_2/runs/luca_unc_low_mag_039/20260624_173951/run_manifest.json
ImgGen mask,luca_unc_low_mag_036,0,inside interval,59,44,111,/home/nielsbroekhuizen/projects/my-vscode-project/outputs/case_study_2/runs/luca_unc_low_mag_036/20260624_171553/images/original.jpg,/home/nielsbroekhuizen/projects/my-vscode-project/outputs/case_study_2/runs/luca_unc_low_mag_036/20260624_171553/images/E3_imggen_deterministic_mask.png,/home/nielsbroekhuizen/projects/my-vscode-project/outputs/case_study_2/runs/luca_unc_low_mag_036/20260624_171553/images/E3_imggen_deterministic_overlay.png,/home/nielsbroekhuizen/projects/my-vscode-project/outputs/case_study_2/runs/luca_unc_low_mag_036/20260624_171553/predictions/E3_imggen_deterministic.json,/home/nielsbroekhuizen/projects/my-vscode-project/outputs/case_study_2/runs/luca_unc_low_mag_036/20260624_171553/run_manifest.json
ImgGen overlay,luca_unc_low_mag_037,0,inside interval,52,50,121,/home/nielsbroekhuizen/projects/my-vscode-project/outputs/case_study_2/runs/luca_unc_low_mag_037/20260624_172315/images/original.jpg,/home/nielsbroekhuizen/projects/my-vscode-project/outputs/case_study_2/runs/luca_unc_low_mag_037/20260624_172315/images/E5_imggen_overlay_vlm_mask.png,/home/nielsbroekhuizen/projects/my-vscode-project/outputs/case_study_2/runs/luca_unc_low_mag_037/20260624_172315/images/E5_imggen_overlay_vlm_overlay.png,/home/nielsbroekhuizen/projects/my-vscode-project/outputs/case_study_2/runs/luca_unc_low_mag_037/20260624_172315/predictions/E5_imggen_overlay_vlm.json,/home/nielsbroekhuizen/projects/my-vscode-project/outputs/case_study_2/runs/luca_unc_low_mag_037/20260624_172315/run_manifest.json
ImgGen mask,luca_unc_low_mag_037,0,inside interval,51,50,121,/home/nielsbroekhuizen/projects/my-vscode-project/outputs/case_study_2/runs/luca_unc_low_mag_037/20260624_172315/images/original.jpg,/home/nielsbroekhuizen/projects/my-vscode-project/outputs/case_study_2/runs/luca_unc_low_mag_037/20260624_172315/images/E3_imggen_deterministic_mask.png,/home/nielsbroekhuizen/projects/my-vscode-project/outputs/case_study_2/runs/luca_unc_low_mag_037/20260624_172315/images/E3_imggen_deterministic_overlay.png,/home/nielsbroekhuizen/projects/my-vscode-project/outputs/case_study_2/runs/luca_unc_low_mag_037/20260624_172315/predictions/E3_imggen_deterministic.json,/home/nielsbroekhuizen/projects/my-vscode-project/outputs/case_study_2/runs/luca_unc_low_mag_037/20260624_172315/run_manifest.json
ImgGen mask,luca_unc_low_mag_043,0,inside interval,43,27,90,/home/nielsbroekhuizen/projects/my-vscode-project/outputs/case_study_2/runs/luca_unc_low_mag_043/20260624_180209/images/original.jpg,/home/nielsbroekhuizen/projects/my-vscode-project/outputs/case_study_2/runs/luca_unc_low_mag_043/20260624_180209/images/E3_imggen_deterministic_mask.png,/home/nielsbroekhuizen/projects/my-vscode-project/outputs/case_study_2/runs/luca_unc_low_mag_043/20260624_180209/images/E3_imggen_deterministic_overlay.png,/home/nielsbroekhuizen/projects/my-vscode-project/outputs/case_study_2/runs/luca_unc_low_mag_043/20260624_180209/predictions/E3_imggen_deterministic.json,/home/nielsbroekhuizen/projects/my-vscode-project/outputs/case_study_2/runs/luca_unc_low_mag_043/20260624_180209/run_manifest.json
ImgGen overlay,luca_unc_low_mag_043,0,inside interval,43,27,90,/home/nielsbroekhuizen/projects/my-vscode-project/outputs/case_study_2/runs/luca_unc_low_mag_043/20260624_180209/images/original.jpg,/home/nielsbroekhuizen/projects/my-vscode-project/outputs/case_study_2/runs/luca_unc_low_mag_043/20260624_180209/images/E5_imggen_overlay_vlm_mask.png,/home/nielsbroekhuizen/projects/my-vscode-project/outputs/case_study_2/runs/luca_unc_low_mag_043/20260624_180209/images/E5_imggen_overlay_vlm_overlay.png,/home/nielsbroekhuizen/projects/my-vscode-project/outputs/case_study_2/runs/luca_unc_low_mag_043/20260624_180209/predictions/E5_imggen_overlay_vlm.json,/home/nielsbroekhuizen/projects/my-vscode-project/outputs/case_study_2/runs/luca_unc_low_mag_043/20260624_180209/run_manifest.json
ImgGen mask,luca_unc_low_mag_044,0,inside interval,67,50,184,/home/nielsbroekhuizen/projects/my-vscode-project/outputs/case_study_2/runs/luca_unc_low_mag_044/20260624_180624/images/original.jpg,/home/nielsbroekhuizen/projects/my-vscode-project/outputs/case_study_2/runs/luca_unc_low_mag_044/20260624_180624/images/E3_imggen_deterministic_mask.png,/home/nielsbroekhuizen/projects/my-vscode-project/outputs/case_study_2/runs/luca_unc_low_mag_044/20260624_180624/images/E3_imggen_deterministic_overlay.png,/home/nielsbroekhuizen/projects/my-vscode-project/outputs/case_study_2/runs/luca_unc_low_mag_044/20260624_180624/predictions/E3_imggen_deterministic.json,/home/nielsbroekhuizen/projects/my-vscode-project/outputs/case_study_2/runs/luca_unc_low_mag_044/20260624_180624/run_manifest.json
ImgGen overlay,luca_unc_low_mag_044,0,inside interval,61,50,184,/home/nielsbroekhuizen/projects/my-vscode-project/outputs/case_study_2/runs/luca_unc_low_mag_044/20260624_180624/images/original.jpg,/home/nielsbroekhuizen/projects/my-vscode-project/outputs/case_study_2/runs/luca_unc_low_mag_044/20260624_180624/images/E5_imggen_overlay_vlm_mask.png,/home/nielsbroekhuizen/projects/my-vscode-project/outputs/case_study_2/runs/luca_unc_low_mag_044/20260624_180624/images/E5_imggen_overlay_vlm_overlay.png,/home/nielsbroekhuizen/projects/my-vscode-project/outputs/case_study_2/runs/luca_unc_low_mag_044/20260624_180624/predictions/E5_imggen_overlay_vlm.json,/home/nielsbroekhuizen/projects/my-vscode-project/outputs/case_study_2/runs/luca_unc_low_mag_044/20260624_180624/run_manifest.json
ImgGen overlay,luca_unc_low_mag_048,0,inside interval,72,11,77,/home/nielsbroekhuizen/projects/my-vscode-project/outputs/case_study_2/runs/luca_unc_low_mag_048/20260624_183003/images/original.jpg,/home/nielsbroekhuizen/projects/my-vscode-project/outputs/case_study_2/runs/luca_unc_low_mag_048/20260624_183003/images/E5_imggen_overlay_vlm_mask.png,/home/nielsbroekhuizen/projects/my-vscode-project/outputs/case_study_2/runs/luca_unc_low_mag_048/20260624_183003/images/E5_imggen_overlay_vlm_overlay.png,/home/nielsbroekhuizen/projects/my-vscode-project/outputs/case_study_2/runs/luca_unc_low_mag_048/20260624_183003/predictions/E5_imggen_overlay_vlm.json,/home/nielsbroekhuizen/projects/my-vscode-project/outputs/case_study_2/runs/luca_unc_low_mag_048/20260624_183003/run_manifest.json
ImgGen mask,luca_unc_low_mag_048,0,inside interval,74,11,77,/home/nielsbroekhuizen/projects/my-vscode-project/outputs/case_study_2/runs/luca_unc_low_mag_048/20260624_183003/images/original.jpg,/home/nielsbroekhuizen/projects/my-vscode-project/outputs/case_study_2/runs/luca_unc_low_mag_048/20260624_183003/images/E3_imggen_deterministic_mask.png,/home/nielsbroekhuizen/projects/my-vscode-project/outputs/case_study_2/runs/luca_unc_low_mag_048/20260624_183003/images/E3_imggen_deterministic_overlay.png,/home/nielsbroekhuizen/projects/my-vscode-project/outputs/case_study_2/runs/luca_unc_low_mag_048/20260624_183003/predictions/E3_imggen_deterministic.json,/home/nielsbroekhuizen/projects/my-vscode-project/outputs/case_study_2/runs/luca_unc_low_mag_048/20260624_183003/run_manifest.json
ImgGen overlay,luca_unc_low_mag_049,0,inside interval,43,22,76,/home/nielsbroekhuizen/projects/my-vscode-project/outputs/case_study_2/runs/luca_unc_low_mag_049/20260624_183718/images/original.jpg,/home/nielsbroekhuizen/projects/my-vscode-project/outputs/case_study_2/runs/luca_unc_low_mag_049/20260624_183718/images/E5_imggen_overlay_vlm_mask.png,/home/nielsbroekhuizen/projects/my-vscode-project/outputs/case_study_2/runs/luca_unc_low_mag_049/20260624_183718/images/E5_imggen_overlay_vlm_overlay.png,/home/nielsbroekhuizen/projects/my-vscode-project/outputs/case_study_2/runs/luca_unc_low_mag_049/20260624_183718/predictions/E5_imggen_overlay_vlm.json,/home/nielsbroekhuizen/projects/my-vscode-project/outputs/case_study_2/runs/luca_unc_low_mag_049/20260624_183718/run_manifest.json
ImgGen mask,luca_unc_low_mag_049,0,inside interval,39,22,76,/home/nielsbroekhuizen/projects/my-vscode-project/outputs/case_study_2/runs/luca_unc_low_mag_049/20260624_183718/images/original.jpg,/home/nielsbroekhuizen/projects/my-vscode-project/outputs/case_study_2/runs/luca_unc_low_mag_049/20260624_183718/images/E3_imggen_deterministic_mask.png,/home/nielsbroekhuizen/projects/my-vscode-project/outputs/case_study_2/runs/luca_unc_low_mag_049/20260624_183718/images/E3_imggen_deterministic_overlay.png,/home/nielsbroekhuizen/projects/my-vscode-project/outputs/case_study_2/runs/luca_unc_low_mag_049/20260624_183718/predictions/E3_imggen_deterministic.json,/home/nielsbroekhuizen/projects/my-vscode-project/outputs/case_study_2/runs/luca_unc_low_mag_049/20260624_183718/run_manifest.json
